Period,MatchClock,Timestamp,EventType,TeamStrengthType,TeamStrength,HomeGoalieOnIce,AwayGoalieOnIce,EventPosition,EventStartCoordinate,EventEndCoordinate,EventPrimaryPlayerId,EventPrimaryPlayerName,EventPrimaryTeam,EventSecondaryPlayerId,EventSecondaryPlayerName,EventSecondaryTeam,FaceoffSpot,ShotResult,ShotSpeed,ShotScreeningPlayerIds,ShotXG,GoalAssist1Id,GoalAssist2Id,PassResult,PassSpeed,BluelineCrossingResult,BluelineCrossingDirection,BluelineCrossingAttackerIds,BluelineCrossingDefenderIds,DumpResult,DumpType,DumpAlongTheBoards,ClearType,ClearAlongTheBoards,PuckControlState,PuckControlStartZone,PuckControlEndZone,PuckControlContestingPlayerIds,StoppageOfPlayReason,PenaltyReason,ParticipatingPlayerIds,StartPlayerId1,StartPlayerId2,StartPlayerId3,StartPlayerId4,StartPlayerId5,StartPlayerId6,StartPlayerId7,StartPlayerId8,StartPlayerId9,StartPlayerId10,StartPlayerId11,StartPlayerId12,StartPlayerName1,StartPlayerName2,StartPlayerName3,StartPlayerName4,StartPlayerName5,StartPlayerName6,StartPlayerName7,StartPlayerName8,StartPlayerName9,StartPlayerName10,StartPlayerName11,StartPlayerName12,StartPlayerTeam1,StartPlayerTeam2,StartPlayerTeam3,StartPlayerTeam4,StartPlayerTeam5,StartPlayerTeam6,StartPlayerTeam7,StartPlayerTeam8,StartPlayerTeam9,StartPlayerTeam10,StartPlayerTeam11,StartPlayerTeam12,StartPlayerCoordinates1,StartPlayerCoordinates2,StartPlayerCoordinates3,StartPlayerCoordinates4,StartPlayerCoordinates5,StartPlayerCoordinates6,StartPlayerCoordinates7,StartPlayerCoordinates8,StartPlayerCoordinates9,StartPlayerCoordinates10,StartPlayerCoordinates11,StartPlayerCoordinates12,StartPlayerVelocity1,StartPlayerVelocity2,StartPlayerVelocity3,StartPlayerVelocity4,StartPlayerVelocity5,StartPlayerVelocity6,StartPlayerVelocity7,StartPlayerVelocity8,StartPlayerVelocity9,StartPlayerVelocity10,StartPlayerVelocity11,StartPlayerVelocity12,StartPlayerDirection1,StartPlayerDirection2,StartPlayerDirection3,StartPlayerDirection4,StartPlayerDirection5,StartPlayerDirection6,StartPlayerDirection7,StartPlayerDirection8,StartPlayerDirection9,StartPlayerDirection10,StartPlayerDirection11,StartPlayerDirection12,strength_type_state,is_powerplay,pp_start,pp_phase_id
1,927,1767181154680,Faceoff,HomePowerplay,5v4,True,True,AwayTeamZone,,,345037.0,#15 Simon Ryfors,Away,345037.0,#15 Simon Ryfors,Away,AwayTeamZoneBottom,,,,,,,,,,,,,,,,,,,,,,,,345037,150983.0,340162.0,153736.0,888057861.0,345037.0,888057597.0,888057617.0,888057609.0,888057601.0,888057600.0,888057613.0,,#29 Sandro Aeschlimann,#6 Klas Dahlbeck,#38 Lukas Frick,#47 Leonid Komarov,#15 Simon Ryfors,#30 Adam Gajan,#19 Quinn Finley,#13 T.J. Hughes,#23 Eric Pohlkamp,#4 Jake Livanavage,#27 Zam Plante,,Away,Away,Away,Away,Away,Home,Home,Home,Home,Home,Home,,"25.4,-1","21,-10.6","22.8,-2.9","20.9,-3.1","21,-7.4","-26.6,-0.2","19.9,-2.7","20.2,-6.4","14.2,-4.1","13.1,-11.9","19,-10.4",,,,,,,,,,,,,,,,,,,,,,,,,,HomePowerplay,True,True,2.0
1,928,1767181155100,PuckControl,HomePowerplay,5v4,True,True,AwayTeamZone,"21.8,-8.8","27.4,-7",,,,,,,,,,,,,,,,,,,,,,,,,Loose,HomeTeamZone,HomeTeamZone,,,,,150983.0,340162.0,153736.0,888057861.0,345037.0,888057597.0,888057617.0,888057609.0,888057601.0,888057600.0,888057613.0,,#29 Sandro Aeschlimann,#6 Klas Dahlbeck,#38 Lukas Frick,#47 Leonid Komarov,#15 Simon Ryfors,#30 Adam Gajan,#19 Quinn Finley,#13 T.J. Hughes,#23 Eric Pohlkamp,#4 Jake Livanavage,#27 Zam Plante,,Away,Away,Away,Away,Away,Home,Home,Home,Home,Home,Home,,"25.5,-1","21.1,-10.1","23.3,-3.6","20.7,-4","20.9,-7.7","-26.2,0","20.1,-3.4","20.2,-6.4","14,-3.4","13.1,-11.7","19.3,-9.7",,,,,,,,,,,,,,,,,,,,,,,,,,HomePowerplay,True,False,2.0
1,929,1767181156040,PuckControl,HomePowerplay,5v4,True,True,AwayTeamZone,"27.4,-7","28.2,-12.5",153736.0,#38 Lukas Frick,Away,,,,,,,,,,,,,,,,,,,,,,AwayControl,HomeTeamZone,HomeTeamZone,,,,153736,150983.0,340162.0,153736.0,888057861.0,345037.0,888057597.0,888057617.0,888057609.0,888057601.0,888057600.0,888057613.0,,#29 Sandro Aeschlimann,#6 Klas Dahlbeck,#38 Lukas Frick,#47 Leonid Komarov,#15 Simon Ryfors,#30 Adam Gajan,#19 Quinn Finley,#13 T.J. Hughes,#23 Eric Pohlkamp,#4 Jake Livanavage,#27 Zam Plante,,Away,Away,Away,Away,Away,Home,Home,Home,Home,Home,Home,,"26,-0.6","22.8,-9.3","26,-5.4","20.8,-4.3","19.1,-7.9","-25.4,0.1","20,-3.9","19.9,-5.9","13.1,-0.6","12,-13.2","22.7,-7.3",,,,,,,,,,,,,,,,,,,,,,,,,,HomePowerplay,True,False,2.0
1,930,1767181157280,PuckControl,HomePowerplay,5v4,True,True,AwayTeamZone,"28.2,-12.5","26,-13.6",,,,,,,,,,,,,,,,,,,,,,,,,Loose,HomeTeamZone,HomeTeamZone,,,,,150983.0,340162.0,153736.0,888057861.0,345037.0,888057597.0,888057617.0,888057609.0,888057601.0,888057600.0,888057613.0,,#29 Sandro Aeschlimann,#6 Klas Dahlbeck,#38 Lukas Frick,#47 Leonid Komarov,#15 Simon Ryfors,#30 Adam Gajan,#19 Quinn Finley,#13 T.J. Hughes,#23 Eric Pohlkamp,#4 Jake Livanavage,#27 Zam Plante,,Away,Away,Away,Away,Away,Home,Home,Home,Home,Home,Home,,"26.5,-0.1","24.3,-9.4","28,-10.1","19.7,-2.9","17.3,-6.1","-25.8,-0.2","18,-3","18.6,-6.8","10.3,3.1","9.7,-14.5","24.5,-7.8",,,,,,,,,,,,,,,,,,,,,,,,,,HomePowerplay,True,False,2.0
1,930,1767181157700,PuckControl,HomePowerplay,5v4,True,True,AwayTeamZone,"26,-13.6","25.9,-13.4",153736.0,#38 Lukas Frick,Away,,,,,,,,,,,,,,,,,,,,,,AwayControl,HomeTeamZone,HomeTeamZone,,,,153736,150983.0,340162.0,153736.0,888057861.0,345037.0,888057597.0,888057617.0,888057609.0,888057601.0,888057600.0,888057613.0,,#29 Sandro Aeschlimann,#6 Klas Dahlbeck,#38 Lukas Frick,#47 Leonid Komarov,#15 Simon Ryfors,#30 Adam Gajan,#19 Quinn Finley,#13 T.J. Hughes,#23 Eric Pohlkamp,#4 Jake Livanavage,#27 Zam Plante,,Away,Away,Away,Away,Away,Home,Home,Home,Home,Home,Home,,"26.6,0.1","24.2,-9.4","26.4,-11.7","18.4,-2.1","16.4,-5.8","-26.1,-0.1","16.5,-3","18.3,-7.5","8.9,3.7","9,-14.4","24.1,-8.5",,,,,,,,,,,,,,,,,,,,,,,,,,HomePowerplay,True,False,2.0
1,930,1767181157720,PuckControl,HomePowerplay,5v4,True,True,AwayTeamZone,"25.9,-13.4","23,-14.9",,,,,,,,,,,,,,,,,,,,,,,,,Loose,HomeTeamZone,HomeTeamZone,,,,,150983.0,340162.0,153736.0,888057861.0,345037.0,888057597.0,888057617.0,888057609.0,888057601.0,888057600.0,888057613.0,,#29 Sandro Aeschlimann,#6 Klas Dahlbeck,#38 Lukas Frick,#47 Leonid Komarov,#15 Simon Ryfors,#30 Adam Gajan,#19 Quinn Finley,#13 T.J. Hughes,#23 Eric Pohlkamp,#4 Jake Livanavage,#27 Zam Plante,,Away,Away,Away,Away,Away,Home,Home,Home,Home,Home,Home,,"26.6,0.1","24.2,-9.4","26.3,-11.7","18.3,-2.1","16.3,-5.8","-26.1,-0.1","16.4,-3","18.3,-7.6","8.8,3.7","9,-14.4","24.1,-8.5",,,,,,,,,,,,,,,,,,,,,,,,,,HomePowerplay,True,False,2.0
1,931,1767181158220,PuckControl,HomePowerplay,5v4,True,True,AwayTeamZone,"23,-14.9","18.8,-13",153736.0,#38 Lukas Frick,Away,,,,,,,,,,,,,,,,,,,,,,AwayControl,HomeTeamZone,HomeTeamZone,,,,153736,150983.0,340162.0,153736.0,888057861.0,345037.0,888057597.0,888057617.0,888057609.0,888057601.0,888057600.0,888057613.0,,#29 Sandro Aeschlimann,#6 Klas Dahlbeck,#38 Lukas Frick,#47 Leonid Komarov,#15 Simon Ryfors,#30 Adam Gajan,#19 Quinn Finley,#13 T.J. Hughes,#23 Eric Pohlkamp,#4 Jake Livanavage,#27 Zam Plante,,Away,Away,Away,Away,Away,Home,Home,Home,Home,Home,Home,,"26.7,0.2","23.6,-9.8","23.6,-13.4","16.4,-1.1","15.4,-5.5","-25.7,-0.1","14.6,-3.3","18,-9.1","7.1,4","7.6,-14.3","23.1,-9.2",,,,,,,,,,,,,,,,,,,,,,,,,,HomePowerplay,True,False,2.0
1,931,1767181158560,Clear,HomePowerplay,5v4,True,True,AwayTeamZone,"19.4,-13.1","-7.3,-4.3",153736.0,#38 Lukas Frick,Away,888057597.0,#30 Adam Gajan,Home,,,,,,,,,,,,,,,,,OffensiveZone,False,,,,,,,"153736,888057597",150983.0,340162.0,153736.0,888057861.0,345037.0,888057597.0,888057617.0,888057609.0,888057601.0,888057600.0,888057613.0,,#29 Sandro Aeschlimann,#6 Klas Dahlbeck,#38 Lukas Frick,#47 Leonid Komarov,#15 Simon Ryfors,#30 Adam Gajan,#19 Quinn Finley,#13 T.J. Hughes,#23 Eric Pohlkamp,#4 Jake Livanavage,#27 Zam Plante,,Away,Away,Away,Away,Away,Home,Home,Home,Home,Home,Home,,"26.6,0.1","23.2,-10","21.8,-14","14.9,-0.4","14.8,-4.7","-25.7,-0.2","13.2,-3.4","17.7,-10.3","6,3.5","6.4,-14","22,-9.5",,0.463,1.912,5.681,5.05,3.292,0.488,4.465,3.529,3.744,3.43,3.81,,"-0.582,-0.813","-0.932,-0.362","-0.973,-0.231","-0.909,0.417","-0.617,0.787","-0.232,-0.973","-0.995,-0.1","-0.404,-0.915","-0.855,-0.518","-0.935,0.354","-0.981,-0.197",,HomePowerplay,True,False,2.0
1,931,1767181158580,PuckControl,HomePowerplay,5v4,True,True,AwayTeamZone,"18.8,-13","-23.2,0.1",,,,,,,,,,,,,,,,,,,,,,,,,Loose,HomeTeamZone,AwayTeamZone,,,,,150983.0,340162.0,153736.0,888057861.0,345037.0,888057597.0,888057617.0,888057609.0,888057601.0,888057600.0,888057613.0,,#29 Sandro Aeschlimann,#6 Klas Dahlbeck,#38 Lukas Frick,#47 Leonid Komarov,#15 Simon Ryfors,#30 Adam Gajan,#19 Quinn Finley,#13 T.J. Hughes,#23 Eric Pohlkamp,#4 Jake Livanavage,#27 Zam Plante,,Away,Away,Away,Away,Away,Home,Home,Home,Home,Home,Home,,"26.6,0.1","23.1,-10","21.7,-14","14.8,-0.4","14.8,-4.7","-25.7,-0.2","13.1,-3.5","17.7,-10.4","5.9,3.5","6.3,-13.9","21.9,-9.5",,,,,,,,,,,,,,,,,,,,,,,,,,HomePowerplay,True,False,2.0
1,932,1767181159040,BluelineCrossing,HomePowerplay,5v4,True,True,AwayTeamZone,"7.2,-9.8",,153736.0,#38 Lukas Frick,Away,,,,,,,,,,,,,,TowardsOpponent,,,,,,,,,,,,,,153736,150983.0,340162.0,153736.0,888057861.0,345037.0,888057597.0,888057617.0,888057609.0,888057601.0,888057600.0,888057613.0,,#29 Sandro Aeschlimann,#6 Klas Dahlbeck,#38 Lukas Frick,#47 Leonid Komarov,#15 Simon Ryfors,#30 Adam Gajan,#19 Quinn Finley,#13 T.J. Hughes,#23 Eric Pohlkamp,#4 Jake Livanavage,#27 Zam Plante,,Away,Away,Away,Away,Away,Home,Home,Home,Home,Home,Home,,"26.5,-0.1","22,-10.3","18.9,-14.2","12.5,0.5","13.8,-3","-25.7,-0.3","11,-3.5","16.6,-11.5","4.3,2.7","5,-13.2","20.1,-9.8",,0.404,2.686,5.518,6.152,5.737,0.373,4.627,3.526,4.266,3.428,4.338,,"-0.688,-0.726","-0.991,-0.135","-0.998,0.058","-0.93,0.367","-0.456,0.89","0.729,0.684","-0.999,0.037","-0.855,-0.518","-0.956,-0.293","-0.888,0.46","-0.999,-0.053",,HomePowerplay,True,False,2.0
1,932,1767181159600,BluelineCrossing,HomePowerplay,5v4,True,True,NeutralZone,"-7.1,-4.3",,153736.0,#38 Lukas Frick,Away,,,,,,,,,,,,,,TowardsOpponent,,"888057617,888057601,888057600",,,,,,,,,,,,"153736,888057617,888057601,888057600",150983.0,340162.0,153736.0,888057861.0,345037.0,888057597.0,888057617.0,888057609.0,888057601.0,888057600.0,888057613.0,,#29 Sandro Aeschlimann,#6 Klas Dahlbeck,#38 Lukas Frick,#47 Leonid Komarov,#15 Simon Ryfors,#30 Adam Gajan,#19 Quinn Finley,#13 T.J. Hughes,#23 Eric Pohlkamp,#4 Jake Livanavage,#27 Zam Plante,,Away,Away,Away,Away,Away,Home,Home,Home,Home,Home,Home,,"26.4,-0.3","20.4,-10.6","16.1,-13.8","9.2,1.7","12.5,0","-25.4,-0.1","8,-3.3","14.5,-12.1","1.6,2.1","2.7,-12.9","17.4,-9.5",,0.151,2.662,4.892,6.373,6.129,0.748,4.886,4.261,5.647,5.063,4.671,,"-0.834,-0.551","-0.951,-0.31","-0.977,0.211","-0.941,0.338","-0.32,0.947","0.826,0.564","-0.972,0.233","-0.976,-0.22","-0.996,-0.085","-0.998,-0.07","-0.9,0.437",,HomePowerplay,True,False,2.0
1,933,1767181160340,PuckControl,HomePowerplay,5v4,True,True,HomeTeamZone,"-23.2,0.1","-22.9,0.5",888057597.0,#30 Adam Gajan,Home,,,,,,,,,,,,,,,,,,,,,,HomeControl,AwayTeamZone,AwayTeamZone,,,,888057597,150983.0,340162.0,153736.0,888057861.0,345037.0,888057597.0,888057617.0,888057609.0,888057601.0,888057600.0,888057613.0,,#29 Sandro Aeschlimann,#6 Klas Dahlbeck,#38 Lukas Frick,#47 Leonid Komarov,#15 Simon Ryfors,#30 Adam Gajan,#19 Quinn Finley,#13 T.J. Hughes,#23 Eric Pohlkamp,#4 Jake Livanavage,#27 Zam Plante,,Away,Away,Away,Away,Away,Home,Home,Home,Home,Home,Home,,"26.3,-0.1","18.2,-11.3","12.8,-12.5","3.9,2.5","11,4.1","-25.1,0.5","5.2,-1.7","11.7,-12.5","-3.1,2.3","-0.6,-13.8","14.2,-7.6",,,,,,,,,,,,,,,,,,,,,,,,,,HomePowerplay,True,False,2.0
1,935,1767181162320,Pass,HomePowerplay,5v4,True,True,HomeTeamZone,"-23,0.5","-9.1,-14.2",888057597.0,#30 Adam Gajan,Home,888057600.0,#4 Jake Livanavage,Home,,,,,,,,Successful,15.3,,,,,,,,,,,,,,,,"888057597,888057600",150983.0,340162.0,153736.0,888057861.0,888057597.0,888057617.0,888057609.0,888057601.0,888057600.0,888057613.0,301617.0,,#29 Sandro Aeschlimann,#6 Klas Dahlbeck,#38 Lukas Frick,#47 Leonid Komarov,#30 Adam Gajan,#19 Quinn Finley,#13 T.J. Hughes,#23 Eric Pohlkamp,#4 Jake Livanavage,#27 Zam Plante,#72 Tino Kessler,,Away,Away,Away,Away,Home,Home,Home,Home,Home,Home,Away,,"26.5,0.3","10.8,-13.4","6.1,-7.3","-11.7,3.7","-23.7,0.8","0.5,6.5","5.1,-10.8","-16.1,6.1","-8.1,-14.2","4.6,0.4","5.3,13",,0.525,4.304,4.207,7.911,1.473,4.045,4.058,7.351,3.396,7.529,3.84,,"0.662,-0.749","-0.981,-0.196","-0.868,0.496","-0.981,-0.194","0.997,0.071","-0.472,0.882","-0.979,0.205","-0.998,-0.057","-0.971,0.24","-0.598,0.801","-0.673,-0.74",,HomePowerplay,True,False,2.0
1,935,1767181162340,PuckControl,HomePowerplay,5v4,True,True,HomeTeamZone,"-22.9,0.5","-9.1,-14.2",,,,,,,,,,,,,,,,,,,,,,,,,HomeControl,AwayTeamZone,AwayTeamZone,,,,,150983.0,340162.0,153736.0,888057861.0,888057597.0,888057617.0,888057609.0,888057601.0,888057600.0,888057613.0,301617.0,,#29 Sandro Aeschlimann,#6 Klas Dahlbeck,#38 Lukas Frick,#47 Leonid Komarov,#30 Adam Gajan,#19 Quinn Finley,#13 T.J. Hughes,#23 Eric Pohlkamp,#4 Jake Livanavage,#27 Zam Plante,#72 Tino Kessler,,Away,Away,Away,Away,Home,Home,Home,Home,Home,Home,Away,,"26.5,0.3","10.7,-13.5","6,-7.2","-11.8,3.7","-23.6,0.8","0.4,6.6","5,-10.8","-16.2,6.1","-8.2,-14.2","4.5,0.5","5.2,12.9",,,,,,,,,,,,,,,,,,,,,,,,,,HomePowerplay,True,False,2.0
1,936,1767181163820,PuckControl,HomePowerplay,5v4,True,True,HomeTeamZone,"-9.1,-14.2","-9.4,-13.7",888057600.0,#4 Jake Livanavage,Home,,,,,,,,,,,,,,,,,,,,,,HomeControl,AwayTeamZone,AwayTeamZone,,,,888057600,150983.0,301617.0,340162.0,153736.0,888057861.0,888057597.0,888057617.0,888057609.0,888057601.0,888057600.0,888057613.0,,#29 Sandro Aeschlimann,#72 Tino Kessler,#6 Klas Dahlbeck,#38 Lukas Frick,#47 Leonid Komarov,#30 Adam Gajan,#19 Quinn Finley,#13 T.J. Hughes,#23 Eric Pohlkamp,#4 Jake Livanavage,#27 Zam Plante,,Away,Away,Away,Away,Away,Home,Home,Home,Home,Home,Home,,"26.2,-0.2","1.7,7.6","5.6,-12.6","3.4,-2.6","-15.6,-5.1","-24.8,-0.2","-0.3,13.2","2.3,-12.3","-26,2.1","-9,-14.7","-1.8,6.5",,,,,,,,,,,,,,,,,,,,,,,,,,HomePowerplay,True,False,2.0
1,937,1767181164600,Pass,HomePowerplay,5v4,True,True,HomeTeamZone,"-9.5,-13.7","3.9,-14",888057600.0,#4 Jake Livanavage,Home,,,,,,,,,,,Failed,22.6,,,,,,,,,,,,,,,,888057600,150983.0,301617.0,340162.0,153736.0,888057861.0,888057597.0,888057617.0,888057609.0,888057601.0,888057600.0,888057613.0,,#29 Sandro Aeschlimann,#72 Tino Kessler,#6 Klas Dahlbeck,#38 Lukas Frick,#47 Leonid Komarov,#30 Adam Gajan,#19 Quinn Finley,#13 T.J. Hughes,#23 Eric Pohlkamp,#4 Jake Livanavage,#27 Zam Plante,,Away,Away,Away,Away,Away,Home,Home,Home,Home,Home,Home,,"26.2,0","0.9,3.9","4.8,-10.6","4.2,0.3","-12.1,-9.9","-25.6,-0.2","2.1,13.2","3.3,-13.5","-27.9,-2.6","-8.3,-14.9","-3.4,3.6",,0.28,4.61,3.335,3.101,7.862,0.875,4.097,2.088,6.397,1.452,5.293,,"-0.962,0.274","-0.055,-0.998","-0.366,0.93","0.792,0.611","0.669,-0.743","-0.864,0.503","0.924,-0.382","0.87,-0.492","0.218,-0.976","0.995,0.102","0.094,-0.996",,HomePowerplay,True,False,2.0
1,937,1767181164620,PuckControl,HomePowerplay,5v4,True,True,HomeTeamZone,"-9.4,-13.7","3.9,-14",,,,,,,,,,,,,,,,,,,,,,,,,Loose,AwayTeamZone,NeutralZone,,,,,150983.0,301617.0,340162.0,153736.0,888057861.0,888057597.0,888057617.0,888057609.0,888057601.0,888057600.0,888057613.0,,#29 Sandro Aeschlimann,#72 Tino Kessler,#6 Klas Dahlbeck,#38 Lukas Frick,#47 Leonid Komarov,#30 Adam Gajan,#19 Quinn Finley,#13 T.J. Hughes,#23 Eric Pohlkamp,#4 Jake Livanavage,#27 Zam Plante,,Away,Away,Away,Away,Away,Home,Home,Home,Home,Home,Home,,"26.2,0","0.9,3.8","4.8,-10.6","4.3,0.3","-12,-10","-25.6,-0.2","2.2,13.2","3.4,-13.6","-27.9,-2.7","-8.3,-14.9","-3.3,3.5",,,,,,,,,,,,,,,,,,,,,,,,,,HomePowerplay,True,False,2.0
1,938,1767181164880,BluelineCrossing,HomePowerplay,5v4,True,True,NeutralZone,"-7.1,-13.8",,888057600.0,#4 Jake Livanavage,Home,,,,,,,,,,,,,PossessionLost,TowardsOpponent,,,,,,,,,,,,,,888057600,150983.0,301617.0,340162.0,153736.0,888057861.0,888057597.0,888057617.0,888057609.0,888057601.0,888057600.0,888057613.0,,#29 Sandro Aeschlimann,#72 Tino Kessler,#6 Klas Dahlbeck,#38 Lukas Frick,#47 Leonid Komarov,#30 Adam Gajan,#19 Quinn Finley,#13 T.J. Hughes,#23 Eric Pohlkamp,#4 Jake Livanavage,#27 Zam Plante,,Away,Away,Away,Away,Away,Home,Home,Home,Home,Home,Home,,"26.2,0","1,2.8","4.7,-9.8","5.1,0.8","-10.5,-11.5","-25.7,-0.1","3.4,12.5","3.9,-13.8","-27.1,-4.3","-7.7,-14.9","-2.9,2",,0.465,4.009,3.024,3.705,8.071,0.849,5.86,2.297,7.006,2.632,6.412,,"-0.837,0.547","0.203,-0.979","0.175,0.985","0.922,0.387","0.727,-0.687","-0.697,0.717","0.848,-0.531","0.921,-0.39","0.546,-0.838","0.999,0.054","0.353,-0.936",,HomePowerplay,True,False,2.0
1,938,1767181165360,PuckControl,HomePowerplay,5v4,True,True,NeutralZone,"3.9,-14","4.4,-14",888057609.0,#13 T.J. Hughes,Home,,,,,,,,,,,,,,,,,,,,,,HomeControl,NeutralZone,NeutralZone,,,,888057609,150983.0,301617.0,340162.0,153736.0,888057861.0,888057597.0,888057617.0,888057609.0,888057601.0,888057600.0,888057613.0,,#29 Sandro Aeschlimann,#72 Tino Kessler,#6 Klas Dahlbeck,#38 Lukas Frick,#47 Leonid Komarov,#30 Adam Gajan,#19 Quinn Finley,#13 T.J. Hughes,#23 Eric Pohlkamp,#4 Jake Livanavage,#27 Zam Plante,,Away,Away,Away,Away,Away,Home,Home,Home,Home,Home,Home,,"25.7,0.1","1.9,1.1","5.4,-8.8","6.8,1","-7.4,-13.5","-26.2,0.1","5.8,10.8","4.7,-14.5","-24.7,-6.6","-6.3,-14.9","-1.3,-0.6",,,,,,,,,,,,,,,,,,,,,,,,,,HomePowerplay,True,False,2.0
1,938,1767181165400,PuckControl,HomePowerplay,5v4,True,True,NeutralZone,"4.4,-14","7.5,-14.1",,,,,,,,,,,,,,,,,,,,,,,,,Loose,NeutralZone,HomeTeamZone,,,,,150983.0,301617.0,340162.0,153736.0,888057861.0,888057597.0,888057617.0,888057609.0,888057601.0,888057600.0,888057613.0,,#29 Sandro Aeschlimann,#72 Tino Kessler,#6 Klas Dahlbeck,#38 Lukas Frick,#47 Leonid Komarov,#30 Adam Gajan,#19 Quinn Finley,#13 T.J. Hughes,#23 Eric Pohlkamp,#4 Jake Livanavage,#27 Zam Plante,,Away,Away,Away,Away,Away,Home,Home,Home,Home,Home,Home,,"25.7,0","2.1,0.9","5.5,-8.7","7,1","-7.1,-13.6","-26.3,0.1","6,10.7","4.8,-14.6","-24.5,-6.7","-6.1,-14.9","-1.1,-0.8",,,,,,,,,,,,,,,,,,,,,,,,,,HomePowerplay,True,False,2.0
1,938,1767181165680,BluelineCrossing,HomePowerplay,5v4,True,True,AwayTeamZone,"7.2,-12.5",,888057600.0,#4 Jake Livanavage,Home,,,,,,,,,,,,,,TowardsOpponent,"888057617,888057609","340162,153736",,,,,,,,,,,,"888057600,888057617,888057609,340162,153736",150983.0,301617.0,340162.0,153736.0,888057861.0,888057597.0,888057617.0,888057609.0,888057601.0,888057600.0,888057613.0,,#29 Sandro Aeschlimann,#72 Tino Kessler,#6 Klas Dahlbeck,#38 Lukas Frick,#47 Leonid Komarov,#30 Adam Gajan,#19 Quinn Finley,#13 T.J. Hughes,#23 Eric Pohlkamp,#4 Jake Livanavage,#27 Zam Plante,,Away,Away,Away,Away,Away,Home,Home,Home,Home,Home,Home,,"25.5,-0.1","3.1,0","6.5,-8.6","8.3,0.8","-5.1,-14.2","-26.6,0","7.4,9.6","5.5,-14.9","-22.8,-7.4","-5.2,-14.8","0.3,-1.8",,0.46,5.098,3.98,4.77,7.63,1.057,6.051,3.229,6.213,3.683,6.196,,"-0.937,-0.349","0.745,-0.667","0.991,-0.132","0.936,-0.352","0.988,-0.154","-0.959,-0.283","0.772,-0.636","0.954,-0.3","0.967,-0.253","0.996,0.088","0.913,-0.409",,HomePowerplay,True,False,2.0
1,939,1767181165860,PuckControl,HomePowerplay,5v4,True,True,AwayTeamZone,"7.5,-14.1","7.6,-14",888057609.0,#13 T.J. Hughes,Home,,,,,,,,,,,,,,,,,,,,,,HomeControl,HomeTeamZone,HomeTeamZone,,,,888057609,150983.0,301617.0,340162.0,153736.0,888057861.0,888057597.0,888057617.0,888057609.0,888057601.0,888057600.0,888057613.0,,#29 Sandro Aeschlimann,#72 Tino Kessler,#6 Klas Dahlbeck,#38 Lukas Frick,#47 Leonid Komarov,#30 Adam Gajan,#19 Quinn Finley,#13 T.J. Hughes,#23 Eric Pohlkamp,#4 Jake Livanavage,#27 Zam Plante,,Away,Away,Away,Away,Away,Home,Home,Home,Home,Home,Home,,"25.4,-0.1","3.8,-0.6","7.2,-8.8","9,0.5","-3.7,-14.3","-26.7,0","8.2,8.9","6.1,-14.9","-21.7,-7.6","-4.5,-14.8","1.4,-2.2",,,,,,,,,,,,,,,,,,,,,,,,,,HomePowerplay,True,False,2.0
1,939,1767181166220,Pass,HomePowerplay,5v4,True,True,AwayTeamZone,"7.6,-13.9","5.4,-5.7",888057609.0,#13 T.J. Hughes,Home,888057613.0,#27 Zam Plante,Home,,,,,,,,Successful,41.1,,,,,,,,,,,,,,,,"888057609,888057613",150983.0,301617.0,340162.0,153736.0,888057861.0,888057597.0,888057617.0,888057609.0,888057601.0,888057600.0,888057613.0,,#29 Sandro Aeschlimann,#72 Tino Kessler,#6 Klas Dahlbeck,#38 Lukas Frick,#47 Leonid Komarov,#30 Adam Gajan,#19 Quinn Finley,#13 T.J. Hughes,#23 Eric Pohlkamp,#4 Jake Livanavage,#27 Zam Plante,,Away,Away,Away,Away,Away,Home,Home,Home,Home,Home,Home,,"25.3,-0.2","5.5,-1.7","8.8,-9.5","10.7,-0.1","-1.2,-14.2","-26.9,-0.1","9.7,7.5","7.2,-14.9","-19.3,-7.6","-3.5,-14.4","3.7,-3",,0.516,5.827,4.95,5.087,6.881,0.238,5.584,2.838,6.975,2.895,6.958,,"-0.427,-0.904","0.875,-0.484","0.888,-0.461","0.946,-0.324","0.992,0.126","-0.393,-0.92","0.659,-0.752","0.813,0.582","0.999,0.033","0.932,0.362","0.905,-0.425",,HomePowerplay,True,False,2.0
1,939,1767181166240,PuckControl,HomePowerplay,5v4,True,True,AwayTeamZone,"7.6,-14","5.4,-5.7",,,,,,,,,,,,,,,,,,,,,,,,,HomeControl,HomeTeamZone,NeutralZone,,,,,150983.0,301617.0,340162.0,153736.0,888057861.0,888057597.0,888057617.0,888057609.0,888057601.0,888057600.0,888057613.0,,#29 Sandro Aeschlimann,#72 Tino Kessler,#6 Klas Dahlbeck,#38 Lukas Frick,#47 Leonid Komarov,#30 Adam Gajan,#19 Quinn Finley,#13 T.J. Hughes,#23 Eric Pohlkamp,#4 Jake Livanavage,#27 Zam Plante,,Away,Away,Away,Away,Away,Home,Home,Home,Home,Home,Home,,"25.3,-0.2","5.6,-1.7","8.8,-9.5","10.8,-0.1","-1.1,-14.2","-26.9,-0.1","9.8,7.4","7.2,-14.9","-19.1,-7.6","-3.4,-14.4","3.8,-3.1",,,,,,,,,,,,,,,,,,,,,,,,,,HomePowerplay,True,False,2.0
1,939,1767181166360,BluelineCrossing,HomePowerplay,5v4,True,True,AwayTeamZone,"7.2,-13.7",,888057609.0,#13 T.J. Hughes,Home,,,,,,,,,,,,,,TowardsHome,,,,,,,,,,,,,,888057609,150983.0,301617.0,340162.0,153736.0,888057861.0,888057597.0,888057617.0,888057609.0,888057601.0,888057600.0,888057613.0,,#29 Sandro Aeschlimann,#72 Tino Kessler,#6 Klas Dahlbeck,#38 Lukas Frick,#47 Leonid Komarov,#30 Adam Gajan,#19 Quinn Finley,#13 T.J. Hughes,#23 Eric Pohlkamp,#4 Jake Livanavage,#27 Zam Plante,,Away,Away,Away,Away,Away,Home,Home,Home,Home,Home,Home,,"25.3,-0.3","6.2,-2","9.4,-9.8","11.3,-0.3","-0.2,-14","-26.9,-0.1","10.1,6.9","7.5,-14.7","-18.3,-7.5","-3.1,-14.3","4.6,-3.5",,0.31,6.165,4.946,5.175,6.957,0.344,5.65,2.781,7.034,3.104,7.262,,"-0.723,-0.691","0.906,-0.423","0.869,-0.494","0.941,-0.339","0.986,0.165","0.973,-0.23","0.545,-0.839","0.658,0.753","0.996,0.086","0.928,0.372","0.891,-0.454",,HomePowerplay,True,False,2.0
1,939,1767181166540,PuckControl,HomePowerplay,5v4,True,True,NeutralZone,"5.4,-5.7","5.5,-5.4",888057613.0,#27 Zam Plante,Home,,,,,,,,,,,,,,,,,,,,,,HomeControl,NeutralZone,NeutralZone,,,,888057613,150983.0,301617.0,340162.0,153736.0,888057861.0,888057597.0,888057617.0,888057609.0,888057601.0,888057600.0,888057613.0,,#29 Sandro Aeschlimann,#72 Tino Kessler,#6 Klas Dahlbeck,#38 Lukas Frick,#47 Leonid Komarov,#30 Adam Gajan,#19 Quinn Finley,#13 T.J. Hughes,#23 Eric Pohlkamp,#4 Jake Livanavage,#27 Zam Plante,,Away,Away,Away,Away,Away,Home,Home,Home,Home,Home,Home,,"25.3,-0.3","7.3,-2.5","10.1,-10.3","12.2,-0.6","1,-13.8","-26.8,-0.1","10.6,6","7.7,-14.3","-17,-7.4","-2.6,-14.1","5.8,-4",,,,,,,,,,,,,,,,,,,,,,,,,,HomePowerplay,True,False,2.0
1,939,1767181166560,PuckControl,HomePowerplay,5v4,True,True,NeutralZone,"5.5,-5.4","10.9,-12.9",888057609.0,#13 T.J. Hughes,Home,,,,,,,,,,,,,,,,,,,,,,HomeControl,NeutralZone,HomeTeamZone,,,,888057609,150983.0,301617.0,340162.0,153736.0,888057861.0,888057597.0,888057617.0,888057609.0,888057601.0,888057600.0,888057613.0,,#29 Sandro Aeschlimann,#72 Tino Kessler,#6 Klas Dahlbeck,#38 Lukas Frick,#47 Leonid Komarov,#30 Adam Gajan,#19 Quinn Finley,#13 T.J. Hughes,#23 Eric Pohlkamp,#4 Jake Livanavage,#27 Zam Plante,,Away,Away,Away,Away,Away,Home,Home,Home,Home,Home,Home,,"25.3,-0.3","7.4,-2.5","10.2,-10.3","12.3,-0.6","1.1,-13.8","-26.8,-0.1","10.7,5.9","7.7,-14.3","-16.9,-7.4","-2.5,-14.1","5.9,-4.1",,,,,,,,,,,,,,,,,,,,,,,,,,HomePowerplay,True,False,2.0
1,939,1767181166700,BluelineCrossing,HomePowerplay,5v4,True,True,AwayTeamZone,"7.2,-8.4",,888057609.0,#13 T.J. Hughes,Home,,,,,,,,,,,,,PossessionLost,TowardsOpponent,"888057609,888057613","301617,340162,153736",,,,,,,,,,,,"888057609,888057613,301617,340162,153736",150983.0,301617.0,340162.0,153736.0,888057861.0,888057597.0,888057617.0,888057609.0,888057601.0,888057600.0,888057613.0,,#29 Sandro Aeschlimann,#72 Tino Kessler,#6 Klas Dahlbeck,#38 Lukas Frick,#47 Leonid Komarov,#30 Adam Gajan,#19 Quinn Finley,#13 T.J. Hughes,#23 Eric Pohlkamp,#4 Jake Livanavage,#27 Zam Plante,,Away,Away,Away,Away,Away,Home,Home,Home,Home,Home,Home,,"25.2,-0.3","8.2,-2.9","10.7,-10.6","13,-0.6","2,-13.6","-26.8,-0.1","10.9,5.2","7.9,-14.1","-15.9,-7.2","-2.2,-14","6.8,-4.6",,0.273,6.62,4.357,4.812,6.236,0.209,5.361,1.181,7.246,2.327,7.398,,"-0.947,0.32","0.925,-0.379","0.863,-0.504","0.998,0.059","0.976,0.218","0.477,0.879","0.268,-0.964","0.704,0.711","0.992,0.129","1,0.025","0.896,-0.444",,HomePowerplay,True,False,2.0
1,940,1767181167420,PuckControl,HomePowerplay,5v4,True,True,AwayTeamZone,"10.9,-12.9","10.9,-12.9",,,,,,,,,,,,,,,,,,,,,,,,,Loose,HomeTeamZone,HomeTeamZone,,,,,150983.0,301617.0,340162.0,153736.0,888057861.0,888057597.0,888057617.0,888057609.0,888057601.0,888057600.0,888057613.0,,#29 Sandro Aeschlimann,#72 Tino Kessler,#6 Klas Dahlbeck,#38 Lukas Frick,#47 Leonid Komarov,#30 Adam Gajan,#19 Quinn Finley,#13 T.J. Hughes,#23 Eric Pohlkamp,#4 Jake Livanavage,#27 Zam Plante,,Away,Away,Away,Away,Away,Home,Home,Home,Home,Home,Home,,"25.1,-0.2","12.7,-4.6","12.4,-11.7","16.4,0.2","6.1,-12.7","-26.8,0.1","10.5,1.9","8.6,-13.8","-11.3,-7.1","-0.1,-14.2","11.9,-6.1",,,,,,,,,,,,,,,,,,,,,,,,,,HomePowerplay,True,False,2.0
1,940,1767181167440,PuckControl,HomePowerplay,5v4,True,True,AwayTeamZone,"10.9,-12.9","12.3,-13.2",340162.0,#6 Klas Dahlbeck,Away,,,,,,,,,,,,,,,,,,,,,,AwayControl,HomeTeamZone,HomeTeamZone,,,,340162,150983.0,301617.0,340162.0,153736.0,888057861.0,888057597.0,888057617.0,888057609.0,888057601.0,888057600.0,888057613.0,,#29 Sandro Aeschlimann,#72 Tino Kessler,#6 Klas Dahlbeck,#38 Lukas Frick,#47 Leonid Komarov,#30 Adam Gajan,#19 Quinn Finley,#13 T.J. Hughes,#23 Eric Pohlkamp,#4 Jake Livanavage,#27 Zam Plante,,Away,Away,Away,Away,Away,Home,Home,Home,Home,Home,Home,,"25.2,-0.3","12.8,-4.7","12.4,-11.7","16.5,0.2","6.3,-12.7","-26.8,0.1","10.5,1.8","8.6,-13.8","-11.1,-7.2","0,-14.2","12,-6.1",,,,,,,,,,,,,,,,,,,,,,,,,,HomePowerplay,True,False,2.0
1,941,1767181167880,StoppageOfPlay,,,,,,,,,,,,,,,,,,,,,,,,,,,,,,,,,,,,Offside,,,,,,,,,,,,,,,,,,,,,,,,,,,,,,,,,,,,,,,,,,,,,,,,,,,,,,,,,,,,,,,,,,,,,,,,,,,HomePowerplay,True,False,2.0
1,941,1767181197720,Faceoff,HomePowerplay,5v4,True,True,NeutralZone,,,888057609.0,#13 T.J. Hughes,Home,888057609.0,#13 T.J. Hughes,Home,NeutralZoneAwaySideBottom,,,,,,,,,,,,,,,,,,,,,,,,888057609,150983.0,301617.0,340162.0,153736.0,888057861.0,888057597.0,888057617.0,888057609.0,888057601.0,888057600.0,888057613.0,,#29 Sandro Aeschlimann,#72 Tino Kessler,#6 Klas Dahlbeck,#38 Lukas Frick,#47 Leonid Komarov,#30 Adam Gajan,#19 Quinn Finley,#13 T.J. Hughes,#23 Eric Pohlkamp,#4 Jake Livanavage,#27 Zam Plante,,Away,Away,Away,Away,Away,Home,Home,Home,Home,Home,Home,,"24.5,-0.6","6.7,-3.8","8.8,-10","12.7,-6.6","6.3,-7.9","-27,-0.3","7.3,-11.2","5.9,-6.9","-0.1,1.6","-0.6,-11.3","6.1,-3.3",,,,,,,,,,,,,,,,,,,,,,,,,,HomePowerplay,True,False,2.0
1,941,1767181197720,PuckControl,HomePowerplay,5v4,True,True,AwayTeamZone,"9,-7.9","5.1,-8.4",,,,,,,,,,,,,,,,,,,,,,,,,Loose,HomeTeamZone,NeutralZone,,,,,150983.0,301617.0,340162.0,153736.0,888057861.0,888057597.0,888057617.0,888057609.0,888057601.0,888057600.0,888057613.0,,#29 Sandro Aeschlimann,#72 Tino Kessler,#6 Klas Dahlbeck,#38 Lukas Frick,#47 Leonid Komarov,#30 Adam Gajan,#19 Quinn Finley,#13 T.J. Hughes,#23 Eric Pohlkamp,#4 Jake Livanavage,#27 Zam Plante,,Away,Away,Away,Away,Away,Home,Home,Home,Home,Home,Home,,"24.5,-0.6","6.8,-3.9","8.6,-10","12.6,-6.7","6.4,-7.7","-27.1,-0.3","7.1,-11.1","6.1,-6.9","-0.1,1.7","-0.5,-11.4","6.1,-3.5",,,,,,,,,,,,,,,,,,,,,,,,,,HomePowerplay,True,False,2.0
1,941,1767181197880,BluelineCrossing,HomePowerplay,5v4,True,True,AwayTeamZone,"7.2,-7.9",,340162.0,#6 Klas Dahlbeck,Away,,,,,,,,,,,,,,TowardsOpponent,,,,,,,,,,,,,,340162,150983.0,301617.0,340162.0,153736.0,888057861.0,888057597.0,888057617.0,888057609.0,888057601.0,888057600.0,888057613.0,,#29 Sandro Aeschlimann,#72 Tino Kessler,#6 Klas Dahlbeck,#38 Lukas Frick,#47 Leonid Komarov,#30 Adam Gajan,#19 Quinn Finley,#13 T.J. Hughes,#23 Eric Pohlkamp,#4 Jake Livanavage,#27 Zam Plante,,Away,Away,Away,Away,Away,Home,Home,Home,Home,Home,Home,,"24.6,-0.6","6.9,-3.8","8.6,-10.1","12.6,-6.8","6.4,-7.5","-27.1,-0.2","6.9,-11","6.1,-6.8","-0.2,1.7","-0.5,-11.4","6.2,-3.7",,0.35,0.664,0.507,0.65,0.971,0.127,1.644,0.356,0.736,0.484,1.373,,"1,0.01","0.632,0.775","0.105,-0.995","-0.624,-0.781","-0.609,0.793","0.539,0.843","-0.912,0.41","0.714,0.7","-0.649,0.761","0.418,-0.909","0.488,-0.873",,HomePowerplay,True,False,2.0
1,941,1767181198460,PuckControl,HomePowerplay,5v4,True,True,NeutralZone,"5.1,-8.4","3.8,-9.1",,,,,,,,,,,,,,,,,,,,,,,,,Contested,NeutralZone,NeutralZone,"888057617,888057609,888057861",,,,150983.0,301617.0,340162.0,153736.0,888057861.0,888057597.0,888057617.0,888057609.0,888057601.0,888057600.0,888057613.0,,#29 Sandro Aeschlimann,#72 Tino Kessler,#6 Klas Dahlbeck,#38 Lukas Frick,#47 Leonid Komarov,#30 Adam Gajan,#19 Quinn Finley,#13 T.J. Hughes,#23 Eric Pohlkamp,#4 Jake Livanavage,#27 Zam Plante,,Away,Away,Away,Away,Away,Home,Home,Home,Home,Home,Home,,"24.7,-0.5","7.2,-3.3","8.6,-10.1","13.2,-6.2","5.6,-7.4","-26.6,-0.1","5.8,-10.6","5.7,-7.2","-0.3,2.4","-1.2,-11.7","7,-3.6",,,,,,,,,,,,,,,,,,,,,,,,,,HomePowerplay,True,False,2.0
1,942,1767181198740,Pass,HomePowerplay,5v4,True,True,NeutralZone,"3.8,-9.1","-2.3,-10.8",888057609.0,#13 T.J. Hughes,Home,888057600.0,#4 Jake Livanavage,Home,,,,,,,,Successful,6.6,,,,,,,,,,,,,,,,"888057609,888057600",150983.0,301617.0,340162.0,153736.0,888057861.0,888057597.0,888057617.0,888057609.0,888057601.0,888057600.0,888057613.0,,#29 Sandro Aeschlimann,#72 Tino Kessler,#6 Klas Dahlbeck,#38 Lukas Frick,#47 Leonid Komarov,#30 Adam Gajan,#19 Quinn Finley,#13 T.J. Hughes,#23 Eric Pohlkamp,#4 Jake Livanavage,#27 Zam Plante,,Away,Away,Away,Away,Away,Home,Home,Home,Home,Home,Home,,"24.7,-0.3","7,-2.9","8.8,-10","13.6,-5.7","4.6,-7.5","-26.4,0.1","5.2,-10.6","4.9,-7.7","-0.3,3","-1.9,-11.9","7.4,-3.4",,0.477,1.6,1.01,2.295,3.789,0.996,2.105,3.413,2.343,2.641,1.398,,"-0.136,0.991","-0.435,0.9","0.981,0.193","0.553,0.833","-0.997,-0.083","0.914,0.405","-0.989,-0.149","-0.853,-0.522","0.205,0.979","-0.975,-0.223","0.873,0.488",,HomePowerplay,True,False,2.0
1,942,1767181198740,PuckControl,HomePowerplay,5v4,True,True,NeutralZone,"3.8,-9.1","3.6,-9.2",888057609.0,#13 T.J. Hughes,Home,,,,,,,,,,,,,,,,,,,,,,HomeControl,NeutralZone,NeutralZone,,,,888057609,150983.0,301617.0,340162.0,153736.0,888057861.0,888057597.0,888057617.0,888057609.0,888057601.0,888057600.0,888057613.0,,#29 Sandro Aeschlimann,#72 Tino Kessler,#6 Klas Dahlbeck,#38 Lukas Frick,#47 Leonid Komarov,#30 Adam Gajan,#19 Quinn Finley,#13 T.J. Hughes,#23 Eric Pohlkamp,#4 Jake Livanavage,#27 Zam Plante,,Away,Away,Away,Away,Away,Home,Home,Home,Home,Home,Home,,"24.7,-0.3","7,-2.9","8.8,-10","13.6,-5.7","4.6,-7.5","-26.4,0.1","5.2,-10.6","4.9,-7.7","-0.3,3","-1.9,-11.9","7.4,-3.4",,,,,,,,,,,,,,,,,,,,,,,,,,HomePowerplay,True,False,2.0
1,942,1767181198760,PuckControl,HomePowerplay,5v4,True,True,NeutralZone,"3.6,-9.2","-2.3,-10.8",,,,,,,,,,,,,,,,,,,,,,,,,HomeControl,NeutralZone,NeutralZone,,,,,150983.0,301617.0,340162.0,153736.0,888057861.0,888057597.0,888057617.0,888057609.0,888057601.0,888057600.0,888057613.0,,#29 Sandro Aeschlimann,#72 Tino Kessler,#6 Klas Dahlbeck,#38 Lukas Frick,#47 Leonid Komarov,#30 Adam Gajan,#19 Quinn Finley,#13 T.J. Hughes,#23 Eric Pohlkamp,#4 Jake Livanavage,#27 Zam Plante,,Away,Away,Away,Away,Away,Home,Home,Home,Home,Home,Home,,"24.7,-0.3","7,-2.9","8.8,-10","13.6,-5.6","4.5,-7.5","-26.4,0.1","5.1,-10.6","4.8,-7.7","-0.3,3.1","-2,-11.9","7.4,-3.4",,,,,,,,,,,,,,,,,,,,,,,,,,HomePowerplay,True,False,2.0
1,942,1767181199560,PuckControl,HomePowerplay,5v4,True,True,NeutralZone,"-2.3,-10.8","-18.1,9.4",888057600.0,#4 Jake Livanavage,Home,,,,,,,,,,,,,,,,,,,,,,HomeControl,NeutralZone,AwayTeamZone,,,,888057600,150983.0,301617.0,340162.0,153736.0,888057861.0,888057597.0,888057617.0,888057609.0,888057601.0,888057600.0,888057613.0,,#29 Sandro Aeschlimann,#72 Tino Kessler,#6 Klas Dahlbeck,#38 Lukas Frick,#47 Leonid Komarov,#30 Adam Gajan,#19 Quinn Finley,#13 T.J. Hughes,#23 Eric Pohlkamp,#4 Jake Livanavage,#27 Zam Plante,,Away,Away,Away,Away,Away,Home,Home,Home,Home,Home,Home,,"24.8,-0.3","6.4,-1.4","9.2,-10","13.3,-4.2","1.4,-7.1","-25.7,0","4.6,-12.2","1.9,-8.2","-0.6,5.5","-4.1,-11.6","7.2,-2.3",,,,,,,,,,,,,,,,,,,,,,,,,,HomePowerplay,True,False,2.0
1,943,1767181200540,BluelineCrossing,HomePowerplay,5v4,True,True,NeutralZone,"-7.1,-8.7",,888057600.0,#4 Jake Livanavage,Home,,,,,,,,,,,,,,TowardsHome,,,,,,,,,,,,,,888057600,150983.0,301617.0,340162.0,153736.0,888057861.0,888057597.0,888057617.0,888057609.0,888057601.0,888057600.0,888057613.0,,#29 Sandro Aeschlimann,#72 Tino Kessler,#6 Klas Dahlbeck,#38 Lukas Frick,#47 Leonid Komarov,#30 Adam Gajan,#19 Quinn Finley,#13 T.J. Hughes,#23 Eric Pohlkamp,#4 Jake Livanavage,#27 Zam Plante,,Away,Away,Away,Away,Away,Home,Home,Home,Home,Home,Home,,"25.2,-0.5","5.4,2.2","9.1,-9.4","11.8,-2.4","-3.2,-7","-25.4,-0.1","3.8,-13.5","-0.9,-6.5","-1.4,9.1","-8.6,-10.5","6,1.1",,0.55,4.093,0.916,2.968,4.484,0.141,0.98,3.55,4.095,4.537,3.884,,"0.76,0.65","-0.502,0.865","-0.885,0.466","-0.745,0.667","-0.999,-0.054","-0.607,0.795","-0.924,0.382","-0.711,0.703","-0.198,0.98","-0.988,0.157","-0.708,0.706",,HomePowerplay,True,False,2.0
1,948,1767181205120,Pass,HomePowerplay,5v4,True,True,HomeTeamZone,"-18.2,9.5","-5.9,-11.8",888057600.0,#4 Jake Livanavage,Home,888057613.0,#27 Zam Plante,Home,,,,,,,,Successful,17.9,,,,,,,,,,,,,,,,"888057600,888057613",150983.0,301617.0,340162.0,153736.0,888057861.0,888057597.0,888057617.0,888057609.0,888057601.0,888057600.0,888057613.0,,#29 Sandro Aeschlimann,#72 Tino Kessler,#6 Klas Dahlbeck,#38 Lukas Frick,#47 Leonid Komarov,#30 Adam Gajan,#19 Quinn Finley,#13 T.J. Hughes,#23 Eric Pohlkamp,#4 Jake Livanavage,#27 Zam Plante,,Away,Away,Away,Away,Away,Home,Home,Home,Home,Home,Home,,"25.2,0.3","-2.3,8.1","2,-3.1","2,4.1","-12.5,7.2","-26.5,-0.2","-6.1,-9.9","-4.2,4","-10.2,9.2","-19.1,8.9","-9.3,-3.7",,0.374,2.103,2.319,0.319,3.723,0.807,4.678,4.176,5.971,5.747,6.935,,"0.273,0.962","0.935,-0.354","0.789,0.614","-0.223,-0.975","0.288,0.958","0.78,-0.626","-0.088,0.996","0.908,-0.419","-0.584,-0.812","0.527,0.85","-0.312,-0.95",,HomePowerplay,True,False,2.0
1,948,1767181205140,PuckControl,HomePowerplay,5v4,True,True,HomeTeamZone,"-18.1,9.4","-5.9,-11.8",,,,,,,,,,,,,,,,,,,,,,,,,HomeControl,AwayTeamZone,NeutralZone,,,,,150983.0,301617.0,340162.0,153736.0,888057861.0,888057597.0,888057617.0,888057609.0,888057601.0,888057600.0,888057613.0,,#29 Sandro Aeschlimann,#72 Tino Kessler,#6 Klas Dahlbeck,#38 Lukas Frick,#47 Leonid Komarov,#30 Adam Gajan,#19 Quinn Finley,#13 T.J. Hughes,#23 Eric Pohlkamp,#4 Jake Livanavage,#27 Zam Plante,,Away,Away,Away,Away,Away,Home,Home,Home,Home,Home,Home,,"25.2,0.3","-2.2,8.1","2,-3.1","2,4.1","-12.5,7.3","-26.5,-0.2","-6.1,-9.8","-4.1,3.9","-10.3,9.1","-19.1,9","-9.3,-3.8",,,,,,,,,,,,,,,,,,,,,,,,,,HomePowerplay,True,False,2.0
1,949,1767181206460,BluelineCrossing,HomePowerplay,5v4,True,True,NeutralZone,"-7.1,-10.4",,888057600.0,#4 Jake Livanavage,Home,,,,,,,,,,,,,PossessionMaintained,TowardsOpponent,,,,,,,,,,,,,,888057600,150983.0,301617.0,340162.0,153736.0,888057861.0,888057597.0,888057617.0,888057609.0,888057601.0,888057600.0,888057613.0,,#29 Sandro Aeschlimann,#72 Tino Kessler,#6 Klas Dahlbeck,#38 Lukas Frick,#47 Leonid Komarov,#30 Adam Gajan,#19 Quinn Finley,#13 T.J. Hughes,#23 Eric Pohlkamp,#4 Jake Livanavage,#27 Zam Plante,,Away,Away,Away,Away,Away,Home,Home,Home,Home,Home,Home,,"25.2,0.2","-0.3,4.2","3.5,-4.6","3.9,2.3","-8,7.8","-27.1,0","-4,-2.3","0.2,-0.9","-12.1,1","-13.4,12.7","-7.7,-10.8",,0.804,5.149,3.762,3.77,5.255,0.211,7.923,4.742,6.534,5.524,6.118,,"-0.133,-0.991","0.385,-0.923","-0.063,-0.998","0.489,-0.872","0.811,-0.585","0.519,0.855","0.431,0.902","0.586,-0.81","0.141,-0.99","0.989,0.146","0.792,-0.61",,HomePowerplay,True,False,2.0
1,949,1767181206600,PuckControl,HomePowerplay,5v4,True,True,NeutralZone,"-5.9,-11.8","-2.5,-12",888057613.0,#27 Zam Plante,Home,,,,,,,,,,,,,,,,,,,,,,HomeControl,NeutralZone,NeutralZone,,,,888057613,150983.0,301617.0,340162.0,153736.0,888057861.0,888057597.0,888057617.0,888057609.0,888057601.0,888057600.0,888057613.0,,#29 Sandro Aeschlimann,#72 Tino Kessler,#6 Klas Dahlbeck,#38 Lukas Frick,#47 Leonid Komarov,#30 Adam Gajan,#19 Quinn Finley,#13 T.J. Hughes,#23 Eric Pohlkamp,#4 Jake Livanavage,#27 Zam Plante,,Away,Away,Away,Away,Away,Home,Home,Home,Home,Home,Home,,"25.2,0.1","0,3.5","3.5,-5.1","4.1,1.8","-7.4,7.4","-27,0","-3.5,-1.3","0.6,-1.5","-11.9,0.1","-12.6,12.8","-7,-11.3",,,,,,,,,,,,,,,,,,,,,,,,,,HomePowerplay,True,False,2.0
1,950,1767181207640,Pass,HomePowerplay,5v4,True,True,NeutralZone,"-2.6,-12.1","6.2,7.3",888057613.0,#27 Zam Plante,Home,888057617.0,#19 Quinn Finley,Home,,,,,,,,Successful,29.3,,,,,,,,,,,,,,,,"888057613,888057617",150983.0,301617.0,340162.0,153736.0,888057861.0,888057597.0,888057617.0,888057609.0,888057601.0,888057600.0,888057613.0,,#29 Sandro Aeschlimann,#72 Tino Kessler,#6 Klas Dahlbeck,#38 Lukas Frick,#47 Leonid Komarov,#30 Adam Gajan,#19 Quinn Finley,#13 T.J. Hughes,#23 Eric Pohlkamp,#4 Jake Livanavage,#27 Zam Plante,,Away,Away,Away,Away,Away,Home,Home,Home,Home,Home,Home,,"25.4,0","3.9,-0.8","1.5,-9.9","7,-0.9","-2.1,3.7","-27,-0.1","0.7,5.5","4.5,-5.5","-8,-6.1","-6.7,11.9","-2.4,-11.2",,0.329,4.947,2.948,5.453,6.311,0.447,7.598,5.125,7.138,5.63,3.462,,"-0.48,0.877","0.782,-0.623","-0.735,-0.678","0.966,-0.259","0.83,-0.557","-0.814,-0.58","0.708,0.707","0.653,-0.757","0.717,-0.697","0.959,-0.282","0.62,0.784",,HomePowerplay,True,False,2.0
1,950,1767181207660,PuckControl,HomePowerplay,5v4,True,True,NeutralZone,"-2.5,-12","6.2,7.3",,,,,,,,,,,,,,,,,,,,,,,,,HomeControl,NeutralZone,NeutralZone,,,,,150983.0,301617.0,340162.0,153736.0,888057861.0,888057597.0,888057617.0,888057609.0,888057601.0,888057600.0,888057613.0,,#29 Sandro Aeschlimann,#72 Tino Kessler,#6 Klas Dahlbeck,#38 Lukas Frick,#47 Leonid Komarov,#30 Adam Gajan,#19 Quinn Finley,#13 T.J. Hughes,#23 Eric Pohlkamp,#4 Jake Livanavage,#27 Zam Plante,,Away,Away,Away,Away,Away,Home,Home,Home,Home,Home,Home,,"25.4,0","3.9,-0.8","1.5,-10","7.1,-1","-2,3.6","-27,-0.1","0.8,5.6","4.6,-5.6","-7.9,-6.2","-6.6,11.9","-2.4,-11.2",,,,,,,,,,,,,,,,,,,,,,,,,,HomePowerplay,True,False,2.0
1,951,1767181208500,PuckControl,HomePowerplay,5v4,True,True,NeutralZone,"6.2,7.3","19.7,8.1",888057617.0,#19 Quinn Finley,Home,,,,,,,,,,,,,,,,,,,,,,HomeControl,NeutralZone,HomeTeamZone,,,,888057617,150983.0,301617.0,340162.0,153736.0,888057861.0,888057597.0,888057617.0,888057609.0,888057601.0,888057600.0,888057613.0,,#29 Sandro Aeschlimann,#72 Tino Kessler,#6 Klas Dahlbeck,#38 Lukas Frick,#47 Leonid Komarov,#30 Adam Gajan,#19 Quinn Finley,#13 T.J. Hughes,#23 Eric Pohlkamp,#4 Jake Livanavage,#27 Zam Plante,,Away,Away,Away,Away,Away,Home,Home,Home,Home,Home,Home,,"25.1,0.5","6.8,-1.2","1,-10.3","11.6,-0.5","3,1.7","-26.8,-0.3","6.4,9.1","6.6,-8.8","-3.7,-10.1","-2.1,10.4","-1,-8.2",,,,,,,,,,,,,,,,,,,,,,,,,,HomePowerplay,True,False,2.0
1,951,1767181208600,BluelineCrossing,HomePowerplay,5v4,True,True,AwayTeamZone,"7.2,7.9",,888057617.0,#19 Quinn Finley,Home,,,,,,,,,,,,,PossessionMaintained,TowardsOpponent,"888057617,888057609","301617,153736,888057861",,,,,,,,,,,,"888057617,888057609,301617,153736,888057861",150983.0,301617.0,340162.0,153736.0,888057861.0,888057597.0,888057617.0,888057609.0,888057601.0,888057600.0,888057613.0,,#29 Sandro Aeschlimann,#72 Tino Kessler,#6 Klas Dahlbeck,#38 Lukas Frick,#47 Leonid Komarov,#30 Adam Gajan,#19 Quinn Finley,#13 T.J. Hughes,#23 Eric Pohlkamp,#4 Jake Livanavage,#27 Zam Plante,,Away,Away,Away,Away,Away,Home,Home,Home,Home,Home,Home,,"25.1,0.6","7.2,-0.9","1.2,-10.2","12.1,-0.1","3.7,1.7","-26.8,-0.3","7.1,9.4","6.9,-9.2","-3.1,-10.6","-1.5,10.3","-0.9,-7.8",,1.231,5.341,2.192,6.147,6.581,0.412,7.815,4.452,7.277,5.456,4.088,,"-0.093,0.996","0.749,0.662","0.86,0.51","0.74,0.672","1,0.006","0.574,-0.819","0.963,0.27","0.596,-0.803","0.732,-0.682","0.985,-0.173","0.441,0.897",,HomePowerplay,True,False,2.0
1,953,1767181210000,Pass,HomePowerplay,5v4,True,True,AwayTeamZone,"19.5,8.3","20,-6.1",888057617.0,#19 Quinn Finley,Home,888057609.0,#13 T.J. Hughes,Home,,,,,,,,Successful,19.4,,,,,,,,,,,,,,,,"888057617,888057609",150983.0,301617.0,340162.0,153736.0,888057861.0,888057597.0,888057617.0,888057609.0,888057601.0,888057600.0,888057613.0,,#29 Sandro Aeschlimann,#72 Tino Kessler,#6 Klas Dahlbeck,#38 Lukas Frick,#47 Leonid Komarov,#30 Adam Gajan,#19 Quinn Finley,#13 T.J. Hughes,#23 Eric Pohlkamp,#4 Jake Livanavage,#27 Zam Plante,,Away,Away,Away,Away,Away,Home,Home,Home,Home,Home,Home,,"25.4,1.9","15.2,2.8","7.7,-7.5","18.9,6.4","12.2,4.2","-26.9,-0.1","18.8,8.6","13.4,-8.8","4.5,-13.8","6.7,10.8","5.2,-2.6",,0.452,6.695,6.963,6.524,6.141,0.147,8.266,6.855,6.106,5.655,5.577,,"0.933,-0.36","0.981,-0.196","0.981,0.196","0.977,0.215","0.983,0.184","0.547,-0.837","0.994,-0.112","0.868,0.497","1,-0.018","0.994,0.109","0.957,0.29",,HomePowerplay,True,False,2.0
1,953,1767181210020,PuckControl,HomePowerplay,5v4,True,True,AwayTeamZone,"19.7,8.1","20,-6.1",,,,,,,,,,,,,,,,,,,,,,,,,HomeControl,HomeTeamZone,HomeTeamZone,,,,,150983.0,301617.0,340162.0,153736.0,888057861.0,888057597.0,888057617.0,888057609.0,888057601.0,888057600.0,888057613.0,,#29 Sandro Aeschlimann,#72 Tino Kessler,#6 Klas Dahlbeck,#38 Lukas Frick,#47 Leonid Komarov,#30 Adam Gajan,#19 Quinn Finley,#13 T.J. Hughes,#23 Eric Pohlkamp,#4 Jake Livanavage,#27 Zam Plante,,Away,Away,Away,Away,Away,Home,Home,Home,Home,Home,Home,,"25.4,1.9","15.3,2.8","7.9,-7.5","19.1,6.4","12.4,4.3","-26.9,-0.1","19,8.6","13.5,-8.7","4.6,-13.8","6.8,10.8","5.3,-2.6",,,,,,,,,,,,,,,,,,,,,,,,,,HomePowerplay,True,False,2.0
1,954,1767181210840,PuckControl,HomePowerplay,5v4,True,True,AwayTeamZone,"20,-6.1","20.2,-6.7",888057609.0,#13 T.J. Hughes,Home,,,,,,,,,,,,,,,,,,,,,,HomeControl,HomeTeamZone,HomeTeamZone,,,,888057609,150983.0,301617.0,340162.0,153736.0,888057861.0,888057597.0,888057617.0,888057609.0,888057601.0,888057600.0,888057613.0,,#29 Sandro Aeschlimann,#72 Tino Kessler,#6 Klas Dahlbeck,#38 Lukas Frick,#47 Leonid Komarov,#30 Adam Gajan,#19 Quinn Finley,#13 T.J. Hughes,#23 Eric Pohlkamp,#4 Jake Livanavage,#27 Zam Plante,,Away,Away,Away,Away,Away,Home,Home,Home,Home,Home,Home,,"26.3,1.1","20.2,0","13.1,-6","23.9,5.8","17.3,4.5","-26.8,-0.1","25.3,7.2","18.9,-6.4","9.8,-13.6","11.2,9.9","10.1,-2.3",,,,,,,,,,,,,,,,,,,,,,,,,,HomePowerplay,True,False,2.0
1,954,1767181210940,Shot,HomePowerplay,5v4,True,True,AwayTeamZone,"20.1,-6.8",,888057609.0,#13 T.J. Hughes,Home,150983.0,#29 Sandro Aeschlimann,Away,,Missed,120.5,,0.071,,,,,,,,,,,,,,,,,,,,"888057609,150983",150983.0,301617.0,340162.0,153736.0,888057861.0,888057597.0,888057617.0,888057609.0,888057601.0,888057600.0,888057613.0,,#29 Sandro Aeschlimann,#72 Tino Kessler,#6 Klas Dahlbeck,#38 Lukas Frick,#47 Leonid Komarov,#30 Adam Gajan,#19 Quinn Finley,#13 T.J. Hughes,#23 Eric Pohlkamp,#4 Jake Livanavage,#27 Zam Plante,,Away,Away,Away,Away,Away,Home,Home,Home,Home,Home,Home,,"26.4,0.9","20.7,-0.5","13.8,-5.8","24.4,5.6","17.8,4.3","-26.9,-0.1","25.9,6.9","19.5,-6.2","10.4,-13.5","11.6,9.7","10.7,-2.3",,2.543,6.453,7.353,5.27,5.612,0.282,7.365,6.917,6.021,5.206,6.444,,"0.596,-0.803","0.778,-0.629","0.964,0.267","0.854,-0.52","0.974,-0.228","-0.993,-0.121","0.871,-0.491","0.966,0.257","0.997,0.071","0.881,-0.473","0.998,-0.066",,HomePowerplay,True,False,2.0
1,954,1767181210960,PuckControl,HomePowerplay,5v4,True,True,AwayTeamZone,"20.2,-6.7","29.9,4",,,,,,,,,,,,,,,,,,,,,,,,,Loose,HomeTeamZone,HomeTeamZone,,,,,150983.0,301617.0,340162.0,153736.0,888057861.0,888057597.0,888057617.0,888057609.0,888057601.0,888057600.0,888057613.0,,#29 Sandro Aeschlimann,#72 Tino Kessler,#6 Klas Dahlbeck,#38 Lukas Frick,#47 Leonid Komarov,#30 Adam Gajan,#19 Quinn Finley,#13 T.J. Hughes,#23 Eric Pohlkamp,#4 Jake Livanavage,#27 Zam Plante,,Away,Away,Away,Away,Away,Home,Home,Home,Home,Home,Home,,"26.4,0.8","20.8,-0.5","14,-5.7","24.5,5.5","17.9,4.3","-26.9,-0.1","26.1,6.8","19.7,-6.1","10.5,-13.5","11.7,9.6","10.8,-2.3",,,,,,,,,,,,,,,,,,,,,,,,,,HomePowerplay,True,False,2.0
1,954,1767181211580,PuckControl,HomePowerplay,5v4,True,True,AwayTeamZone,"29.9,4","29.4,6",888057617.0,#19 Quinn Finley,Home,,,,,,,,,,,,,,,,,,,,,,HomeControl,HomeTeamZone,HomeTeamZone,,,,888057617,150983.0,301617.0,340162.0,153736.0,888057861.0,888057597.0,888057617.0,888057609.0,888057601.0,888057600.0,888057613.0,,#29 Sandro Aeschlimann,#72 Tino Kessler,#6 Klas Dahlbeck,#38 Lukas Frick,#47 Leonid Komarov,#30 Adam Gajan,#19 Quinn Finley,#13 T.J. Hughes,#23 Eric Pohlkamp,#4 Jake Livanavage,#27 Zam Plante,,Away,Away,Away,Away,Away,Home,Home,Home,Home,Home,Home,,"26.4,-0.2","23.7,-2.7","18.4,-4.3","26.2,3.7","20.7,3","-27.1,-0.3","29,3.6","23.1,-6.3","14.2,-12.7","14.3,7.9","14.5,-2.4",,,,,,,,,,,,,,,,,,,,,,,,,,HomePowerplay,True,False,2.0
1,955,1767181211720,Pass,HomePowerplay,5v4,True,True,AwayTeamZone,"29.5,5.8","14.5,14.9",888057617.0,#19 Quinn Finley,Home,,,,,,,,,,,Failed,11.1,,,,,,,,,,,,,,,,888057617,150983.0,301617.0,340162.0,153736.0,888057861.0,888057597.0,888057617.0,888057609.0,888057601.0,888057600.0,888057613.0,,#29 Sandro Aeschlimann,#72 Tino Kessler,#6 Klas Dahlbeck,#38 Lukas Frick,#47 Leonid Komarov,#30 Adam Gajan,#19 Quinn Finley,#13 T.J. Hughes,#23 Eric Pohlkamp,#4 Jake Livanavage,#27 Zam Plante,,Away,Away,Away,Away,Away,Home,Home,Home,Home,Home,Home,,"26.3,-0.3","24.3,-3.2","19.3,-4","26.3,3.4","21.2,2.7","-27.1,-0.3","29.3,2.8","23.8,-6.7","14.9,-12.5","14.8,7.5","15.2,-2.1",,0.739,5.684,6.931,2.069,4.191,0.174,6.07,5.076,5.56,4.582,5.565,,"-0.982,-0.191","0.771,-0.637","0.929,0.37","0.265,-0.964","0.855,-0.518","0.526,-0.85","0.338,-0.941","0.78,-0.625","0.946,0.325","0.828,-0.561","0.931,0.365",,HomePowerplay,True,False,2.0
1,955,1767181211740,PuckControl,HomePowerplay,5v4,True,True,AwayTeamZone,"29.4,6","14.5,14.9",,,,,,,,,,,,,,,,,,,,,,,,,Loose,HomeTeamZone,HomeTeamZone,,,,,150983.0,301617.0,340162.0,153736.0,888057861.0,888057597.0,888057617.0,888057609.0,888057601.0,888057600.0,888057613.0,,#29 Sandro Aeschlimann,#72 Tino Kessler,#6 Klas Dahlbeck,#38 Lukas Frick,#47 Leonid Komarov,#30 Adam Gajan,#19 Quinn Finley,#13 T.J. Hughes,#23 Eric Pohlkamp,#4 Jake Livanavage,#27 Zam Plante,,Away,Away,Away,Away,Away,Home,Home,Home,Home,Home,Home,,"26.3,-0.3","24.4,-3.3","19.4,-3.9","26.3,3.3","21.3,2.6","-27.1,-0.3","29.4,2.7","23.8,-6.7","15,-12.5","14.9,7.5","15.3,-2.1",,,,,,,,,,,,,,,,,,,,,,,,,,HomePowerplay,True,False,2.0
1,957,1767181214240,PuckControl,HomePowerplay,5v4,True,True,AwayTeamZone,"14.5,14.9","13.4,14.9",888057600.0,#4 Jake Livanavage,Home,,,,,,,,,,,,,,,,,,,,,,HomeControl,HomeTeamZone,HomeTeamZone,,,,888057600,150983.0,301617.0,340162.0,153736.0,888057861.0,888057597.0,888057617.0,888057609.0,888057601.0,888057600.0,888057613.0,,#29 Sandro Aeschlimann,#72 Tino Kessler,#6 Klas Dahlbeck,#38 Lukas Frick,#47 Leonid Komarov,#30 Adam Gajan,#19 Quinn Finley,#13 T.J. Hughes,#23 Eric Pohlkamp,#4 Jake Livanavage,#27 Zam Plante,,Away,Away,Away,Away,Away,Home,Home,Home,Home,Home,Home,,"25.5,1.2","23.5,-5.6","24.3,-0.6","24.4,2.6","18.7,4.6","-26.2,-0.1","26.4,-8.6","18,-9.9","11.7,-4.3","14,13.9","20.8,7.3",,,,,,,,,,,,,,,,,,,,,,,,,,HomePowerplay,True,False,2.0
1,959,1767181216060,Pass,HomePowerplay,5v4,True,True,AwayTeamZone,"13.3,14.9","22.8,12.6",888057600.0,#4 Jake Livanavage,Home,888057613.0,#27 Zam Plante,Home,,,,,,,,Successful,11.2,,,,,,,,,,,,,,,,"888057600,888057613",150983.0,301617.0,340162.0,153736.0,888057861.0,888057597.0,888057617.0,888057609.0,888057601.0,888057600.0,888057613.0,,#29 Sandro Aeschlimann,#72 Tino Kessler,#6 Klas Dahlbeck,#38 Lukas Frick,#47 Leonid Komarov,#30 Adam Gajan,#19 Quinn Finley,#13 T.J. Hughes,#23 Eric Pohlkamp,#4 Jake Livanavage,#27 Zam Plante,,Away,Away,Away,Away,Away,Home,Home,Home,Home,Home,Home,,"24.9,1.1","18.7,0","23.4,-0.4","22.9,3.6","13.4,9.2","-26.7,0","23.9,-2.3","14.4,-0.2","7.2,0","12.6,14.7","22.8,12.5",,0.689,4.306,0.237,1.81,3.809,0.509,4.349,6.131,3.7,0.369,1.303,,"0.962,-0.272","-0.393,0.919","-0.752,0.659","-0.749,0.663","0.106,0.994","-0.91,0.415","0.354,0.935","-0.125,0.992","-0.18,0.984","-0.775,-0.632","-0.36,0.933",,HomePowerplay,True,False,2.0
1,959,1767181216080,PuckControl,HomePowerplay,5v4,True,True,AwayTeamZone,"13.4,14.9","22.8,12.6",,,,,,,,,,,,,,,,,,,,,,,,,HomeControl,HomeTeamZone,HomeTeamZone,,,,,150983.0,301617.0,340162.0,153736.0,888057861.0,888057597.0,888057617.0,888057609.0,888057601.0,888057600.0,888057613.0,,#29 Sandro Aeschlimann,#72 Tino Kessler,#6 Klas Dahlbeck,#38 Lukas Frick,#47 Leonid Komarov,#30 Adam Gajan,#19 Quinn Finley,#13 T.J. Hughes,#23 Eric Pohlkamp,#4 Jake Livanavage,#27 Zam Plante,,Away,Away,Away,Away,Away,Home,Home,Home,Home,Home,Home,,"24.9,1.1","18.7,0","23.4,-0.4","22.8,3.6","13.4,9.3","-26.7,0","23.9,-2.2","14.4,-0.1","7.2,0.1","12.6,14.7","22.8,12.6",,,,,,,,,,,,,,,,,,,,,,,,,,HomePowerplay,True,False,2.0
1,960,1767181217060,PuckControl,HomePowerplay,5v4,True,True,AwayTeamZone,"22.8,12.6","23.6,12.2",888057613.0,#27 Zam Plante,Home,,,,,,,,,,,,,,,,,,,,,,HomeControl,HomeTeamZone,HomeTeamZone,,,,888057613,150983.0,301617.0,340162.0,153736.0,888057861.0,888057597.0,888057617.0,888057609.0,888057601.0,888057600.0,888057613.0,,#29 Sandro Aeschlimann,#72 Tino Kessler,#6 Klas Dahlbeck,#38 Lukas Frick,#47 Leonid Komarov,#30 Adam Gajan,#19 Quinn Finley,#13 T.J. Hughes,#23 Eric Pohlkamp,#4 Jake Livanavage,#27 Zam Plante,,Away,Away,Away,Away,Away,Home,Home,Home,Home,Home,Home,,"25.9,1.1","17.4,3.5","23.3,-0.5","22.1,4.7","16.5,11.9","-26.9,-0.2","25,1","14.6,5.4","7.3,3.2","11.5,14.8","23,13.2",,,,,,,,,,,,,,,,,,,,,,,,,,HomePowerplay,True,False,2.0
1,960,1767181217360,Pass,HomePowerplay,5v4,True,True,AwayTeamZone,"23.5,12.2","10.4,12.5",888057613.0,#27 Zam Plante,Home,888057600.0,#4 Jake Livanavage,Home,,,,,,,,Successful,12.1,,,,,,,,,,,,,,,,"888057613,888057600",150983.0,301617.0,340162.0,153736.0,888057861.0,888057597.0,888057617.0,888057609.0,888057601.0,888057600.0,888057613.0,,#29 Sandro Aeschlimann,#72 Tino Kessler,#6 Klas Dahlbeck,#38 Lukas Frick,#47 Leonid Komarov,#30 Adam Gajan,#19 Quinn Finley,#13 T.J. Hughes,#23 Eric Pohlkamp,#4 Jake Livanavage,#27 Zam Plante,,Away,Away,Away,Away,Away,Home,Home,Home,Home,Home,Home,,"26,1.2","17.5,4.1","23.4,-0.6","22.2,4.8","18.1,12.1","-26.7,-0.2","25.1,1.4","15.2,6.4","7.7,3.4","11,14.8","23.4,13.2",,0.241,1.926,0.418,0.673,5.45,0.523,0.873,3.723,0.841,1.486,1.456,,"0.634,0.773","0.305,0.952","0.774,-0.634","0.99,-0.142","0.997,0.075","0.993,-0.115","0.278,0.961","0.71,0.704","0.933,0.361","-0.999,0.046","0.986,-0.165",,HomePowerplay,True,False,2.0
1,960,1767181217380,PuckControl,HomePowerplay,5v4,True,True,AwayTeamZone,"23.6,12.2","10.4,12.5",,,,,,,,,,,,,,,,,,,,,,,,,HomeControl,HomeTeamZone,HomeTeamZone,,,,,150983.0,301617.0,340162.0,153736.0,888057861.0,888057597.0,888057617.0,888057609.0,888057601.0,888057600.0,888057613.0,,#29 Sandro Aeschlimann,#72 Tino Kessler,#6 Klas Dahlbeck,#38 Lukas Frick,#47 Leonid Komarov,#30 Adam Gajan,#19 Quinn Finley,#13 T.J. Hughes,#23 Eric Pohlkamp,#4 Jake Livanavage,#27 Zam Plante,,Away,Away,Away,Away,Away,Home,Home,Home,Home,Home,Home,,"26,1.2","17.5,4.1","23.4,-0.6","22.2,4.8","18.2,12.1","-26.7,-0.2","25.1,1.4","15.2,6.4","7.7,3.4","11,14.8","23.4,13.2",,,,,,,,,,,,,,,,,,,,,,,,,,HomePowerplay,True,False,2.0
1,961,1767181218640,PuckControl,HomePowerplay,5v4,True,True,AwayTeamZone,"10.4,12.5","9.9,7.4",888057600.0,#4 Jake Livanavage,Home,,,,,,,,,,,,,,,,,,,,,,HomeControl,HomeTeamZone,HomeTeamZone,,,,888057600,150983.0,301617.0,340162.0,153736.0,888057861.0,888057597.0,888057617.0,888057609.0,888057601.0,888057600.0,888057613.0,,#29 Sandro Aeschlimann,#72 Tino Kessler,#6 Klas Dahlbeck,#38 Lukas Frick,#47 Leonid Komarov,#30 Adam Gajan,#19 Quinn Finley,#13 T.J. Hughes,#23 Eric Pohlkamp,#4 Jake Livanavage,#27 Zam Plante,,Away,Away,Away,Away,Away,Home,Home,Home,Home,Home,Home,,"25.4,1.1","18.2,2.8","23.1,-0.6","22.7,3.3","22.8,8.9","-26.8,-0.1","25,1.7","19.6,5.2","7.9,2.6","9.9,13.9","25.2,12.8",,,,,,,,,,,,,,,,,,,,,,,,,,HomePowerplay,True,False,2.0
1,964,1767181220840,Pass,HomePowerplay,5v4,True,True,AwayTeamZone,"9.9,7.5","19.2,11.2",888057600.0,#4 Jake Livanavage,Home,888057613.0,#27 Zam Plante,Home,,,,,,,,Successful,16.9,,,,,,,,,,,,,,,,"888057600,888057613",150983.0,301617.0,340162.0,153736.0,888057861.0,888057597.0,888057617.0,888057609.0,888057601.0,888057600.0,888057613.0,,#29 Sandro Aeschlimann,#72 Tino Kessler,#6 Klas Dahlbeck,#38 Lukas Frick,#47 Leonid Komarov,#30 Adam Gajan,#19 Quinn Finley,#13 T.J. Hughes,#23 Eric Pohlkamp,#4 Jake Livanavage,#27 Zam Plante,,Away,Away,Away,Away,Away,Home,Home,Home,Home,Home,Home,,"24.8,1.2","13.1,3.3","21.9,-1.4","23.3,2.8","18.8,2.7","-26.8,0","24,1.2","17.7,-5.9","8.6,-3.3","10.1,7.4","21.1,13.5",,0.097,3.195,0.366,0.952,0.513,0.494,1.363,4.154,2.373,3.24,2.981,,"-0.304,-0.953","-0.236,0.972","0.908,-0.419","-0.692,0.722","-0.687,0.727","0.981,0.194","0.876,0.482","-0.143,-0.99","0.131,-0.991","0.773,-0.634","-0.931,-0.365",,HomePowerplay,True,False,2.0
1,964,1767181220860,PuckControl,HomePowerplay,5v4,True,True,AwayTeamZone,"9.9,7.4","19.2,11.2",,,,,,,,,,,,,,,,,,,,,,,,,HomeControl,HomeTeamZone,HomeTeamZone,,,,,150983.0,301617.0,340162.0,153736.0,888057861.0,888057597.0,888057617.0,888057609.0,888057601.0,888057600.0,888057613.0,,#29 Sandro Aeschlimann,#72 Tino Kessler,#6 Klas Dahlbeck,#38 Lukas Frick,#47 Leonid Komarov,#30 Adam Gajan,#19 Quinn Finley,#13 T.J. Hughes,#23 Eric Pohlkamp,#4 Jake Livanavage,#27 Zam Plante,,Away,Away,Away,Away,Away,Home,Home,Home,Home,Home,Home,,"24.8,1.2","13,3.4","21.9,-1.4","23.3,2.8","18.8,2.7","-26.7,0","24,1.2","17.7,-6","8.6,-3.3","10.1,7.4","21.1,13.5",,,,,,,,,,,,,,,,,,,,,,,,,,HomePowerplay,True,False,2.0
1,964,1767181221620,PuckControl,HomePowerplay,5v4,True,True,AwayTeamZone,"19.2,11.2","20.7,9.6",888057613.0,#27 Zam Plante,Home,,,,,,,,,,,,,,,,,,,,,,HomeControl,HomeTeamZone,HomeTeamZone,,,,888057613,150983.0,301617.0,340162.0,153736.0,888057861.0,888057597.0,888057617.0,888057609.0,888057601.0,888057600.0,888057613.0,,#29 Sandro Aeschlimann,#72 Tino Kessler,#6 Klas Dahlbeck,#38 Lukas Frick,#47 Leonid Komarov,#30 Adam Gajan,#19 Quinn Finley,#13 T.J. Hughes,#23 Eric Pohlkamp,#4 Jake Livanavage,#27 Zam Plante,,Away,Away,Away,Away,Away,Home,Home,Home,Home,Home,Home,,"24.9,1.1","13.8,5.8","21.9,-1.4","22.5,3.7","18.9,2.9","-26.5,0","24.2,1.6","18,-8.4","8.9,-3.9","11.3,6.6","19.7,12.3",,,,,,,,,,,,,,,,,,,,,,,,,,HomePowerplay,True,False,2.0
1,965,1767181222560,Shot,HomePowerplay,5v4,True,True,AwayTeamZone,"20.7,9.6",,888057613.0,#27 Zam Plante,Home,150983.0,#29 Sandro Aeschlimann,Away,,Missed,113.9,,0.017,,,,,,,,,,,,,,,,,,,,"888057613,150983",150983.0,301617.0,340162.0,153736.0,888057861.0,888057597.0,888057617.0,888057609.0,888057601.0,888057600.0,888057613.0,,#29 Sandro Aeschlimann,#72 Tino Kessler,#6 Klas Dahlbeck,#38 Lukas Frick,#47 Leonid Komarov,#30 Adam Gajan,#19 Quinn Finley,#13 T.J. Hughes,#23 Eric Pohlkamp,#4 Jake Livanavage,#27 Zam Plante,,Away,Away,Away,Away,Away,Home,Home,Home,Home,Home,Home,,"26,1.5","15.9,5.4","22.4,-0.8","22.2,5.2","19.7,2.2","-26.5,-0.3","24.4,2","19.5,-8.1","9.3,-3.8","10.7,8.2","20.3,10.1",,0.103,2.357,0.618,1.117,2.261,0.089,0.03,1.922,1.254,1.684,2.686,,"-0.998,0.065","0.595,-0.804","0.991,-0.13","0.596,0.803","0.603,-0.798","0.949,0.317","0.533,0.846","0.724,0.69","0.8,0.6","-0.622,0.783","0.647,-0.763",,HomePowerplay,True,False,2.0
1,965,1767181222580,PuckControl,HomePowerplay,5v4,True,True,AwayTeamZone,"20.7,9.6","-20.9,-12.1",,,,,,,,,,,,,,,,,,,,,,,,,Loose,HomeTeamZone,AwayTeamZone,,,,,150983.0,301617.0,340162.0,153736.0,888057861.0,888057597.0,888057617.0,888057609.0,888057601.0,888057600.0,888057613.0,,#29 Sandro Aeschlimann,#72 Tino Kessler,#6 Klas Dahlbeck,#38 Lukas Frick,#47 Leonid Komarov,#30 Adam Gajan,#19 Quinn Finley,#13 T.J. Hughes,#23 Eric Pohlkamp,#4 Jake Livanavage,#27 Zam Plante,,Away,Away,Away,Away,Away,Home,Home,Home,Home,Home,Home,,"26,1.5","16,5.4","22.4,-0.8","22.2,5.2","19.7,2.1","-26.5,-0.2","24.4,2","19.5,-8.1","9.3,-3.8","10.7,8.2","20.3,10",,,,,,,,,,,,,,,,,,,,,,,,,,HomePowerplay,True,False,2.0
1,968,1767181225020,BluelineCrossing,HomePowerplay,5v4,True,True,AwayTeamZone,"7.2,-13.8",,888057613.0,#27 Zam Plante,Home,,,,,,,,,,,,,,TowardsHome,,,,,,,,,,,,,,888057613,150983.0,301617.0,340162.0,153736.0,888057861.0,888057597.0,888057617.0,888057609.0,888057601.0,888057600.0,888057613.0,,#29 Sandro Aeschlimann,#72 Tino Kessler,#6 Klas Dahlbeck,#38 Lukas Frick,#47 Leonid Komarov,#30 Adam Gajan,#19 Quinn Finley,#13 T.J. Hughes,#23 Eric Pohlkamp,#4 Jake Livanavage,#27 Zam Plante,,Away,Away,Away,Away,Away,Home,Home,Home,Home,Home,Home,,"26.3,0.4","13.7,2.8","22.6,-0.6","22.1,3.3","18.7,1.2","-26.1,-0.2","24.3,2.2","18,-11.7","9,-7.3","7.2,6.8","20,10.7",,1.253,3.885,2.205,3.533,2.299,1.872,1.642,4.543,5.223,3.479,3.262,,"-0.178,-0.984","-0.829,0.559","-0.612,0.791","-0.982,0.189","-0.891,0.455","0.834,-0.551","-0.979,-0.204","-0.759,-0.651","-0.594,-0.804","-0.995,-0.097","-1,0.006",,HomePowerplay,True,False,2.0
1,969,1767181226240,BluelineCrossing,HomePowerplay,5v4,True,True,NeutralZone,"-7.1,-13.4",,888057613.0,#27 Zam Plante,Home,,,,,,,,,,,,,,TowardsHome,,,,,,,,,,,,,,888057613,150983.0,301617.0,340162.0,153736.0,888057861.0,888057597.0,888057617.0,888057609.0,888057601.0,888057600.0,888057613.0,,#29 Sandro Aeschlimann,#72 Tino Kessler,#6 Klas Dahlbeck,#38 Lukas Frick,#47 Leonid Komarov,#30 Adam Gajan,#19 Quinn Finley,#13 T.J. Hughes,#23 Eric Pohlkamp,#4 Jake Livanavage,#27 Zam Plante,,Away,Away,Away,Away,Away,Home,Home,Home,Home,Home,Home,,"26.5,0","10.9,7.3","20.6,3.5","18.6,7.5","15.2,4.9","-24.8,-3.3","21.1,1.8","13.2,-13.7","2.9,-10.3","2.5,8.6","15.3,11.4",,0.592,4.894,4.602,5.274,4.893,4.394,2.978,3.643,6.609,4.357,3.861,,"0.081,0.997","-0.391,0.921","-0.422,0.906","-0.54,0.842","-0.564,0.825","0.239,-0.971","-1,-0.022","-0.999,0.054","-0.964,-0.265","-0.844,0.537","-0.976,0.22",,HomePowerplay,True,False,2.0
1,971,1767181227920,PuckControl,HomePowerplay,5v4,True,True,HomeTeamZone,"-20.9,-12.1","-21.3,-12.1",888057597.0,#30 Adam Gajan,Home,,,,,,,,,,,,,,,,,,,,,,HomeControl,AwayTeamZone,AwayTeamZone,,,,888057597,150983.0,152416.0,340162.0,888057861.0,345038.0,888057597.0,888057617.0,888057609.0,888057601.0,888057600.0,888057613.0,,#29 Sandro Aeschlimann,#90 Sven Jung,#6 Klas Dahlbeck,#47 Leonid Komarov,#19 Adam Tambellini,#30 Adam Gajan,#19 Quinn Finley,#13 T.J. Hughes,#23 Eric Pohlkamp,#4 Jake Livanavage,#27 Zam Plante,,Away,Away,Away,Away,Away,Home,Home,Home,Home,Home,Home,,"25.9,0.2","13,9.8","17,10","9.9,9.8","1.4,11.2","-21.5,-10.2","14.9,3.9","5.3,-14.3","-8.5,-12.5","-4.6,11.8","8.1,11.6",,,,,,,,,,,,,,,,,,,,,,,,,,HomePowerplay,True,False,2.0
1,971,1767181228160,Pass,HomePowerplay,5v4,True,True,HomeTeamZone,"-21.4,-12.1","-17.5,-13.2",888057597.0,#30 Adam Gajan,Home,888057601.0,#23 Eric Pohlkamp,Home,,,,,,,,Successful,4.4,,,,,,,,,,,,,,,,"888057597,888057601",150983.0,152416.0,340162.0,888057861.0,345038.0,888057597.0,888057617.0,888057609.0,888057601.0,888057600.0,888057613.0,,#29 Sandro Aeschlimann,#90 Sven Jung,#6 Klas Dahlbeck,#47 Leonid Komarov,#19 Adam Tambellini,#30 Adam Gajan,#19 Quinn Finley,#13 T.J. Hughes,#23 Eric Pohlkamp,#4 Jake Livanavage,#27 Zam Plante,,Away,Away,Away,Away,Away,Home,Home,Home,Home,Home,Home,,"25.6,0.2","13.1,8.6","16.2,10.8","9.2,10.5","0.4,10.2","-21.3,-10.6","13.9,4.2","4.2,-14.4","-10.1,-12.9","-5.6,12.2","7,11.7",,1.23,5.198,4.396,4.503,6.404,1.193,4.153,4.796,6.764,4.347,4.31,,"-0.999,-0.037","0.036,-0.999","-0.675,0.738","-0.702,0.713","-0.6,-0.8","0.517,-0.856","-0.942,0.335","-1,-0.001","-0.968,-0.25","-0.93,0.368","-0.995,0.099",,HomePowerplay,True,False,2.0
1,971,1767181228180,PuckControl,HomePowerplay,5v4,True,True,HomeTeamZone,"-21.3,-12.1","-17.5,-13.2",,,,,,,,,,,,,,,,,,,,,,,,,HomeControl,AwayTeamZone,AwayTeamZone,,,,,150983.0,152416.0,340162.0,888057861.0,345038.0,888057597.0,888057617.0,888057609.0,888057601.0,888057600.0,888057613.0,,#29 Sandro Aeschlimann,#90 Sven Jung,#6 Klas Dahlbeck,#47 Leonid Komarov,#19 Adam Tambellini,#30 Adam Gajan,#19 Quinn Finley,#13 T.J. Hughes,#23 Eric Pohlkamp,#4 Jake Livanavage,#27 Zam Plante,,Away,Away,Away,Away,Away,Home,Home,Home,Home,Home,Home,,"25.6,0.2","13.1,8.5","16.2,10.9","9.1,10.6","0.3,10.1","-21.3,-10.6","13.9,4.2","4.1,-14.4","-10.2,-13","-5.7,12.2","6.9,11.7",,,,,,,,,,,,,,,,,,,,,,,,,,HomePowerplay,True,False,2.0
1,972,1767181229080,PuckControl,HomePowerplay,5v4,True,True,HomeTeamZone,"-17.5,-13.2","-29.4,2.6",888057601.0,#23 Eric Pohlkamp,Home,,,,,,,,,,,,,,,,,,,,,,HomeControl,AwayTeamZone,AwayTeamZone,,,,888057601,150983.0,143575.0,152416.0,345038.0,888057597.0,888057617.0,888057609.0,888057601.0,888057613.0,308175.0,888057599.0,,#29 Sandro Aeschlimann,#70 Enzo Corvi,#90 Sven Jung,#19 Adam Tambellini,#30 Adam Gajan,#19 Quinn Finley,#13 T.J. Hughes,#23 Eric Pohlkamp,#27 Zam Plante,#77 Nico Gross,#5 Mac Gadowsky,,Away,Away,Away,Away,Home,Home,Home,Home,Home,Away,Home,,"24.5,0.2","7.3,12.1","11.7,4","-3.1,5.3","-21.8,-9.8","10.3,6.5","0.2,-14.4","-16.1,-14.1","2.8,12.5","10,13","-13.1,13.5",,,,,,,,,,,,,,,,,,,,,,,,,,HomePowerplay,True,False,2.0
1,976,1767181232900,PuckControl,HomePowerplay,5v4,True,True,HomeTeamZone,"-29.4,2.6","-29.9,-0.5",,,,,,,,,,,,,,,,,,,,,,,,,Loose,AwayTeamZone,AwayTeamZone,,,,,150983.0,143575.0,152416.0,308175.0,345038.0,888057597.0,888057599.0,888057609.0,888057601.0,888057613.0,888057617.0,,#29 Sandro Aeschlimann,#70 Enzo Corvi,#90 Sven Jung,#77 Nico Gross,#19 Adam Tambellini,#30 Adam Gajan,#5 Mac Gadowsky,#13 T.J. Hughes,#23 Eric Pohlkamp,#27 Zam Plante,#19 Quinn Finley,,Away,Away,Away,Away,Away,Home,Home,Home,Home,Home,Home,,"24.4,0.5","-9.1,10.3","-4.7,0.9","0.7,13.8","-25.8,1.9","-26.5,0.3","-28.8,6.1","-14.1,-12","-28.3,3","-4.8,14.9","-4.3,14.7",,,,,,,,,,,,,,,,,,,,,,,,,,HomePowerplay,True,False,2.0
1,977,1767181233760,PuckControl,HomePowerplay,5v4,True,True,HomeTeamZone,"-29.9,-0.5","-2.2,7.5",888057599.0,#5 Mac Gadowsky,Home,,,,,,,,,,,,,,,,,,,,,,HomeControl,AwayTeamZone,NeutralZone,,,,888057599,150983.0,143575.0,152416.0,308175.0,345038.0,888057597.0,888057599.0,888057609.0,888057601.0,888057606.0,888057617.0,,#29 Sandro Aeschlimann,#70 Enzo Corvi,#90 Sven Jung,#77 Nico Gross,#19 Adam Tambellini,#30 Adam Gajan,#5 Mac Gadowsky,#13 T.J. Hughes,#23 Eric Pohlkamp,#15 Charlie Cerrato,#19 Quinn Finley,,Away,Away,Away,Away,Away,Home,Home,Home,Home,Home,Home,,"24.6,0.4","-12.9,8.3","-6.8,-2.6","-1.7,13.9","-26.3,7.3","-26.3,0.3","-29.4,1.5","-14.2,-8.2","-25.8,6.9","-12,14.9","-5.9,14.9",,,,,,,,,,,,,,,,,,,,,,,,,,HomePowerplay,True,False,2.0
1,982,1767181239080,BluelineCrossing,HomePowerplay,5v4,True,True,NeutralZone,"-7.1,8.3",,888057599.0,#5 Mac Gadowsky,Home,,,,,,,,,,,,,PossessionLost,TowardsOpponent,,,,,,,,,,,,,,888057599,150983.0,143575.0,152416.0,308175.0,345038.0,888057606.0,888057597.0,888057599.0,888057614.0,888057610.0,888057609.0,,#29 Sandro Aeschlimann,#70 Enzo Corvi,#90 Sven Jung,#77 Nico Gross,#19 Adam Tambellini,#15 Charlie Cerrato,#30 Adam Gajan,#5 Mac Gadowsky,#14 Matt Dimarsico,#18 Aiden Fink,#13 T.J. Hughes,,Away,Away,Away,Away,Away,Home,Home,Home,Home,Home,Home,,"24.7,1.4","-7.2,4.5","4.5,3.5","4.9,9.4","-1,-0.5","-19.5,1.2","-27,-0.1","-7.8,6.7","5.9,14.8","-12.4,9.7","-4.2,14.9",,0.481,6.176,3.144,2.564,4.601,5.032,0.293,7.093,0.991,4.33,1.174,,"0.554,-0.833","0.52,0.854","0.969,0.247","0.595,0.803","0.992,-0.126","0.975,0.221","0.846,-0.532","0.879,0.476","0.632,0.775","0.244,-0.97","-0.306,0.952",,HomePowerplay,True,False,2.0
1,983,1767181239740,Pass,HomePowerplay,5v4,True,True,NeutralZone,"-2.2,7.8","-13,-14.8",888057599.0,#5 Mac Gadowsky,Home,,,,,,,,,,,Failed,10.1,,,,,,,,,,,,,,,,888057599,150983.0,143575.0,152416.0,308175.0,345038.0,888057606.0,888057597.0,888057599.0,888057614.0,888057610.0,888057609.0,,#29 Sandro Aeschlimann,#70 Enzo Corvi,#90 Sven Jung,#77 Nico Gross,#19 Adam Tambellini,#15 Charlie Cerrato,#30 Adam Gajan,#5 Mac Gadowsky,#14 Matt Dimarsico,#18 Aiden Fink,#13 T.J. Hughes,,Away,Away,Away,Away,Away,Home,Home,Home,Home,Home,Home,,"24.7,0.8","-4.5,6.5","6.3,2.9","6.2,10","2.3,-1.1","-16.6,3","-26.9,0","-3.4,8.3","6.1,14.9","-10.5,6.9","-4.6,14.9",,1.018,4.593,3.694,2.345,4.79,5.776,0.327,6.982,0.394,5.922,0.692,,"-0.069,-0.998","0.993,0.119","0.665,-0.747","0.973,-0.229","0.896,-0.444","0.713,0.701","-0.313,0.95","0.984,0.18","0.336,0.942","0.743,-0.669","-0.733,0.68",,HomePowerplay,True,False,2.0
1,983,1767181239760,PuckControl,HomePowerplay,5v4,True,True,NeutralZone,"-2.2,7.5","-13,-14.5",,,,,,,,,,,,,,,,,,,,,,,,,Loose,NeutralZone,AwayTeamZone,,,,,150983.0,143575.0,152416.0,308175.0,345038.0,888057606.0,888057597.0,888057599.0,888057614.0,888057610.0,888057609.0,,#29 Sandro Aeschlimann,#70 Enzo Corvi,#90 Sven Jung,#77 Nico Gross,#19 Adam Tambellini,#15 Charlie Cerrato,#30 Adam Gajan,#5 Mac Gadowsky,#14 Matt Dimarsico,#18 Aiden Fink,#13 T.J. Hughes,,Away,Away,Away,Away,Away,Home,Home,Home,Home,Home,Home,,"24.7,0.7","-4.4,6.5","6.4,2.9","6.3,10","2.4,-1.1","-16.5,3.1","-26.9,0","-3.2,8.3","6.1,14.9","-10.4,6.9","-4.6,14.9",,,,,,,,,,,,,,,,,,,,,,,,,,HomePowerplay,True,False,2.0
1,984,1767181241200,BluelineCrossing,HomePowerplay,5v4,True,True,NeutralZone,"-7.1,-5.3",,888057599.0,#5 Mac Gadowsky,Home,,,,,,,,,,,,,,TowardsHome,,,,,,,,,,,,,,888057599,150983.0,143575.0,152416.0,308175.0,345038.0,888057606.0,888057597.0,888057599.0,888057610.0,888057615.0,888057614.0,,#29 Sandro Aeschlimann,#70 Enzo Corvi,#90 Sven Jung,#77 Nico Gross,#19 Adam Tambellini,#15 Charlie Cerrato,#30 Adam Gajan,#5 Mac Gadowsky,#18 Aiden Fink,#86 JJ Wiebusch,#14 Matt Dimarsico,,Away,Away,Away,Away,Away,Home,Home,Home,Home,Home,Home,,"24.7,0.6","-1.2,1.3","7.2,-1.5","8.7,5.6","2.2,-6.5","-9.6,7.5","-26.6,-0.1","4.7,4.1","-4.6,-0.1","-0.7,13.2","5.9,14.9",,0.191,5.934,3.23,3.74,4.583,5.168,0.546,6.163,6.768,2.921,0.536,,"0.785,0.62","-0.343,-0.939","-0.425,-0.905","0.066,-0.998","-0.569,-0.822","0.882,0.471","0.987,-0.162","0.493,-0.87","0.141,-0.99","0.783,-0.622","-0.897,-0.443",,HomePowerplay,True,False,2.0
1,986,1767181243200,Pass,HomePowerplay,5v4,True,True,HomeTeamZone,"-13,-14.5","0.1,0.1",888057610.0,#18 Aiden Fink,Home,,,,,,,,,,,Failed,19.8,,,,,,,,,,,,,,,,888057610,150983.0,143575.0,152416.0,308175.0,345038.0,888057615.0,888057606.0,888057597.0,888057599.0,888057614.0,888057610.0,,#29 Sandro Aeschlimann,#70 Enzo Corvi,#90 Sven Jung,#77 Nico Gross,#19 Adam Tambellini,#86 JJ Wiebusch,#15 Charlie Cerrato,#30 Adam Gajan,#5 Mac Gadowsky,#14 Matt Dimarsico,#18 Aiden Fink,,Away,Away,Away,Away,Away,Home,Home,Home,Home,Home,Home,,"24.7,0.6","-10.8,-7.5","6.8,-8.1","5.8,-1.2","-4.2,-13.3","3.1,5.8","-12.2,13.3","-25.7,-0.5","2.5,-8.1","3.8,13.9","-13.1,-12.3",,0.341,5.975,3.337,3.02,3.082,4.056,4.867,0.581,6.321,0.899,6.879,,"-0.113,0.994","-0.617,-0.787","-0.432,-0.902","-0.963,-0.27","-0.782,-0.623","-0.227,-0.974","-0.919,-0.394","0.871,0.491","-0.588,-0.809","-0.204,-0.979","-0.722,-0.692",,HomePowerplay,True,False,2.0
1,986,1767181243200,PuckControl,HomePowerplay,5v4,True,True,HomeTeamZone,"-13,-14.5","-12.9,-14.3",888057610.0,#18 Aiden Fink,Home,,,,,,,,,,,,,,,,,,,,,,HomeControl,AwayTeamZone,AwayTeamZone,,,,888057610,150983.0,143575.0,152416.0,308175.0,345038.0,888057615.0,888057606.0,888057597.0,888057599.0,888057614.0,888057610.0,,#29 Sandro Aeschlimann,#70 Enzo Corvi,#90 Sven Jung,#77 Nico Gross,#19 Adam Tambellini,#86 JJ Wiebusch,#15 Charlie Cerrato,#30 Adam Gajan,#5 Mac Gadowsky,#14 Matt Dimarsico,#18 Aiden Fink,,Away,Away,Away,Away,Away,Home,Home,Home,Home,Home,Home,,"24.7,0.6","-10.8,-7.5","6.8,-8.1","5.8,-1.2","-4.2,-13.3","3.1,5.8","-12.2,13.3","-25.7,-0.5","2.5,-8.1","3.8,13.9","-13.1,-12.3",,,,,,,,,,,,,,,,,,,,,,,,,,HomePowerplay,True,False,2.0
1,986,1767181243220,PuckControl,HomePowerplay,5v4,True,True,HomeTeamZone,"-12.9,-14.3","0.1,11.8",,,,,,,,,,,,,,,,,,,,,,,,,Loose,AwayTeamZone,NeutralZone,,,,,150983.0,143575.0,152416.0,308175.0,345038.0,888057615.0,888057606.0,888057597.0,888057599.0,888057614.0,888057610.0,,#29 Sandro Aeschlimann,#70 Enzo Corvi,#90 Sven Jung,#77 Nico Gross,#19 Adam Tambellini,#86 JJ Wiebusch,#15 Charlie Cerrato,#30 Adam Gajan,#5 Mac Gadowsky,#14 Matt Dimarsico,#18 Aiden Fink,,Away,Away,Away,Away,Away,Home,Home,Home,Home,Home,Home,,"24.7,0.6","-10.9,-7.5","6.8,-8.2","5.7,-1.2","-4.3,-13.3","3.1,5.7","-12.3,13.3","-25.7,-0.5","2.4,-8.2","3.8,13.9","-13.2,-12.4",,,,,,,,,,,,,,,,,,,,,,,,,,HomePowerplay,True,False,2.0
1,987,1767181243780,BluelineCrossing,HomePowerplay,5v4,True,True,NeutralZone,"-7.1,-6.2",,888057610.0,#18 Aiden Fink,Home,,,,,,,,,,,,,PossessionMaintained,TowardsOpponent,,,,,,,,,,,,,,888057610,150983.0,143575.0,152416.0,308175.0,345038.0,888057615.0,888057606.0,888057597.0,888057599.0,888057614.0,888057610.0,,#29 Sandro Aeschlimann,#70 Enzo Corvi,#90 Sven Jung,#77 Nico Gross,#19 Adam Tambellini,#86 JJ Wiebusch,#15 Charlie Cerrato,#30 Adam Gajan,#5 Mac Gadowsky,#14 Matt Dimarsico,#18 Aiden Fink,,Away,Away,Away,Away,Away,Home,Home,Home,Home,Home,Home,,"24.7,0.7","-11.3,-10.2","5.7,-9.4","4.5,-0.4","-5.8,-12.8","2.1,3.5","-13.7,11.2","-25.6,-0.3","-0.2,-10.7","4.1,13.6","-15.7,-14.3",,0.038,4.744,2.893,3.354,3.791,4.41,4.7,0.337,5.958,0.973,4.199,,"0.461,0.887","0.289,-0.957","-0.976,-0.217","-0.508,0.861","-0.675,0.738","-0.558,-0.83","-0.097,-0.995","0.263,0.965","-0.846,-0.534","0.892,-0.452","-0.87,-0.492",,HomePowerplay,True,False,2.0
1,989,1767181246260,PuckControl,HomePowerplay,5v4,True,True,NeutralZone,"0.1,11.8","9.5,14.7",888057606.0,#15 Charlie Cerrato,Home,,,,,,,,,,,,,,,,,,,,,,HomeControl,NeutralZone,HomeTeamZone,,,,888057606,150983.0,143575.0,152416.0,308175.0,345038.0,888057615.0,888057606.0,888057597.0,888057599.0,888057614.0,888057610.0,,#29 Sandro Aeschlimann,#70 Enzo Corvi,#90 Sven Jung,#77 Nico Gross,#19 Adam Tambellini,#86 JJ Wiebusch,#15 Charlie Cerrato,#30 Adam Gajan,#5 Mac Gadowsky,#14 Matt Dimarsico,#18 Aiden Fink,,Away,Away,Away,Away,Away,Home,Home,Home,Home,Home,Home,,"24.8,0.6","1.9,-9.6","7.1,-1.3","6.2,9.2","2.5,-3.1","-3.5,5.8","-1.7,10.8","-26.7,0.4","-0.2,-5.3","3.2,14.3","-12.5,-11.9",,,,,,,,,,,,,,,,,,,,,,,,,,HomePowerplay,True,False,2.0
1,990,1767181247340,BluelineCrossing,HomePowerplay,5v4,True,True,AwayTeamZone,"7.2,13.6",,888057606.0,#15 Charlie Cerrato,Home,,,,,,,,,,,,,PossessionLost,TowardsOpponent,"888057606,888057599,888057614","143575,152416,308175,345038",,,,,,,,,,,,"888057606,888057599,888057614,143575,152416,308175,345038",150983.0,143575.0,152416.0,308175.0,345038.0,888057615.0,888057606.0,888057597.0,888057599.0,888057614.0,888057610.0,,#29 Sandro Aeschlimann,#70 Enzo Corvi,#90 Sven Jung,#77 Nico Gross,#19 Adam Tambellini,#86 JJ Wiebusch,#15 Charlie Cerrato,#30 Adam Gajan,#5 Mac Gadowsky,#14 Matt Dimarsico,#18 Aiden Fink,,Away,Away,Away,Away,Away,Home,Home,Home,Home,Home,Home,,"24.9,0.9","7.7,-5.5","11.2,1.8","9.5,11.4","6.4,1.6","0.7,10.1","5.6,13.7","-26.8,0.2","4.9,-4.1","5,14.9","-6.3,-11.2",,0.625,6.093,4.329,4.089,7.344,5.996,7.16,0.597,4.14,4.196,6.27,,"0.313,0.95","0.816,0.579","0.924,0.382","0.886,0.463","0.284,0.959","0.94,0.341","0.982,0.189","0.071,-0.998","1,0.031","1,0.028","0.979,0.203",,HomePowerplay,True,False,2.0
1,991,1767181248240,Pass,HomePowerplay,5v4,True,True,AwayTeamZone,"9.5,14.7","10.9,12",888057606.0,#15 Charlie Cerrato,Home,345038.0,#19 Adam Tambellini,Away,,,,,,,,Intercepted,8.8,,,,,,,,,,,,,,,,"888057606,345038",150983.0,143575.0,152416.0,308175.0,345038.0,888057615.0,888057606.0,888057597.0,888057599.0,888057614.0,888057610.0,,#29 Sandro Aeschlimann,#70 Enzo Corvi,#90 Sven Jung,#77 Nico Gross,#19 Adam Tambellini,#86 JJ Wiebusch,#15 Charlie Cerrato,#30 Adam Gajan,#5 Mac Gadowsky,#14 Matt Dimarsico,#18 Aiden Fink,,Away,Away,Away,Away,Away,Home,Home,Home,Home,Home,Home,,"25.1,1.5","11.8,-1.6","15.2,2.3","12.3,12.9","8.8,8.2","6.5,10.3","9.9,14.4","-26.7,-0.1","9.3,-3.6","8.6,14.3","-0.9,-9.3",,0.272,6.755,5.065,2.203,7.005,6.495,2.257,0.5,6.107,4.163,6.518,,"0.426,0.905","0.541,0.841","0.991,-0.13","0.975,0.222","0.456,0.89","0.993,-0.115","0.847,0.531","-0.991,0.135","1,-0.002","0.873,-0.488","0.938,0.347",,HomePowerplay,True,False,2.0
1,991,1767181248260,PuckControl,HomePowerplay,5v4,True,True,AwayTeamZone,"9.5,14.7","10.9,12",,,,,,,,,,,,,,,,,,,,,,,,,Loose,HomeTeamZone,HomeTeamZone,,,,,150983.0,143575.0,152416.0,308175.0,345038.0,888057615.0,888057606.0,888057597.0,888057599.0,888057614.0,888057610.0,,#29 Sandro Aeschlimann,#70 Enzo Corvi,#90 Sven Jung,#77 Nico Gross,#19 Adam Tambellini,#86 JJ Wiebusch,#15 Charlie Cerrato,#30 Adam Gajan,#5 Mac Gadowsky,#14 Matt Dimarsico,#18 Aiden Fink,,Away,Away,Away,Away,Away,Home,Home,Home,Home,Home,Home,,"25.1,1.5","11.8,-1.5","15.3,2.3","12.3,12.9","8.9,8.3","6.6,10.3","9.9,14.5","-26.7,-0.1","9.4,-3.6","8.6,14.2","-0.8,-9.3",,,,,,,,,,,,,,,,,,,,,,,,,,HomePowerplay,True,False,2.0
1,991,1767181248640,PuckControl,HomePowerplay,5v4,True,True,AwayTeamZone,"10.9,12","11,12",345038.0,#19 Adam Tambellini,Away,,,,,,,,,,,,,,,,,,,,,,AwayControl,HomeTeamZone,HomeTeamZone,,,,345038,150983.0,143575.0,152416.0,308175.0,345038.0,888057615.0,888057606.0,888057597.0,888057599.0,888057614.0,888057610.0,,#29 Sandro Aeschlimann,#70 Enzo Corvi,#90 Sven Jung,#77 Nico Gross,#19 Adam Tambellini,#86 JJ Wiebusch,#15 Charlie Cerrato,#30 Adam Gajan,#5 Mac Gadowsky,#14 Matt Dimarsico,#18 Aiden Fink,,Away,Away,Away,Away,Away,Home,Home,Home,Home,Home,Home,,"25.1,1.5","13,0.8","17.3,1.8","12.8,12.7","10.3,10.3","9,10","10.3,14.9","-26.9,-0.1","11.4,-3.9","10,13.4","1.3,-8.6",,,,,,,,,,,,,,,,,,,,,,,,,,HomePowerplay,True,False,2.0
1,991,1767181248660,PuckControl,HomePowerplay,5v4,True,True,AwayTeamZone,"11,12","13.2,11.1",,,,,,,,,,,,,,,,,,,,,,,,,Contested,HomeTeamZone,HomeTeamZone,"888057614,888057615,308175,345038",,,,150983.0,143575.0,152416.0,308175.0,345038.0,888057615.0,888057606.0,888057597.0,888057599.0,888057614.0,888057610.0,,#29 Sandro Aeschlimann,#70 Enzo Corvi,#90 Sven Jung,#77 Nico Gross,#19 Adam Tambellini,#86 JJ Wiebusch,#15 Charlie Cerrato,#30 Adam Gajan,#5 Mac Gadowsky,#14 Matt Dimarsico,#18 Aiden Fink,,Away,Away,Away,Away,Away,Home,Home,Home,Home,Home,Home,,"25.1,1.5","13.1,0.9","17.4,1.7","12.9,12.7","10.4,10.4","9.1,10","10.3,14.9","-26.9,-0.1","11.5,-4","10.1,13.4","1.4,-8.6",,,,,,,,,,,,,,,,,,,,,,,,,,HomePowerplay,True,False,2.0
1,992,1767181249040,PuckControl,HomePowerplay,5v4,True,True,AwayTeamZone,"13.2,11.1","17.8,7.2",,,,,,,,,,,,,,,,,,,,,,,,,Loose,HomeTeamZone,HomeTeamZone,,,,,150983.0,143575.0,152416.0,308175.0,345038.0,888057615.0,888057606.0,888057597.0,888057599.0,888057614.0,888057610.0,,#29 Sandro Aeschlimann,#70 Enzo Corvi,#90 Sven Jung,#77 Nico Gross,#19 Adam Tambellini,#86 JJ Wiebusch,#15 Charlie Cerrato,#30 Adam Gajan,#5 Mac Gadowsky,#14 Matt Dimarsico,#18 Aiden Fink,,Away,Away,Away,Away,Away,Home,Home,Home,Home,Home,Home,,"24.9,1.5","14.1,3.2","19.1,1.1","13.2,12.2","12,11.5","11.2,10.2","10.2,14.9","-27,0","13.3,-4.4","11.4,12.8","3.5,-8",,,,,,,,,,,,,,,,,,,,,,,,,,HomePowerplay,True,False,2.0
1,993,1767181249700,PuckControl,HomePowerplay,5v4,True,True,AwayTeamZone,"17.8,7.2","19.4,5.2",143575.0,#70 Enzo Corvi,Away,,,,,,,,,,,,,,,,,,,,,,AwayControl,HomeTeamZone,HomeTeamZone,,,,143575,150983.0,143575.0,152416.0,308175.0,345038.0,888057615.0,888057606.0,888057597.0,888057599.0,888057614.0,888057610.0,,#29 Sandro Aeschlimann,#70 Enzo Corvi,#90 Sven Jung,#77 Nico Gross,#19 Adam Tambellini,#86 JJ Wiebusch,#15 Charlie Cerrato,#30 Adam Gajan,#5 Mac Gadowsky,#14 Matt Dimarsico,#18 Aiden Fink,,Away,Away,Away,Away,Away,Home,Home,Home,Home,Home,Home,,"24.9,1.4","16.4,6.1","21.1,0.6","14,12.1","14.3,11.7","14.8,10","10.1,14.8","-26.8,-0.1","14.7,-5.3","13.2,11.5","6.9,-6.7",,,,,,,,,,,,,,,,,,,,,,,,,,HomePowerplay,True,False,2.0
1,993,1767181250200,PuckControl,HomePowerplay,5v4,True,True,AwayTeamZone,"19.4,5.2","12.9,0.3",,,,,,,,,,,,,,,,,,,,,,,,,Loose,HomeTeamZone,HomeTeamZone,,,,,150983.0,143575.0,152416.0,308175.0,345038.0,888057615.0,888057606.0,888057597.0,888057599.0,888057614.0,888057610.0,,#29 Sandro Aeschlimann,#70 Enzo Corvi,#90 Sven Jung,#77 Nico Gross,#19 Adam Tambellini,#86 JJ Wiebusch,#15 Charlie Cerrato,#30 Adam Gajan,#5 Mac Gadowsky,#14 Matt Dimarsico,#18 Aiden Fink,,Away,Away,Away,Away,Away,Home,Home,Home,Home,Home,Home,,"24.9,1.4","18.7,6.5","22.2,0.2","15,12","15.6,11.4","17.3,8.6","10.2,14.6","-26.7,-0.2","14.4,-6","13.9,10.2","9.2,-4.9",,,,,,,,,,,,,,,,,,,,,,,,,,HomePowerplay,True,False,2.0
1,994,1767181250820,PuckControl,HomePowerplay,5v4,True,True,AwayTeamZone,"12.9,0.3","16.1,-1",888057610.0,#18 Aiden Fink,Home,,,,,,,,,,,,,,,,,,,,,,HomeControl,HomeTeamZone,HomeTeamZone,,,,888057610,150983.0,143575.0,152416.0,308175.0,345038.0,888057615.0,888057606.0,888057597.0,888057599.0,888057614.0,888057610.0,,#29 Sandro Aeschlimann,#70 Enzo Corvi,#90 Sven Jung,#77 Nico Gross,#19 Adam Tambellini,#86 JJ Wiebusch,#15 Charlie Cerrato,#30 Adam Gajan,#5 Mac Gadowsky,#14 Matt Dimarsico,#18 Aiden Fink,,Away,Away,Away,Away,Away,Home,Home,Home,Home,Home,Home,,"25.2,1.1","20.8,4.5","22.9,-1.1","16.1,11","16.8,10","19.1,5.8","10,14.1","-26.9,-0.1","12.7,-5.4","14.9,8.2","11.9,-1.3",,,,,,,,,,,,,,,,,,,,,,,,,,HomePowerplay,True,False,2.0
1,995,1767181251760,Shot,HomePowerplay,5v4,True,True,AwayTeamZone,"15.8,-1",,888057610.0,#18 Aiden Fink,Home,150983.0,#29 Sandro Aeschlimann,Away,,Blocked,0.0,888057615,0.075,,,,,,,,,,,,,,,,,,,,"888057610,150983,888057615",150983.0,143575.0,152416.0,308175.0,345038.0,888057615.0,888057606.0,888057597.0,888057599.0,888057614.0,888057610.0,,#29 Sandro Aeschlimann,#70 Enzo Corvi,#90 Sven Jung,#77 Nico Gross,#19 Adam Tambellini,#86 JJ Wiebusch,#15 Charlie Cerrato,#30 Adam Gajan,#5 Mac Gadowsky,#14 Matt Dimarsico,#18 Aiden Fink,,Away,Away,Away,Away,Away,Home,Home,Home,Home,Home,Home,,"25.1,-0.1","19.9,0.5","22.6,-1.8","17.8,8.2","17.1,6.2","22.2,0.8","10.3,13.6","-26.5,0","10,-3.3","18.2,5.3","15.9,0.7",,0.337,4.273,2.134,4.375,4.387,6.008,1.058,0.52,4.504,5.343,4.877,,"-0.17,-0.985","-0.338,-0.941","-0.015,1","0.627,-0.779","-0.18,-0.984","0.686,-0.727","0.679,-0.734","0.952,0.305","-0.659,0.752","0.89,-0.456","0.914,-0.407",,HomePowerplay,True,False,2.0
1,995,1767181251780,PuckControl,HomePowerplay,5v4,True,True,AwayTeamZone,"16.1,-1","22.6,-13.3",,,,,,,,,,,,,,,,,,,,,,,,,Loose,HomeTeamZone,HomeTeamZone,,,,,150983.0,143575.0,152416.0,308175.0,345038.0,888057615.0,888057606.0,888057597.0,888057599.0,888057614.0,888057610.0,,#29 Sandro Aeschlimann,#70 Enzo Corvi,#90 Sven Jung,#77 Nico Gross,#19 Adam Tambellini,#86 JJ Wiebusch,#15 Charlie Cerrato,#30 Adam Gajan,#5 Mac Gadowsky,#14 Matt Dimarsico,#18 Aiden Fink,,Away,Away,Away,Away,Away,Home,Home,Home,Home,Home,Home,,"25.1,-0.1","19.8,0.4","22.6,-1.7","17.9,8.1","17.1,6.1","22.3,0.7","10.4,13.6","-26.5,0","9.9,-3.2","18.3,5.3","16,0.6",,,,,,,,,,,,,,,,,,,,,,,,,,HomePowerplay,True,False,2.0
1,998,1767181254780,PuckControl,HomePowerplay,5v4,True,True,AwayTeamZone,"22.6,-13.3","21.6,-14.1",888057610.0,#18 Aiden Fink,Home,,,,,,,,,,,,,,,,,,,,,,HomeControl,HomeTeamZone,HomeTeamZone,,,,888057610,150983.0,143575.0,152416.0,308175.0,345038.0,888057615.0,888057606.0,888057597.0,888057599.0,888057614.0,888057610.0,,#29 Sandro Aeschlimann,#70 Enzo Corvi,#90 Sven Jung,#77 Nico Gross,#19 Adam Tambellini,#86 JJ Wiebusch,#15 Charlie Cerrato,#30 Adam Gajan,#5 Mac Gadowsky,#14 Matt Dimarsico,#18 Aiden Fink,,Away,Away,Away,Away,Away,Home,Home,Home,Home,Home,Home,,"26.5,-0.4","19.7,-10.4","24.3,-10.6","27,-3.3","19.3,-3.1","29.8,-4.9","11.4,10.2","-26.1,0.5","7.5,-8","22.4,-7.8","23.1,-11.3",,,,,,,,,,,,,,,,,,,,,,,,,,HomePowerplay,True,False,2.0
1,998,1767181255100,Dump,HomePowerplay,5v4,True,True,AwayTeamZone,"21.6,-14","29.5,-10.3",888057610.0,#18 Aiden Fink,Home,308175.0,#77 Nico Gross,Away,,,,,,,,,,,,,,Turnover,DumpIn,False,,,,,,,,,"888057610,308175",150983.0,143575.0,152416.0,308175.0,345038.0,888057615.0,888057606.0,888057597.0,888057599.0,888057614.0,888057610.0,,#29 Sandro Aeschlimann,#70 Enzo Corvi,#90 Sven Jung,#77 Nico Gross,#19 Adam Tambellini,#86 JJ Wiebusch,#15 Charlie Cerrato,#30 Adam Gajan,#5 Mac Gadowsky,#14 Matt Dimarsico,#18 Aiden Fink,,Away,Away,Away,Away,Away,Home,Home,Home,Home,Home,Home,,"26.4,-0.5","19.1,-11.6","23.1,-12","27.4,-4.3","19,-3.4","29.8,-5.1","11.3,9.9","-26.2,0.3","7.7,-9.3","21.9,-8.5","22.2,-12.4",,0.266,3.941,5.891,2.478,1.545,0.548,1.007,0.863,3.943,2.887,4.163,,"-0.664,-0.748","-0.592,-0.806","-0.771,-0.636","0.394,-0.919","-0.874,-0.487","-0.002,-1","-0.059,-0.998","-0.512,-0.859","0.159,-0.987","-0.759,-0.651","-0.767,-0.642",,HomePowerplay,True,False,2.0
1,998,1767181255120,PuckControl,HomePowerplay,5v4,True,True,AwayTeamZone,"21.6,-14.1","29.5,-10.1",,,,,,,,,,,,,,,,,,,,,,,,,Loose,HomeTeamZone,HomeTeamZone,,,,,150983.0,143575.0,152416.0,308175.0,345038.0,888057615.0,888057606.0,888057597.0,888057599.0,888057614.0,888057610.0,,#29 Sandro Aeschlimann,#70 Enzo Corvi,#90 Sven Jung,#77 Nico Gross,#19 Adam Tambellini,#86 JJ Wiebusch,#15 Charlie Cerrato,#30 Adam Gajan,#5 Mac Gadowsky,#14 Matt Dimarsico,#18 Aiden Fink,,Away,Away,Away,Away,Away,Home,Home,Home,Home,Home,Home,,"26.4,-0.5","19,-11.6","23,-12","27.5,-4.3","19,-3.4","29.8,-5.1","11.3,9.9","-26.2,0.3","7.7,-9.4","21.8,-8.5","22.1,-12.4",,,,,,,,,,,,,,,,,,,,,,,,,,HomePowerplay,True,False,2.0
1,1000,1767181257020,PuckControl,HomePowerplay,5v4,True,True,AwayTeamZone,"29.5,-10.1","29.6,-8.8",,,,,,,,,,,,,,,,,,,,,,,,,Contested,HomeTeamZone,HomeTeamZone,"888057615,308175",,,,150983.0,143575.0,152416.0,308175.0,345038.0,888057615.0,888057606.0,888057597.0,888057599.0,888057614.0,888057610.0,,#29 Sandro Aeschlimann,#70 Enzo Corvi,#90 Sven Jung,#77 Nico Gross,#19 Adam Tambellini,#86 JJ Wiebusch,#15 Charlie Cerrato,#30 Adam Gajan,#5 Mac Gadowsky,#14 Matt Dimarsico,#18 Aiden Fink,,Away,Away,Away,Away,Away,Home,Home,Home,Home,Home,Home,,"26.1,-0.5","16.7,-9.2","21.1,-8.7","28.8,-9.7","20.5,-0.9","28.8,-9.5","12,7.8","-26.5,0.2","8.9,-11.8","21.7,-7.8","14.2,-14.3",,,,,,,,,,,,,,,,,,,,,,,,,,HomePowerplay,True,False,2.0
1,1001,1767181258100,Dump,HomePowerplay,5v4,True,True,AwayTeamZone,"29.6,-8.8","19.4,14.9",308175.0,#77 Nico Gross,Away,888057606.0,#15 Charlie Cerrato,Home,,,,,,,,,,,,,,Turnover,DumpOut,True,,,,,,,,,"308175,888057606",150983.0,143575.0,152416.0,308175.0,345038.0,888057615.0,888057606.0,888057597.0,888057599.0,888057614.0,888057610.0,,#29 Sandro Aeschlimann,#70 Enzo Corvi,#90 Sven Jung,#77 Nico Gross,#19 Adam Tambellini,#86 JJ Wiebusch,#15 Charlie Cerrato,#30 Adam Gajan,#5 Mac Gadowsky,#14 Matt Dimarsico,#18 Aiden Fink,,Away,Away,Away,Away,Away,Home,Home,Home,Home,Home,Home,,"26.2,-0.5","20.5,-7.5","27,-6.8","29.1,-9.3","23,-0.1","29.2,-9.8","13.8,8.7","-26.5,0.2","9.4,-9.5","27.5,-7.1","14,-13.9",,0.156,3.28,5.316,1.203,1.967,1.651,2.032,0.21,2.667,5.187,0.329,,"-0.592,0.806","1,-0.019","0.968,0.251","0.289,0.957","0.928,0.371","0.574,0.819","0.871,0.491","-0.723,-0.691","0.241,0.971","0.993,0.119","1,-0.024",,HomePowerplay,True,False,2.0
1,1001,1767181258100,PuckControl,HomePowerplay,5v4,True,True,AwayTeamZone,"29.6,-8.8","29.6,-8.8",308175.0,#77 Nico Gross,Away,,,,,,,,,,,,,,,,,,,,,,AwayControl,HomeTeamZone,HomeTeamZone,,,,308175,150983.0,143575.0,152416.0,308175.0,345038.0,888057615.0,888057606.0,888057597.0,888057599.0,888057614.0,888057610.0,,#29 Sandro Aeschlimann,#70 Enzo Corvi,#90 Sven Jung,#77 Nico Gross,#19 Adam Tambellini,#86 JJ Wiebusch,#15 Charlie Cerrato,#30 Adam Gajan,#5 Mac Gadowsky,#14 Matt Dimarsico,#18 Aiden Fink,,Away,Away,Away,Away,Away,Home,Home,Home,Home,Home,Home,,"26.2,-0.5","20.5,-7.5","27,-6.8","29.1,-9.3","23,-0.1","29.2,-9.8","13.8,8.7","-26.5,0.2","9.4,-9.5","27.5,-7.1","14,-13.9",,,,,,,,,,,,,,,,,,,,,,,,,,HomePowerplay,True,False,2.0
1,1001,1767181258120,PuckControl,HomePowerplay,5v4,True,True,AwayTeamZone,"29.6,-8.8","18.6,14.9",,,,,,,,,,,,,,,,,,,,,,,,,Loose,HomeTeamZone,HomeTeamZone,,,,,150983.0,143575.0,152416.0,308175.0,345038.0,888057615.0,888057606.0,888057597.0,888057599.0,888057614.0,888057610.0,,#29 Sandro Aeschlimann,#70 Enzo Corvi,#90 Sven Jung,#77 Nico Gross,#19 Adam Tambellini,#86 JJ Wiebusch,#15 Charlie Cerrato,#30 Adam Gajan,#5 Mac Gadowsky,#14 Matt Dimarsico,#18 Aiden Fink,,Away,Away,Away,Away,Away,Home,Home,Home,Home,Home,Home,,"26.2,-0.5","20.6,-7.5","27.1,-6.7","29.2,-9.3","23,-0.1","29.2,-9.7","13.9,8.7","-26.5,0.2","9.4,-9.5","27.6,-7.1","14,-13.9",,,,,,,,,,,,,,,,,,,,,,,,,,HomePowerplay,True,False,2.0
1,1004,1767181260760,PuckControl,HomePowerplay,5v4,True,True,AwayTeamZone,"18.6,14.9","27.5,8.2",888057606.0,#15 Charlie Cerrato,Home,,,,,,,,,,,,,,,,,,,,,,HomeControl,HomeTeamZone,HomeTeamZone,,,,888057606,150983.0,143575.0,152416.0,308175.0,345038.0,888057615.0,888057606.0,888057597.0,888057599.0,888057614.0,888057610.0,,#29 Sandro Aeschlimann,#70 Enzo Corvi,#90 Sven Jung,#77 Nico Gross,#19 Adam Tambellini,#86 JJ Wiebusch,#15 Charlie Cerrato,#30 Adam Gajan,#5 Mac Gadowsky,#14 Matt Dimarsico,#18 Aiden Fink,,Away,Away,Away,Away,Away,Home,Home,Home,Home,Home,Home,,"26.2,1.2","18.7,0.4","25.5,-1.9","27.1,-5.2","18.9,6.5","29.8,-6.7","16.9,14.6","-26.7,0","8.5,2.8","24.6,0","12.8,-12.7",,,,,,,,,,,,,,,,,,,,,,,,,,HomePowerplay,True,False,2.0
1,1006,1767181263420,Pass,HomePowerplay,5v4,True,True,AwayTeamZone,"27.6,8.2","20.2,12.6",888057606.0,#15 Charlie Cerrato,Home,888057614.0,#14 Matt Dimarsico,Home,,,,,,,,Successful,8.4,,,,,,,,,,,,,,,,"888057606,888057614",150983.0,143575.0,152416.0,308175.0,345038.0,888057615.0,888057606.0,888057597.0,888057599.0,888057614.0,888057610.0,,#29 Sandro Aeschlimann,#70 Enzo Corvi,#90 Sven Jung,#77 Nico Gross,#19 Adam Tambellini,#86 JJ Wiebusch,#15 Charlie Cerrato,#30 Adam Gajan,#5 Mac Gadowsky,#14 Matt Dimarsico,#18 Aiden Fink,,Away,Away,Away,Away,Away,Home,Home,Home,Home,Home,Home,,"26.2,1.3","20.9,5.7","26.5,6.3","24.8,-0.3","23.2,7.6","27.1,2","28.4,8.3","-26.6,0","8.1,12.3","20.6,8.4","9.5,-10",,0.447,2.308,2.496,0.091,4.726,2.144,5.867,0.287,0.436,1.959,0.152,,"-0.811,-0.585","0.45,-0.893","0.855,-0.519","0.555,0.832","-0.298,-0.955","-0.759,0.651","0.442,-0.897","-0.891,-0.454","-0.762,0.648","-0.035,0.999","-0.816,-0.578",,HomePowerplay,True,False,2.0
1,1006,1767181263440,PuckControl,HomePowerplay,5v4,True,True,AwayTeamZone,"27.5,8.2","20.2,12.6",,,,,,,,,,,,,,,,,,,,,,,,,HomeControl,HomeTeamZone,HomeTeamZone,,,,,150983.0,143575.0,152416.0,308175.0,345038.0,888057615.0,888057606.0,888057597.0,888057599.0,888057614.0,888057610.0,,#29 Sandro Aeschlimann,#70 Enzo Corvi,#90 Sven Jung,#77 Nico Gross,#19 Adam Tambellini,#86 JJ Wiebusch,#15 Charlie Cerrato,#30 Adam Gajan,#5 Mac Gadowsky,#14 Matt Dimarsico,#18 Aiden Fink,,Away,Away,Away,Away,Away,Home,Home,Home,Home,Home,Home,,"26.2,1.3","20.9,5.7","26.5,6.3","24.8,-0.3","23.1,7.5","27.1,2.1","28.5,8.1","-26.6,0","8.1,12.3","20.6,8.5","9.5,-10",,,,,,,,,,,,,,,,,,,,,,,,,,HomePowerplay,True,False,2.0
1,1007,1767181264460,PuckControl,HomePowerplay,5v4,True,True,AwayTeamZone,"20.2,12.6","23.2,7.6",888057614.0,#14 Matt Dimarsico,Home,,,,,,,,,,,,,,,,,,,,,,HomeControl,HomeTeamZone,HomeTeamZone,,,,888057614,150983.0,143575.0,152416.0,308175.0,345038.0,888057615.0,888057606.0,888057597.0,888057599.0,888057614.0,888057610.0,,#29 Sandro Aeschlimann,#70 Enzo Corvi,#90 Sven Jung,#77 Nico Gross,#19 Adam Tambellini,#86 JJ Wiebusch,#15 Charlie Cerrato,#30 Adam Gajan,#5 Mac Gadowsky,#14 Matt Dimarsico,#18 Aiden Fink,,Away,Away,Away,Away,Away,Home,Home,Home,Home,Home,Home,,"25.8,1.3","20.6,2.4","27.3,4","24.5,-0.1","19.8,5.6","25.4,2.1","29,1.7","-26.9,0","8.1,12.5","19.7,11","9.8,-10",,,,,,,,,,,,,,,,,,,,,,,,,,HomePowerplay,True,False,2.0
1,1012,1767181269200,PuckControl,HomePowerplay,5v4,True,True,AwayTeamZone,"23.2,7.6","20.8,7.7",,,,,,,,,,,,,,,,,,,,,,,,,Contested,HomeTeamZone,HomeTeamZone,"888057614,152416",,,,150983.0,143575.0,152416.0,308175.0,345038.0,888057615.0,888057606.0,888057597.0,888057599.0,888057614.0,888057610.0,,#29 Sandro Aeschlimann,#70 Enzo Corvi,#90 Sven Jung,#77 Nico Gross,#19 Adam Tambellini,#86 JJ Wiebusch,#15 Charlie Cerrato,#30 Adam Gajan,#5 Mac Gadowsky,#14 Matt Dimarsico,#18 Aiden Fink,,Away,Away,Away,Away,Away,Home,Home,Home,Home,Home,Home,,"25.7,1.3","18.2,2.1","24.1,5.8","22.7,-1.2","18.5,4.1","25.9,2.5","18,-11.6","-26.5,0.2","8.3,13","24,9.3","10.9,-0.8",,,,,,,,,,,,,,,,,,,,,,,,,,HomePowerplay,True,False,2.0
1,1013,1767181270100,PuckControl,HomePowerplay,5v4,True,True,AwayTeamZone,"20.8,7.7","-29.9,8.4",,,,,,,,,,,,,,,,,,,,,,,,,Loose,HomeTeamZone,AwayTeamZone,,,,,150983.0,143575.0,152416.0,308175.0,345038.0,888057615.0,888057606.0,888057597.0,888057599.0,888057614.0,888057610.0,,#29 Sandro Aeschlimann,#70 Enzo Corvi,#90 Sven Jung,#77 Nico Gross,#19 Adam Tambellini,#86 JJ Wiebusch,#15 Charlie Cerrato,#30 Adam Gajan,#5 Mac Gadowsky,#14 Matt Dimarsico,#18 Aiden Fink,,Away,Away,Away,Away,Away,Home,Home,Home,Home,Home,Home,,"25.8,1.1","17.5,2.8","22.3,6.8","22.9,-1","15,4.1","25.8,2.8","17.8,-11.1","-26.6,0.1","7.6,12.2","22.1,8.7","9.5,1.4",,,,,,,,,,,,,,,,,,,,,,,,,,HomePowerplay,True,False,2.0
1,1014,1767181271120,BluelineCrossing,HomePowerplay,5v4,True,True,AwayTeamZone,"7.2,14.9",,888057614.0,#14 Matt Dimarsico,Home,,,,,,,,,,,,,,TowardsHome,,,,,,,,,,,,,,888057614,150983.0,143575.0,152416.0,308175.0,345038.0,888057615.0,888057606.0,888057597.0,888057599.0,888057614.0,888057610.0,,#29 Sandro Aeschlimann,#70 Enzo Corvi,#90 Sven Jung,#77 Nico Gross,#19 Adam Tambellini,#86 JJ Wiebusch,#15 Charlie Cerrato,#30 Adam Gajan,#5 Mac Gadowsky,#14 Matt Dimarsico,#18 Aiden Fink,,Away,Away,Away,Away,Away,Home,Home,Home,Home,Home,Home,,"25.8,1.3","15.9,4.5","19,7.2","22.9,1.4","11.8,7.2","24.7,3.2","15.3,-8.7","-26.6,0.1","6.6,13.1","18.4,8","6.3,2.5",,0.667,3.393,3.544,2.9,4.375,1.219,4.236,0.369,2.361,3.622,3.986,,"0.347,-0.938","-0.683,0.731","-0.992,0.13","-0.255,0.967","-0.776,0.631","-0.511,0.86","-0.813,0.582","0.979,0.206","-0.596,0.803","-0.988,-0.158","-0.991,0.132",,HomePowerplay,True,False,2.0
1,1015,1767181272580,BluelineCrossing,HomePowerplay,5v4,True,True,NeutralZone,"-7.1,14.3",,888057614.0,#14 Matt Dimarsico,Home,,,,,,,,,,,,,,TowardsHome,,,,,,,,,,,,,,888057614,150983.0,143575.0,308175.0,888057615.0,888057606.0,888057597.0,888057599.0,888057614.0,888057610.0,347698.0,340162.0,,#29 Sandro Aeschlimann,#70 Enzo Corvi,#77 Nico Gross,#86 JJ Wiebusch,#15 Charlie Cerrato,#30 Adam Gajan,#5 Mac Gadowsky,#14 Matt Dimarsico,#18 Aiden Fink,#74 Rasmus Asplund,#6 Klas Dahlbeck,,Away,Away,Away,Home,Home,Home,Home,Home,Home,Away,Away,,"26,1.3","12.3,8.3","22.9,5.4","24.3,5.4","10.2,-5","-26,0.7","1,13.9","13,9.1","-1.1,4.5","9,13.9","12,14.2",,0.382,3.637,3.175,2.582,4.265,1.09,5.851,3.597,5.245,2.364,2.392,,"-1,0.001","-0.434,0.901","-0.443,0.896","-0.151,0.989","-0.824,0.567","0.821,0.572","-0.992,-0.124","-0.876,0.483","-0.94,0.34","-0.515,-0.857","0.209,-0.978",,HomePowerplay,True,False,2.0
1,1020,1767181276980,PuckControl,HomePowerplay,5v4,True,True,HomeTeamZone,"-29.9,8.4","-17.9,-3.1",888057599.0,#5 Mac Gadowsky,Home,,,,,,,,,,,,,,,,,,,,,,HomeControl,AwayTeamZone,AwayTeamZone,,,,888057599,150983.0,337830.0,340162.0,153736.0,347698.0,888057615.0,888057597.0,888057599.0,888057614.0,888057610.0,888057606.0,,#29 Sandro Aeschlimann,#44 Matej Stransky,#6 Klas Dahlbeck,#38 Lukas Frick,#74 Rasmus Asplund,#86 JJ Wiebusch,#30 Adam Gajan,#5 Mac Gadowsky,#14 Matt Dimarsico,#18 Aiden Fink,#15 Charlie Cerrato,,Away,Away,Away,Away,Away,Home,Home,Home,Home,Home,Home,,"26.1,-0.5","7.1,4.5","4.3,0.2","8.4,6","-15.7,8.6","10.2,-2","-26.4,-0.4","-27.8,8.8","1.2,14.8","-23.1,-0.5","-1.7,13",,,,,,,,,,,,,,,,,,,,,,,,,,HomePowerplay,True,False,2.0
1,1026,1767181282700,Pass,HomePowerplay,5v4,True,True,HomeTeamZone,"-18.1,-3.1","3.6,-12.8",888057599.0,#5 Mac Gadowsky,Home,888057615.0,#86 JJ Wiebusch,Home,,,,,,,,Successful,26.5,,,,,,,,,,,,,,,,"888057599,888057615",150983.0,337830.0,340162.0,153736.0,347698.0,888057606.0,888057597.0,888057599.0,888057614.0,888057610.0,888057615.0,,#29 Sandro Aeschlimann,#44 Matej Stransky,#6 Klas Dahlbeck,#38 Lukas Frick,#74 Rasmus Asplund,#15 Charlie Cerrato,#30 Adam Gajan,#5 Mac Gadowsky,#14 Matt Dimarsico,#18 Aiden Fink,#86 JJ Wiebusch,,Away,Away,Away,Away,Away,Home,Home,Home,Home,Home,Home,,"24.7,0.1","-11.7,3","4.9,-7.4","5,4.4","-3.3,-5.4","-26,9.7","-26.6,0","-18.6,-3.4","5,14.6","-6,-9.2","3.8,-14.9",,0.056,5.806,3.113,1.46,3.385,5.536,0.057,5.123,1.102,5.235,0.308,,"0.9,-0.435","0.4,0.916","0.4,0.916","-0.402,-0.916","0.656,0.755","-0.339,-0.941","-0.077,0.997","0.997,0.072","0.977,-0.212","0.084,0.996","0.057,-0.998",,HomePowerplay,True,False,2.0
1,1026,1767181282720,PuckControl,HomePowerplay,5v4,True,True,HomeTeamZone,"-17.9,-3.1","3.6,-12.8",,,,,,,,,,,,,,,,,,,,,,,,,HomeControl,AwayTeamZone,NeutralZone,,,,,150983.0,337830.0,340162.0,153736.0,347698.0,888057606.0,888057597.0,888057599.0,888057614.0,888057610.0,888057615.0,,#29 Sandro Aeschlimann,#44 Matej Stransky,#6 Klas Dahlbeck,#38 Lukas Frick,#74 Rasmus Asplund,#15 Charlie Cerrato,#30 Adam Gajan,#5 Mac Gadowsky,#14 Matt Dimarsico,#18 Aiden Fink,#86 JJ Wiebusch,,Away,Away,Away,Away,Away,Home,Home,Home,Home,Home,Home,,"24.7,0.1","-11.6,3.1","4.9,-7.3","5,4.4","-3.3,-5.3","-26,9.6","-26.6,0","-18.5,-3.4","5,14.5","-6,-9.1","3.8,-14.9",,,,,,,,,,,,,,,,,,,,,,,,,,HomePowerplay,True,False,2.0
1,1026,1767181283220,BluelineCrossing,HomePowerplay,5v4,True,True,NeutralZone,"-7.1,-7.9",,888057599.0,#5 Mac Gadowsky,Home,,,,,,,,,,,,,PossessionMaintained,TowardsOpponent,,,,,,,,,,,,,,888057599,150983.0,337830.0,340162.0,153736.0,347698.0,888057606.0,888057597.0,888057599.0,888057614.0,888057610.0,888057615.0,,#29 Sandro Aeschlimann,#44 Matej Stransky,#6 Klas Dahlbeck,#38 Lukas Frick,#74 Rasmus Asplund,#15 Charlie Cerrato,#30 Adam Gajan,#5 Mac Gadowsky,#14 Matt Dimarsico,#18 Aiden Fink,#86 JJ Wiebusch,,Away,Away,Away,Away,Away,Home,Home,Home,Home,Home,Home,,"24.7,0","-9.8,5.1","5.4,-6.5","5.3,3.8","-1.6,-3.8","-26.3,7","-26.5,0.2","-16,-2.8","5.6,14.3","-6.2,-6.5","3.8,-14.9",,0.483,5.439,1.107,2.345,5.391,5.211,0.641,5.493,1.723,5.975,0.722,,"-0.184,-0.983","0.878,0.478","1,-0.025","0.683,-0.73","0.854,0.52","0.073,-0.997","0.715,0.699","0.93,0.367","0.764,-0.646","-0.031,1","0.104,0.995",,HomePowerplay,True,False,2.0
1,1027,1767181283720,PuckControl,HomePowerplay,5v4,True,True,NeutralZone,"3.6,-12.8","4,-13.8",888057615.0,#86 JJ Wiebusch,Home,,,,,,,,,,,,,,,,,,,,,,HomeControl,NeutralZone,NeutralZone,,,,888057615,150983.0,337830.0,340162.0,153736.0,347698.0,888057615.0,888057606.0,888057597.0,888057599.0,888057614.0,888057610.0,,#29 Sandro Aeschlimann,#44 Matej Stransky,#6 Klas Dahlbeck,#38 Lukas Frick,#74 Rasmus Asplund,#86 JJ Wiebusch,#15 Charlie Cerrato,#30 Adam Gajan,#5 Mac Gadowsky,#14 Matt Dimarsico,#18 Aiden Fink,,Away,Away,Away,Away,Away,Home,Home,Home,Home,Home,Home,,"24.7,-0.2","-7.1,5.5","5.8,-7.4","6.3,3","1.2,-2.7","3.9,-14.9","-25.4,4.5","-26.3,0.2","-13.5,-1.6","6.3,13.1","-5.6,-3.2",,,,,,,,,,,,,,,,,,,,,,,,,,HomePowerplay,True,False,2.0
1,1027,1767181284160,Pass,HomePowerplay,5v4,True,True,NeutralZone,"3.9,-13.9","-13,-1.4",888057615.0,#86 JJ Wiebusch,Home,888057606.0,#15 Charlie Cerrato,Home,,,,,,,,Successful,15.8,,,,,,,,,,,,,,,,"888057615,888057606",150983.0,337830.0,340162.0,153736.0,347698.0,888057615.0,888057606.0,888057597.0,888057599.0,888057614.0,888057610.0,,#29 Sandro Aeschlimann,#44 Matej Stransky,#6 Klas Dahlbeck,#38 Lukas Frick,#74 Rasmus Asplund,#86 JJ Wiebusch,#15 Charlie Cerrato,#30 Adam Gajan,#5 Mac Gadowsky,#14 Matt Dimarsico,#18 Aiden Fink,,Away,Away,Away,Away,Away,Home,Home,Home,Home,Home,Home,,"25,-0.1","-4.6,4.6","6.3,-8.7","7.7,2.7","3.5,-2.8","3.9,-14.9","-23.8,2.5","-26.3,0","-11.1,-0.4","6.9,11.5","-4.1,-0.1",,0.578,6.476,3.413,3.085,4.312,0.203,6.032,0.575,5.899,4.555,8.242,,"0.958,0.286","0.864,-0.503","0.226,-0.974","0.998,-0.068","0.926,-0.377","-0.955,-0.298","0.728,-0.686","-0.827,-0.562","0.933,0.36","0.284,-0.959","0.533,0.846",,HomePowerplay,True,False,2.0
1,1027,1767181284180,PuckControl,HomePowerplay,5v4,True,True,NeutralZone,"4,-13.8","-13,-1.4",,,,,,,,,,,,,,,,,,,,,,,,,HomeControl,NeutralZone,AwayTeamZone,,,,,150983.0,337830.0,340162.0,153736.0,347698.0,888057615.0,888057606.0,888057597.0,888057599.0,888057614.0,888057610.0,,#29 Sandro Aeschlimann,#44 Matej Stransky,#6 Klas Dahlbeck,#38 Lukas Frick,#74 Rasmus Asplund,#86 JJ Wiebusch,#15 Charlie Cerrato,#30 Adam Gajan,#5 Mac Gadowsky,#14 Matt Dimarsico,#18 Aiden Fink,,Away,Away,Away,Away,Away,Home,Home,Home,Home,Home,Home,,"25,-0.1","-4.5,4.6","6.3,-8.8","7.7,2.7","3.6,-2.8","3.8,-14.9","-23.7,2.4","-26.3,0","-11,-0.4","6.9,11.4","-4,0.1",,,,,,,,,,,,,,,,,,,,,,,,,,HomePowerplay,True,False,2.0
1,1028,1767181285200,BluelineCrossing,HomePowerplay,5v4,True,True,NeutralZone,"-7.1,-5",,888057615.0,#86 JJ Wiebusch,Home,,,,,,,,,,,,,,TowardsHome,,,,,,,,,,,,,,888057615,150983.0,337830.0,340162.0,153736.0,347698.0,888057615.0,888057606.0,888057597.0,888057599.0,888057614.0,888057610.0,,#29 Sandro Aeschlimann,#44 Matej Stransky,#6 Klas Dahlbeck,#38 Lukas Frick,#74 Rasmus Asplund,#86 JJ Wiebusch,#15 Charlie Cerrato,#30 Adam Gajan,#5 Mac Gadowsky,#14 Matt Dimarsico,#18 Aiden Fink,,Away,Away,Away,Away,Away,Home,Home,Home,Home,Home,Home,,"25.1,0.4","0.8,0.9","8.4,-10.8","11,1.8","5.9,-5.5","3.8,-14.9","-17.9,-0.8","-26.9,-0.2","-5.3,-0.2","6.3,6.7","1,4.8",,0.62,5.554,2.724,3.245,2.024,0.379,7.037,0.356,5.446,3.771,5.739,,"-0.38,0.925","0.938,-0.346","0.998,-0.065","0.787,-0.616","-0.08,-0.997","0.623,0.782","0.937,-0.349","-0.963,0.271","0.968,-0.253","-0.559,-0.829","0.801,0.599",,HomePowerplay,True,False,2.0
1,1028,1767181285660,PuckControl,HomePowerplay,5v4,True,True,HomeTeamZone,"-13,-1.4","18.9,13",888057606.0,#15 Charlie Cerrato,Home,,,,,,,,,,,,,,,,,,,,,,HomeControl,AwayTeamZone,HomeTeamZone,,,,888057606,150983.0,337830.0,340162.0,153736.0,347698.0,888057615.0,888057606.0,888057597.0,888057599.0,888057614.0,888057610.0,,#29 Sandro Aeschlimann,#44 Matej Stransky,#6 Klas Dahlbeck,#38 Lukas Frick,#74 Rasmus Asplund,#86 JJ Wiebusch,#15 Charlie Cerrato,#30 Adam Gajan,#5 Mac Gadowsky,#14 Matt Dimarsico,#18 Aiden Fink,,Away,Away,Away,Away,Away,Home,Home,Home,Home,Home,Home,,"25.2,0.6","3.1,0.7","9.1,-10.5","11.8,0.8","5.3,-6.2","4,-14.3","-14.9,-1.6","-26.9,0","-3,-0.9","5.4,6.1","2.8,6.7",,,,,,,,,,,,,,,,,,,,,,,,,,HomePowerplay,True,False,2.0
1,1029,1767181286580,BluelineCrossing,HomePowerplay,5v4,True,True,NeutralZone,"-7.1,0",,888057606.0,#15 Charlie Cerrato,Home,,,,,,,,,,,,,PossessionMaintained,TowardsOpponent,,,,,,,,,,,,,,888057606,150983.0,337830.0,340162.0,153736.0,347698.0,888057615.0,888057606.0,888057597.0,888057599.0,888057614.0,888057610.0,,#29 Sandro Aeschlimann,#44 Matej Stransky,#6 Klas Dahlbeck,#38 Lukas Frick,#74 Rasmus Asplund,#86 JJ Wiebusch,#15 Charlie Cerrato,#30 Adam Gajan,#5 Mac Gadowsky,#14 Matt Dimarsico,#18 Aiden Fink,,Away,Away,Away,Away,Away,Home,Home,Home,Home,Home,Home,,"25.1,0.6","5,1.6","8.8,-8.1","10.5,-0.1","2.9,-5.8","4,-14.2","-8.5,-0.3","-26.8,0.2","1.6,-2","3.6,8.6","5.1,10.8",,0.243,2.8,2.977,2.213,3.603,1.887,7.426,0.308,5.355,3.91,4.256,,"-0.928,-0.372","-0.031,1","-0.09,0.996","-0.934,0.358","-0.859,0.512","-0.564,-0.826","0.877,0.481","0.4,-0.916","0.991,-0.131","-0.442,0.897","0.615,0.788",,HomePowerplay,True,False,2.0
1,1032,1767181288920,BluelineCrossing,HomePowerplay,5v4,True,True,AwayTeamZone,"7.2,11.4",,888057606.0,#15 Charlie Cerrato,Home,,,,,,,,,,,,,PossessionMaintained,TowardsOpponent,"888057615,888057606,888057599,888057614,888057610","337830,340162,153736,347698",,,,,,,,,,,,"888057606,888057615,888057599,888057614,888057610,337830,340162,153736,347698",150983.0,337830.0,340162.0,153736.0,347698.0,888057615.0,888057606.0,888057597.0,888057599.0,888057614.0,888057610.0,,#29 Sandro Aeschlimann,#44 Matej Stransky,#6 Klas Dahlbeck,#38 Lukas Frick,#74 Rasmus Asplund,#86 JJ Wiebusch,#15 Charlie Cerrato,#30 Adam Gajan,#5 Mac Gadowsky,#14 Matt Dimarsico,#18 Aiden Fink,,Away,Away,Away,Away,Away,Home,Home,Home,Home,Home,Home,,"24.6,0.9","9.8,9.8","13.6,-1.1","14.4,5.2","9.7,3.7","7.2,-11.2","7.1,9.7","-27.2,-0.1","7.2,-0.1","7.3,14.1","7.5,14.9",,1.092,2.501,3.905,4.376,6.52,4.013,8.194,0.17,0.955,4.801,0.178,,"0.429,0.903","0.901,0.433","0.954,0.301","0.91,0.415","0.895,0.447","0.741,0.672","0.703,0.711","0.701,0.713","0.618,0.786","0.957,0.291","0.49,0.872",,HomePowerplay,True,False,2.0
1,1033,1767181290620,Pass,HomePowerplay,5v4,True,True,AwayTeamZone,"19,13","10.2,14.6",888057606.0,#15 Charlie Cerrato,Home,888057610.0,#18 Aiden Fink,Home,,,,,,,,Successful,13.8,,,,,,,,,,,,,,,,"888057606,888057610",150983.0,337830.0,340162.0,153736.0,347698.0,888057615.0,888057606.0,888057597.0,888057599.0,888057614.0,888057610.0,,#29 Sandro Aeschlimann,#44 Matej Stransky,#6 Klas Dahlbeck,#38 Lukas Frick,#74 Rasmus Asplund,#86 JJ Wiebusch,#15 Charlie Cerrato,#30 Adam Gajan,#5 Mac Gadowsky,#14 Matt Dimarsico,#18 Aiden Fink,,Away,Away,Away,Away,Away,Home,Home,Home,Home,Home,Home,,"25.8,1.7","12.8,9.7","20.7,0.1","20,10.8","17.5,4.2","14.6,-10.1","19.1,14.2","-26.9,0.1","8.8,1.5","14.6,11.3","8.3,14",,0.578,2.878,4.22,5.174,4.013,5.158,8.01,0.246,0.929,5.476,1.184,,"0.825,-0.565","0.996,0.087","0.998,-0.06","0.734,0.679","0.613,-0.79","1,0.014","0.999,-0.045","0.965,-0.26","0.987,0.159","0.763,-0.646","0.762,-0.648",,HomePowerplay,True,False,2.0
1,1033,1767181290640,PuckControl,HomePowerplay,5v4,True,True,AwayTeamZone,"18.9,13","10.2,14.6",,,,,,,,,,,,,,,,,,,,,,,,,HomeControl,HomeTeamZone,HomeTeamZone,,,,,150983.0,337830.0,340162.0,153736.0,347698.0,888057615.0,888057606.0,888057597.0,888057599.0,888057614.0,888057610.0,,#29 Sandro Aeschlimann,#44 Matej Stransky,#6 Klas Dahlbeck,#38 Lukas Frick,#74 Rasmus Asplund,#86 JJ Wiebusch,#15 Charlie Cerrato,#30 Adam Gajan,#5 Mac Gadowsky,#14 Matt Dimarsico,#18 Aiden Fink,,Away,Away,Away,Away,Away,Home,Home,Home,Home,Home,Home,,"25.8,1.7","12.9,9.7","20.8,0.1","20,10.9","17.6,4.2","14.7,-10.1","19.3,14.2","-26.9,0.1","8.9,1.5","14.6,11.2","8.3,14",,,,,,,,,,,,,,,,,,,,,,,,,,HomePowerplay,True,False,2.0
1,1034,1767181291340,PuckControl,HomePowerplay,5v4,True,True,AwayTeamZone,"10.2,14.6","8.7,14.5",888057610.0,#18 Aiden Fink,Home,,,,,,,,,,,,,,,,,,,,,,HomeControl,HomeTeamZone,HomeTeamZone,,,,888057610,150983.0,337830.0,340162.0,153736.0,347698.0,888057615.0,888057606.0,888057597.0,888057599.0,888057614.0,888057610.0,,#29 Sandro Aeschlimann,#44 Matej Stransky,#6 Klas Dahlbeck,#38 Lukas Frick,#74 Rasmus Asplund,#86 JJ Wiebusch,#15 Charlie Cerrato,#30 Adam Gajan,#5 Mac Gadowsky,#14 Matt Dimarsico,#18 Aiden Fink,,Away,Away,Away,Away,Away,Home,Home,Home,Home,Home,Home,,"25.3,1.6","14.3,9.9","22.9,-0.2","22.9,11.8","18.6,1","17.7,-8.9","24.6,13.3","-26.7,0.1","9,1.7","17.8,8.8","8.5,14",,,,,,,,,,,,,,,,,,,,,,,,,,HomePowerplay,True,False,2.0
1,1037,1767181294600,Dump,HomePowerplay,5v4,True,True,AwayTeamZone,"8.7,14.5","29.9,7.6",888057610.0,#18 Aiden Fink,Home,888057606.0,#15 Charlie Cerrato,Home,,,,,,,,,,,,,,Takeaway,DumpIn,True,,,,,,,,,"888057610,888057606",150983.0,337830.0,340162.0,153736.0,347698.0,888057615.0,888057606.0,888057597.0,888057599.0,888057614.0,888057610.0,,#29 Sandro Aeschlimann,#44 Matej Stransky,#6 Klas Dahlbeck,#38 Lukas Frick,#74 Rasmus Asplund,#86 JJ Wiebusch,#15 Charlie Cerrato,#30 Adam Gajan,#5 Mac Gadowsky,#14 Matt Dimarsico,#18 Aiden Fink,,Away,Away,Away,Away,Away,Home,Home,Home,Home,Home,Home,,"24.7,1","10.3,12.9","23.5,-0.4","23,4.7","14.3,1.7","28.3,1","28.7,4.8","-26.5,-0.2","7.7,2","20.8,4.1","9.3,14.9",,0.086,1.873,0.153,0.437,0.861,4.192,0.879,0.272,0.446,1.917,0.767,,"0.757,0.653","-0.662,0.75","0.336,0.942","0.826,0.563","0.021,1","0.381,0.924","0.177,0.984","0.73,-0.684","-0.22,0.976","-0.576,0.818","-0.322,0.947",,HomePowerplay,True,False,2.0
1,1037,1767181294620,PuckControl,HomePowerplay,5v4,True,True,AwayTeamZone,"8.7,14.5","29.9,7.5",,,,,,,,,,,,,,,,,,,,,,,,,Loose,HomeTeamZone,HomeTeamZone,,,,,150983.0,337830.0,340162.0,153736.0,347698.0,888057615.0,888057606.0,888057597.0,888057599.0,888057614.0,888057610.0,,#29 Sandro Aeschlimann,#44 Matej Stransky,#6 Klas Dahlbeck,#38 Lukas Frick,#74 Rasmus Asplund,#86 JJ Wiebusch,#15 Charlie Cerrato,#30 Adam Gajan,#5 Mac Gadowsky,#14 Matt Dimarsico,#18 Aiden Fink,,Away,Away,Away,Away,Away,Home,Home,Home,Home,Home,Home,,"24.7,1","10.3,12.9","23.5,-0.4","23,4.7","14.3,1.7","28.3,1.1","28.7,4.8","-26.5,-0.2","7.7,2","20.8,4.1","9.3,14.9",,,,,,,,,,,,,,,,,,,,,,,,,,HomePowerplay,True,False,2.0
1,1039,1767181296360,PuckControl,HomePowerplay,5v4,True,True,AwayTeamZone,"29.9,7.5","29.3,10.8",888057606.0,#15 Charlie Cerrato,Home,,,,,,,,,,,,,,,,,,,,,,HomeControl,HomeTeamZone,HomeTeamZone,,,,888057606,150983.0,337830.0,340162.0,153736.0,347698.0,888057615.0,888057606.0,888057597.0,888057599.0,888057614.0,888057610.0,,#29 Sandro Aeschlimann,#44 Matej Stransky,#6 Klas Dahlbeck,#38 Lukas Frick,#74 Rasmus Asplund,#86 JJ Wiebusch,#15 Charlie Cerrato,#30 Adam Gajan,#5 Mac Gadowsky,#14 Matt Dimarsico,#18 Aiden Fink,,Away,Away,Away,Away,Away,Home,Home,Home,Home,Home,Home,,"25.9,1.2","12.9,11.9","23.6,0.2","26.3,7.4","17.4,2.8","29.3,4.6","28.6,8","-26.5,0","8.3,3","20.2,6.6","9.4,14.9",,,,,,,,,,,,,,,,,,,,,,,,,,HomePowerplay,True,False,2.0
1,1040,1767181297520,PuckControl,HomePowerplay,5v4,True,True,AwayTeamZone,"29.3,10.8","26.7,13.3",,,,,,,,,,,,,,,,,,,,,,,,,Loose,HomeTeamZone,HomeTeamZone,,,,,150983.0,337830.0,340162.0,153736.0,347698.0,888057615.0,888057606.0,888057597.0,888057599.0,888057614.0,888057610.0,,#29 Sandro Aeschlimann,#44 Matej Stransky,#6 Klas Dahlbeck,#38 Lukas Frick,#74 Rasmus Asplund,#86 JJ Wiebusch,#15 Charlie Cerrato,#30 Adam Gajan,#5 Mac Gadowsky,#14 Matt Dimarsico,#18 Aiden Fink,,Away,Away,Away,Away,Away,Home,Home,Home,Home,Home,Home,,"26,1.2","17.7,10","23.3,3.3","28.2,8.5","20.1,3.3","28.7,4.4","29.6,8.5","-26.3,0.2","8.9,2","21,7.3","10.3,14.9",,,,,,,,,,,,,,,,,,,,,,,,,,HomePowerplay,True,False,2.0
1,1041,1767181298560,PuckControl,HomePowerplay,5v4,True,True,AwayTeamZone,"26.7,13.3","7.8,11.8",153736.0,#38 Lukas Frick,Away,,,,,,,,,,,,,,,,,,,,,,AwayControl,HomeTeamZone,HomeTeamZone,,,,153736,150983.0,337830.0,340162.0,153736.0,347698.0,888057615.0,888057606.0,888057597.0,888057599.0,888057614.0,888057610.0,,#29 Sandro Aeschlimann,#44 Matej Stransky,#6 Klas Dahlbeck,#38 Lukas Frick,#74 Rasmus Asplund,#86 JJ Wiebusch,#15 Charlie Cerrato,#30 Adam Gajan,#5 Mac Gadowsky,#14 Matt Dimarsico,#18 Aiden Fink,,Away,Away,Away,Away,Away,Home,Home,Home,Home,Home,Home,,"25.8,1.4","21.5,11.5","23.5,5.1","26.9,11.1","18.7,5.3","28.6,4.9","28.8,8.3","-26.2,0.1","9,3.7","22,9.9","11.9,14.9",,,,,,,,,,,,,,,,,,,,,,,,,,HomePowerplay,True,False,2.0
1,1045,1767181302300,Pass,HomePowerplay,5v4,True,True,AwayTeamZone,"7.9,11.9","-0.2,-0.5",153736.0,#38 Lukas Frick,Away,340162.0,#6 Klas Dahlbeck,Away,,,,,,,,Successful,21.0,,,,,,,,,,,,,,,,"153736,340162",150983.0,337830.0,340162.0,153736.0,347698.0,888057615.0,888057606.0,888057597.0,888057599.0,888057614.0,888057610.0,,#29 Sandro Aeschlimann,#44 Matej Stransky,#6 Klas Dahlbeck,#38 Lukas Frick,#74 Rasmus Asplund,#86 JJ Wiebusch,#15 Charlie Cerrato,#30 Adam Gajan,#5 Mac Gadowsky,#14 Matt Dimarsico,#18 Aiden Fink,,Away,Away,Away,Away,Away,Home,Home,Home,Home,Home,Home,,"26.3,0.5","13.4,10.2","6.8,-0.1","8,11.9","-3.2,14.4","12.5,4.4","21.1,10.1","-25.7,0.1","-3,6.6","20.7,13.2","4,13.3",,0.527,4.034,8.191,5.769,6.309,7.274,4.812,0.956,5.133,3.946,6.073,,"-0.482,-0.876","-0.939,-0.343","-0.814,-0.58","-0.985,-0.173","-0.996,0.085","-0.998,-0.071","-0.999,0.054","-0.972,-0.236","-0.937,-0.348","-0.976,0.217","-0.951,-0.309",,HomePowerplay,True,False,2.0
1,1045,1767181302320,PuckControl,HomePowerplay,5v4,True,True,AwayTeamZone,"7.8,11.8","-0.2,-0.5",,,,,,,,,,,,,,,,,,,,,,,,,AwayControl,HomeTeamZone,NeutralZone,,,,,150983.0,337830.0,340162.0,153736.0,347698.0,888057615.0,888057606.0,888057597.0,888057599.0,888057614.0,888057610.0,,#29 Sandro Aeschlimann,#44 Matej Stransky,#6 Klas Dahlbeck,#38 Lukas Frick,#74 Rasmus Asplund,#86 JJ Wiebusch,#15 Charlie Cerrato,#30 Adam Gajan,#5 Mac Gadowsky,#14 Matt Dimarsico,#18 Aiden Fink,,Away,Away,Away,Away,Away,Home,Home,Home,Home,Home,Home,,"26.3,0.5","13.4,10.2","6.7,-0.2","7.9,11.9","-3.3,14.4","12.3,4.4","21,10.1","-25.8,0.1","-3.1,6.6","20.6,13.2","3.9,13.3",,,,,,,,,,,,,,,,,,,,,,,,,,HomePowerplay,True,False,2.0
1,1045,1767181302400,BluelineCrossing,HomePowerplay,5v4,True,True,AwayTeamZone,"7.2,11.1",,153736.0,#38 Lukas Frick,Away,,,,,,,,,,,,,PossessionMaintained,TowardsOpponent,,,,,,,,,,,,,,153736,150983.0,337830.0,340162.0,153736.0,347698.0,888057615.0,888057606.0,888057597.0,888057599.0,888057614.0,888057610.0,,#29 Sandro Aeschlimann,#44 Matej Stransky,#6 Klas Dahlbeck,#38 Lukas Frick,#74 Rasmus Asplund,#86 JJ Wiebusch,#15 Charlie Cerrato,#30 Adam Gajan,#5 Mac Gadowsky,#14 Matt Dimarsico,#18 Aiden Fink,,Away,Away,Away,Away,Away,Home,Home,Home,Home,Home,Home,,"26.2,0.4","13.1,10.1","6.2,-0.5","7.5,11.8","-3.8,14.5","11.7,4.3","20.6,10.2","-25.8,0.1","-3.4,6.4","20.3,13.3","3.4,13.1",,0.53,4.124,7.928,5.969,6.128,7.388,4.89,0.93,5.154,4.134,6.197,,"-0.129,-0.992","-0.94,-0.341","-0.838,-0.546","-0.982,-0.187","-0.999,0.039","-0.996,-0.086","-0.995,0.096","-0.961,-0.276","-0.929,-0.371","-0.974,0.226","-0.93,-0.366",,HomePowerplay,True,False,2.0
1,1046,1767181303140,PuckControl,HomePowerplay,5v4,True,True,NeutralZone,"-0.2,-0.5","-25.1,-12.7",340162.0,#6 Klas Dahlbeck,Away,,,,,,,,,,,,,,,,,,,,,,AwayControl,NeutralZone,AwayTeamZone,,,,340162,150983.0,337830.0,340162.0,153736.0,347698.0,888057615.0,888057606.0,888057597.0,888057599.0,888057614.0,888057610.0,,#29 Sandro Aeschlimann,#44 Matej Stransky,#6 Klas Dahlbeck,#38 Lukas Frick,#74 Rasmus Asplund,#86 JJ Wiebusch,#15 Charlie Cerrato,#30 Adam Gajan,#5 Mac Gadowsky,#14 Matt Dimarsico,#18 Aiden Fink,,Away,Away,Away,Away,Away,Home,Home,Home,Home,Home,Home,,"26.4,0","9.9,9.4","0.7,-2.2","2.5,11","-7.4,14.4","6.2,4","16.8,10.6","-25.9,-0.1","-6.6,4.3","16.9,14","-0.8,10.5",,,,,,,,,,,,,,,,,,,,,,,,,,HomePowerplay,True,False,2.0
1,1047,1767181304080,BluelineCrossing,HomePowerplay,5v4,True,True,NeutralZone,"-7.1,-3",,340162.0,#6 Klas Dahlbeck,Away,,,,,,,,,,,,,PossessionMaintained,TowardsOpponent,"340162,347698","888057599,888057610",,,,,,,,,,,,"340162,347698,888057599,888057610",150983.0,337830.0,340162.0,347698.0,888057615.0,888057606.0,888057597.0,888057599.0,888057614.0,888057610.0,153736.0,,#29 Sandro Aeschlimann,#44 Matej Stransky,#6 Klas Dahlbeck,#74 Rasmus Asplund,#86 JJ Wiebusch,#15 Charlie Cerrato,#30 Adam Gajan,#5 Mac Gadowsky,#14 Matt Dimarsico,#18 Aiden Fink,#38 Lukas Frick,,Away,Away,Away,Away,Home,Home,Home,Home,Home,Home,Away,,"26.4,0.2","5.2,8.2","-7.1,-4.6","-8.1,14","-1.1,3.9","11.5,11","-24.6,-0.3","-10.6,0.6","12.2,14.7","-6.7,8","-1.9,13.4",,0.349,5.382,8.226,1.193,7.883,5.236,1.014,6.561,5.074,6.818,4.324,,"-0.999,0.051","-0.907,-0.422","-0.932,-0.362","0.938,-0.346","-1,-0.003","-0.996,0.094","0.868,-0.496","-0.701,-0.713","-0.991,0.133","-0.971,-0.241","-0.195,0.981",,HomePowerplay,True,False,2.0
