Period,MatchClock,Timestamp,EventType,TeamStrengthType,TeamStrength,HomeGoalieOnIce,AwayGoalieOnIce,EventPosition,EventStartCoordinate,EventEndCoordinate,EventPrimaryPlayerId,EventPrimaryPlayerName,EventPrimaryTeam,EventSecondaryPlayerId,EventSecondaryPlayerName,EventSecondaryTeam,FaceoffSpot,ShotResult,ShotSpeed,ShotScreeningPlayerIds,ShotXG,GoalAssist1Id,GoalAssist2Id,PassResult,PassSpeed,BluelineCrossingResult,BluelineCrossingDirection,BluelineCrossingAttackerIds,BluelineCrossingDefenderIds,DumpResult,DumpType,DumpAlongTheBoards,ClearType,ClearAlongTheBoards,PuckControlState,PuckControlStartZone,PuckControlEndZone,PuckControlContestingPlayerIds,StoppageOfPlayReason,PenaltyReason,ParticipatingPlayerIds,StartPlayerId1,StartPlayerId2,StartPlayerId3,StartPlayerId4,StartPlayerId5,StartPlayerId6,StartPlayerId7,StartPlayerId8,StartPlayerId9,StartPlayerId10,StartPlayerId11,StartPlayerId12,StartPlayerName1,StartPlayerName2,StartPlayerName3,StartPlayerName4,StartPlayerName5,StartPlayerName6,StartPlayerName7,StartPlayerName8,StartPlayerName9,StartPlayerName10,StartPlayerName11,StartPlayerName12,StartPlayerTeam1,StartPlayerTeam2,StartPlayerTeam3,StartPlayerTeam4,StartPlayerTeam5,StartPlayerTeam6,StartPlayerTeam7,StartPlayerTeam8,StartPlayerTeam9,StartPlayerTeam10,StartPlayerTeam11,StartPlayerTeam12,StartPlayerCoordinates1,StartPlayerCoordinates2,StartPlayerCoordinates3,StartPlayerCoordinates4,StartPlayerCoordinates5,StartPlayerCoordinates6,StartPlayerCoordinates7,StartPlayerCoordinates8,StartPlayerCoordinates9,StartPlayerCoordinates10,StartPlayerCoordinates11,StartPlayerCoordinates12,StartPlayerVelocity1,StartPlayerVelocity2,StartPlayerVelocity3,StartPlayerVelocity4,StartPlayerVelocity5,StartPlayerVelocity6,StartPlayerVelocity7,StartPlayerVelocity8,StartPlayerVelocity9,StartPlayerVelocity10,StartPlayerVelocity11,StartPlayerVelocity12,StartPlayerDirection1,StartPlayerDirection2,StartPlayerDirection3,StartPlayerDirection4,StartPlayerDirection5,StartPlayerDirection6,StartPlayerDirection7,StartPlayerDirection8,StartPlayerDirection9,StartPlayerDirection10,StartPlayerDirection11,StartPlayerDirection12,strength_type_state,is_powerplay,pp_start,pp_phase_id
2,1187,1767184603780,Faceoff,AwayPowerplay,4v5,True,True,HomeTeamZone,,,888057608.0,#11 Danny Nelson,Home,888057608.0,#11 Danny Nelson,Home,HomeTeamZoneTop,,,,,,,,,,,,,,,,,,,,,,,,888057608,150983.0,143575.0,337830.0,301617.0,347698.0,322236.0,888057604.0,888057605.0,888057597.0,888057607.0,888057608.0,,#29 Sandro Aeschlimann,#70 Enzo Corvi,#44 Matej Stransky,#72 Tino Kessler,#74 Rasmus Asplund,#55 Calle Andersson,#2 Gavin McCartthy,#25 Abram Wiebe,#30 Adam Gajan,#22 Cole Knuble,#11 Danny Nelson,,Away,Away,Away,Away,Away,Away,Home,Home,Home,Home,Home,,"24.1,-0.1","-20.1,7","-18.7,0.9","-19.9,2","-17.8,10.8","-9.8,7.5","-20.6,11.3","-22.8,3","-26.2,0.1","-21,1.7","-20.5,6.8",,,,,,,,,,,,,,,,,,,,,,,,,,AwayPowerplay,True,True,3.0
2,1187,1767184603780,PuckControl,AwayPowerplay,4v5,True,True,HomeTeamZone,"-20.8,6.8","-21.3,6.1",,,,,,,,,,,,,,,,,,,,,,,,,Contested,HomeTeamZone,HomeTeamZone,"888057608,143575",,,,150983.0,143575.0,337830.0,301617.0,347698.0,322236.0,888057604.0,888057605.0,888057597.0,888057607.0,888057608.0,,#29 Sandro Aeschlimann,#70 Enzo Corvi,#44 Matej Stransky,#72 Tino Kessler,#74 Rasmus Asplund,#55 Calle Andersson,#2 Gavin McCartthy,#25 Abram Wiebe,#30 Adam Gajan,#22 Cole Knuble,#11 Danny Nelson,,Away,Away,Away,Away,Away,Away,Home,Home,Home,Home,Home,,"24.1,-0.1","-20.1,7","-18.7,0.9","-19.9,2","-17.8,10.8","-9.8,7.5","-20.6,11.3","-22.8,3","-26.2,0.1","-21,1.7","-20.5,6.8",,,,,,,,,,,,,,,,,,,,,,,,,,AwayPowerplay,True,False,3.0
2,1187,1767184604100,PuckControl,AwayPowerplay,4v5,True,True,HomeTeamZone,"-21.3,6.1","-23.8,5.6",,,,,,,,,,,,,,,,,,,,,,,,,Loose,HomeTeamZone,HomeTeamZone,,,,,150983.0,143575.0,337830.0,301617.0,347698.0,322236.0,888057604.0,888057605.0,888057597.0,888057607.0,888057608.0,,#29 Sandro Aeschlimann,#70 Enzo Corvi,#44 Matej Stransky,#72 Tino Kessler,#74 Rasmus Asplund,#55 Calle Andersson,#2 Gavin McCartthy,#25 Abram Wiebe,#30 Adam Gajan,#22 Cole Knuble,#11 Danny Nelson,,Away,Away,Away,Away,Away,Away,Home,Home,Home,Home,Home,,"24.2,-0.1","-20.3,7.1","-18.6,0.5","-20.3,2.5","-17.5,10.3","-9.8,7.5","-20.3,10.8","-23.3,3.7","-26.2,0.1","-20.8,1.3","-20.6,6.8",,,,,,,,,,,,,,,,,,,,,,,,,,AwayPowerplay,True,False,3.0
2,1188,1767184604380,PuckControl,AwayPowerplay,4v5,True,True,HomeTeamZone,"-23.8,5.6","-24.8,8.8",888057605.0,#25 Abram Wiebe,Home,,,,,,,,,,,,,,,,,,,,,,HomeControl,HomeTeamZone,HomeTeamZone,,,,888057605,150983.0,143575.0,337830.0,301617.0,347698.0,322236.0,888057604.0,888057605.0,888057597.0,888057607.0,888057608.0,,#29 Sandro Aeschlimann,#70 Enzo Corvi,#44 Matej Stransky,#72 Tino Kessler,#74 Rasmus Asplund,#55 Calle Andersson,#2 Gavin McCartthy,#25 Abram Wiebe,#30 Adam Gajan,#22 Cole Knuble,#11 Danny Nelson,,Away,Away,Away,Away,Away,Away,Home,Home,Home,Home,Home,,"24.1,-0.1","-20.2,7.1","-18.7,0","-20.9,3.4","-17.2,9.6","-9.8,7.5","-20,10.1","-23.7,4.9","-26.2,0.1","-20.7,1","-20.6,6.7",,,,,,,,,,,,,,,,,,,,,,,,,,AwayPowerplay,True,False,3.0
2,1188,1767184605060,Clear,AwayPowerplay,4v5,True,True,HomeTeamZone,"-24.9,8.7","7.5,0.2",888057605.0,#25 Abram Wiebe,Home,322236.0,#55 Calle Andersson,Away,,,,,,,,,,,,,,,,,OffensiveZone,False,,,,,,,"888057605,322236",150983.0,143575.0,337830.0,301617.0,347698.0,322236.0,888057604.0,888057605.0,888057597.0,888057607.0,888057608.0,,#29 Sandro Aeschlimann,#70 Enzo Corvi,#44 Matej Stransky,#72 Tino Kessler,#74 Rasmus Asplund,#55 Calle Andersson,#2 Gavin McCartthy,#25 Abram Wiebe,#30 Adam Gajan,#22 Cole Knuble,#11 Danny Nelson,,Away,Away,Away,Away,Away,Away,Home,Home,Home,Home,Home,,"24.1,-0.2","-20,7.1","-18.1,-1.2","-22.6,6.5","-16,8","-9.4,8","-19.2,8.3","-24.4,8.3","-26.3,-0.3","-20.2,1.2","-20.6,5.9",,0.215,0.732,2.281,5.804,3.229,1.779,3.04,4.861,0.77,2.046,1.393,,"1,0.001","0.834,0.552","0.733,-0.681","-0.34,0.94","0.763,-0.647","0.473,0.881","0.509,-0.861","-0.074,0.997","-0.558,-0.83","0.873,0.488","-0.253,-0.968",,AwayPowerplay,True,False,3.0
2,1188,1767184605080,PuckControl,AwayPowerplay,4v5,True,True,HomeTeamZone,"-24.8,8.8","29.4,-8.2",,,,,,,,,,,,,,,,,,,,,,,,,Loose,HomeTeamZone,AwayTeamZone,,,,,150983.0,143575.0,337830.0,301617.0,347698.0,322236.0,888057604.0,888057605.0,888057597.0,888057607.0,888057608.0,,#29 Sandro Aeschlimann,#70 Enzo Corvi,#44 Matej Stransky,#72 Tino Kessler,#74 Rasmus Asplund,#55 Calle Andersson,#2 Gavin McCartthy,#25 Abram Wiebe,#30 Adam Gajan,#22 Cole Knuble,#11 Danny Nelson,,Away,Away,Away,Away,Away,Away,Home,Home,Home,Home,Home,,"24.1,-0.2","-19.9,7.1","-18.1,-1.3","-22.7,6.6","-16,8","-9.4,8.1","-19.1,8.3","-24.4,8.4","-26.3,-0.3","-20.2,1.2","-20.6,5.9",,,,,,,,,,,,,,,,,,,,,,,,,,AwayPowerplay,True,False,3.0
2,1189,1767184605860,BluelineCrossing,AwayPowerplay,4v5,True,True,NeutralZone,"-7.2,4.9",,888057605.0,#25 Abram Wiebe,Home,,,,,,,,,,,,,,TowardsOpponent,,,,,,,,,,,,,,888057605,150983.0,143575.0,337830.0,301617.0,347698.0,322236.0,888057604.0,888057605.0,888057597.0,888057607.0,888057608.0,,#29 Sandro Aeschlimann,#70 Enzo Corvi,#44 Matej Stransky,#72 Tino Kessler,#74 Rasmus Asplund,#55 Calle Andersson,#2 Gavin McCartthy,#25 Abram Wiebe,#30 Adam Gajan,#22 Cole Knuble,#11 Danny Nelson,,Away,Away,Away,Away,Away,Away,Home,Home,Home,Home,Home,,"24.4,-0.1","-19.7,7.5","-16.7,-2.8","-22.4,10.9","-13.5,8","-7.8,9.9","-18.1,6.1","-24.6,11.2","-26.8,-0.6","-17.5,2.2","-20.8,5.7",,0.353,0.56,3.068,5.395,4.125,4.192,3.338,2.98,0.499,4.875,0.506,,"0.749,-0.662","0.446,0.895","0.59,-0.807","0.483,0.876","0.895,0.445","0.893,0.45","0.439,-0.898","-0.048,0.999","-0.994,-0.113","0.914,0.405","0.421,0.907",,AwayPowerplay,True,False,3.0
2,1190,1767184606600,BluelineCrossing,AwayPowerplay,4v5,True,True,NeutralZone,"7.1,0.3",,888057605.0,#25 Abram Wiebe,Home,,,,,,,,,,,,,,TowardsOpponent,,"347698,322236",,,,,,,,,,,,"888057605,347698,322236",150983.0,143575.0,337830.0,301617.0,347698.0,322236.0,888057604.0,888057605.0,888057597.0,888057607.0,888057608.0,,#29 Sandro Aeschlimann,#70 Enzo Corvi,#44 Matej Stransky,#72 Tino Kessler,#74 Rasmus Asplund,#55 Calle Andersson,#2 Gavin McCartthy,#25 Abram Wiebe,#30 Adam Gajan,#22 Cole Knuble,#11 Danny Nelson,,Away,Away,Away,Away,Away,Away,Home,Home,Home,Home,Home,,"24.8,-0.8","-19.4,7.3","-14.8,-4.3","-19.3,13.2","-10.5,9.5","-4.3,10.1","-16.8,4.1","-24.2,13.3","-26.9,-0.7","-14.2,3.1","-19.9,5.6",,1.522,1.211,3.573,5.271,4.775,5.354,2.983,2.882,0.278,4.744,1.86,,"0.59,-0.807","0.646,-0.763","0.827,-0.562","0.96,0.279","0.938,0.346","0.965,-0.263","0.751,-0.661","0.53,0.848","0.96,0.279","0.984,0.18","0.959,-0.284",,AwayPowerplay,True,False,3.0
2,1196,1767184612520,PuckControl,AwayPowerplay,4v5,True,True,AwayTeamZone,"29.4,-8.2","16.7,1.5",322236.0,#55 Calle Andersson,Away,,,,,,,,,,,,,,,,,,,,,,AwayControl,AwayTeamZone,AwayTeamZone,,,,322236,150983.0,143575.0,337830.0,301617.0,347698.0,322236.0,888057604.0,888057605.0,888057597.0,888057607.0,888057608.0,,#29 Sandro Aeschlimann,#70 Enzo Corvi,#44 Matej Stransky,#72 Tino Kessler,#74 Rasmus Asplund,#55 Calle Andersson,#2 Gavin McCartthy,#25 Abram Wiebe,#30 Adam Gajan,#22 Cole Knuble,#11 Danny Nelson,,Away,Away,Away,Away,Away,Away,Home,Home,Home,Home,Home,,"25.7,-0.3","-4.1,13.2","7.9,-12.2","6,11.8","17.5,14.4","27.4,-9.2","-3.8,-7.1","-8.6,7.8","-26.3,-0.2","11.3,-11.1","-2,-4.3",,,,,,,,,,,,,,,,,,,,,,,,,,AwayPowerplay,True,False,3.0
2,1200,1767184617140,StoppageOfPlay,,,,,,,,,,,,,,,,,,,,,,,,,,,,,,,,,,,,PeriodEnd,,,,,,,,,,,,,,,,,,,,,,,,,,,,,,,,,,,,,,,,,,,,,,,,,,,,,,,,,,,,,,,,,,,,,,,,,,,AwayPowerplay,True,False,3.0
3,0,1767185707860,Faceoff,AwayPowerplay,4v5,True,True,NeutralZone,,,143575.0,#70 Enzo Corvi,Away,143575.0,#70 Enzo Corvi,Away,Center,,,,,,,,,,,,,,,,,,,,,,,,143575,150983.0,143575.0,337830.0,301617.0,347698.0,322236.0,888057603.0,888057597.0,888057607.0,888057608.0,888057601.0,,#29 Sandro Aeschlimann,#70 Enzo Corvi,#44 Matej Stransky,#72 Tino Kessler,#74 Rasmus Asplund,#55 Calle Andersson,#17 Larry Keenan,#30 Adam Gajan,#22 Cole Knuble,#11 Danny Nelson,#23 Eric Pohlkamp,,Away,Away,Away,Away,Away,Away,Home,Home,Home,Home,Home,,"24.6,0.5","1.5,0.4","0.9,4.5","0.8,-5.2","6.8,-5.8","8.2,4.3","-6.5,3.8","-26.3,-0.1","-0.5,5.7","0.1,0.1","-0.2,-4.8",,,,,,,,,,,,,,,,,,,,,,,,,,AwayPowerplay,True,False,3.0
3,0,1767185707860,PuckControl,AwayPowerplay,4v5,True,True,NeutralZone,"1.9,2","8.3,4.4",,,,,,,,,,,,,,,,,,,,,,,,,Loose,NeutralZone,HomeTeamZone,,,,,150983.0,143575.0,337830.0,301617.0,347698.0,322236.0,888057603.0,888057597.0,888057607.0,888057608.0,888057601.0,,#29 Sandro Aeschlimann,#70 Enzo Corvi,#44 Matej Stransky,#72 Tino Kessler,#74 Rasmus Asplund,#55 Calle Andersson,#17 Larry Keenan,#30 Adam Gajan,#22 Cole Knuble,#11 Danny Nelson,#23 Eric Pohlkamp,,Away,Away,Away,Away,Away,Away,Home,Home,Home,Home,Home,,"24.7,0.7","1.2,0.9","0.6,4.4","1,-4.4","6.5,-5.5","8.9,4.8","-6.7,3.9","-26.2,-0.4","-0.4,5.4","0.5,0.6","-0.7,-4.7",,,,,,,,,,,,,,,,,,,,,,,,,,AwayPowerplay,True,False,3.0
3,0,1767185708440,BluelineCrossing,AwayPowerplay,4v5,True,True,AwayTeamZone,"7.2,3.5",,322236.0,#55 Calle Andersson,Away,,,,,,,,,,,,,,TowardsHome,,,,,,,,,,,,,,322236,150983.0,143575.0,337830.0,301617.0,347698.0,322236.0,888057603.0,888057597.0,888057607.0,888057608.0,888057601.0,,#29 Sandro Aeschlimann,#70 Enzo Corvi,#44 Matej Stransky,#72 Tino Kessler,#74 Rasmus Asplund,#55 Calle Andersson,#17 Larry Keenan,#30 Adam Gajan,#22 Cole Knuble,#11 Danny Nelson,#23 Eric Pohlkamp,,Away,Away,Away,Away,Away,Away,Home,Home,Home,Home,Home,,"24.8,1","1.9,1.3","0.5,4.7","1.5,-4.4","6.5,-5.3","9.9,5.2","-6.9,4.1","-25.9,-0.3","-0.3,4.8","0.5,0.9","-1.1,-4.3",,0.525,2.555,1.408,1.452,1.07,2.177,0.453,0.855,1.111,0.651,1.686,,"-0.95,-0.311","0.887,0.462","0.09,0.996","0.891,0.454","0.846,0.533","0.893,0.449","-0.821,0.572","0.982,0.191","0.099,-0.995","0.502,0.865","-0.997,-0.071",,AwayPowerplay,True,False,3.0
3,0,1767185708580,PuckControl,AwayPowerplay,4v5,True,True,AwayTeamZone,"8.3,4.4","15.1,2.1",322236.0,#55 Calle Andersson,Away,,,,,,,,,,,,,,,,,,,,,,AwayControl,HomeTeamZone,HomeTeamZone,,,,322236,150983.0,143575.0,337830.0,301617.0,347698.0,322236.0,888057603.0,888057597.0,888057607.0,888057608.0,888057601.0,,#29 Sandro Aeschlimann,#70 Enzo Corvi,#44 Matej Stransky,#72 Tino Kessler,#74 Rasmus Asplund,#55 Calle Andersson,#17 Larry Keenan,#30 Adam Gajan,#22 Cole Knuble,#11 Danny Nelson,#23 Eric Pohlkamp,,Away,Away,Away,Away,Away,Away,Home,Home,Home,Home,Home,,"24.7,1","2.3,1.5","0.6,4.9","1.8,-4.2","6.7,-5.2","10.2,5.4","-7,4.1","-25.8,-0.3","-0.3,4.6","0.6,0.9","-1.3,-4.3",,,,,,,,,,,,,,,,,,,,,,,,,,AwayPowerplay,True,False,3.0
3,5,1767185713100,Pass,AwayPowerplay,4v5,True,True,AwayTeamZone,"15.2,2.1","-0.2,0.4",322236.0,#55 Calle Andersson,Away,337830.0,#44 Matej Stransky,Away,,,,,,,,Successful,28.1,,,,,,,,,,,,,,,,"322236,337830",150983.0,143575.0,337830.0,301617.0,347698.0,322236.0,888057603.0,888057597.0,888057607.0,888057608.0,888057601.0,,#29 Sandro Aeschlimann,#70 Enzo Corvi,#44 Matej Stransky,#72 Tino Kessler,#74 Rasmus Asplund,#55 Calle Andersson,#17 Larry Keenan,#30 Adam Gajan,#22 Cole Knuble,#11 Danny Nelson,#23 Eric Pohlkamp,,Away,Away,Away,Away,Away,Away,Home,Home,Home,Home,Home,,"25.9,0.3","5.5,12.4","-4,5.9","9,13.2","-5.1,-5.6","15.3,1","-6.1,2.6","-26.3,-0.3","-3.2,9.8","4,5.3","-5.7,-6",,0.624,7.026,5.906,7.317,6.64,3.449,0.75,0.262,2.179,5.467,2.208,,"-0.42,-0.907","-0.91,-0.414","0.021,-1","-0.909,0.417","-0.331,0.944","-0.959,-0.284","-0.967,-0.254","-0.38,-0.925","-0.991,0.131","-0.945,0.327","-0.351,0.936",,AwayPowerplay,True,False,3.0
3,5,1767185713120,PuckControl,AwayPowerplay,4v5,True,True,AwayTeamZone,"15.1,2.1","-0.2,0.4",,,,,,,,,,,,,,,,,,,,,,,,,AwayControl,HomeTeamZone,NeutralZone,,,,,150983.0,143575.0,337830.0,301617.0,347698.0,322236.0,888057603.0,888057597.0,888057607.0,888057608.0,888057601.0,,#29 Sandro Aeschlimann,#70 Enzo Corvi,#44 Matej Stransky,#72 Tino Kessler,#74 Rasmus Asplund,#55 Calle Andersson,#17 Larry Keenan,#30 Adam Gajan,#22 Cole Knuble,#11 Danny Nelson,#23 Eric Pohlkamp,,Away,Away,Away,Away,Away,Away,Home,Home,Home,Home,Home,,"25.9,0.3","5.3,12.4","-4,5.8","8.9,13.2","-5.1,-5.5","15.2,1","-6.1,2.6","-26.3,-0.3","-3.3,9.8","3.9,5.3","-5.7,-6",,,,,,,,,,,,,,,,,,,,,,,,,,AwayPowerplay,True,False,3.0
3,5,1767185713520,BluelineCrossing,AwayPowerplay,4v5,True,True,AwayTeamZone,"7.2,1.1",,322236.0,#55 Calle Andersson,Away,,,,,,,,,,,,,PossessionMaintained,TowardsOpponent,,,,,,,,,,,,,,322236,150983.0,143575.0,337830.0,301617.0,347698.0,322236.0,888057603.0,888057597.0,888057607.0,888057608.0,888057601.0,,#29 Sandro Aeschlimann,#70 Enzo Corvi,#44 Matej Stransky,#72 Tino Kessler,#74 Rasmus Asplund,#55 Calle Andersson,#17 Larry Keenan,#30 Adam Gajan,#22 Cole Knuble,#11 Danny Nelson,#23 Eric Pohlkamp,,Away,Away,Away,Away,Away,Away,Home,Home,Home,Home,Home,,"25.7,0","2.8,10.9","-4.1,3.5","6.1,14","-5.7,-2.8","13.8,0.8","-6.5,2.5","-26.2,-0.4","-4.3,9.9","2.2,6","-6.1,-5.4",,0.94,7.599,5.247,7.71,6.725,3.878,1.119,0.659,2.758,3.361,1.263,,"-0.503,-0.864","-0.802,-0.598","0.041,-0.999","-0.988,0.155","-0.158,0.987","-0.999,-0.035","-1,0.023","0.661,-0.75","-0.979,-0.203","-0.936,0.352","-0.81,0.586",,AwayPowerplay,True,False,3.0
3,6,1767185714040,PuckControl,AwayPowerplay,4v5,True,True,NeutralZone,"-0.2,0.4","0.3,-0.7",337830.0,#44 Matej Stransky,Away,,,,,,,,,,,,,,,,,,,,,,AwayControl,NeutralZone,NeutralZone,,,,337830,150983.0,143575.0,337830.0,301617.0,347698.0,322236.0,888057603.0,888057597.0,888057607.0,888057608.0,888057601.0,,#29 Sandro Aeschlimann,#70 Enzo Corvi,#44 Matej Stransky,#72 Tino Kessler,#74 Rasmus Asplund,#55 Calle Andersson,#17 Larry Keenan,#30 Adam Gajan,#22 Cole Knuble,#11 Danny Nelson,#23 Eric Pohlkamp,,Away,Away,Away,Away,Away,Away,Home,Home,Home,Home,Home,,"25.7,-0.1","0.2,7.8","-2.7,0.9","2.2,13.3","-6.2,-0.4","11.5,0.9","-7.5,2","-25.9,-1","-5.7,8.8","0.2,5.1","-7.3,-5.4",,,,,,,,,,,,,,,,,,,,,,,,,,AwayPowerplay,True,False,3.0
3,6,1767185714820,Pass,AwayPowerplay,4v5,True,True,NeutralZone,"0.2,-0.6","3.4,1.5",337830.0,#44 Matej Stransky,Away,322236.0,#55 Calle Andersson,Away,,,,,,,,Successful,10.4,,,,,,,,,,,,,,,,"337830,322236",150983.0,143575.0,337830.0,301617.0,347698.0,322236.0,888057603.0,888057597.0,888057607.0,888057608.0,888057601.0,,#29 Sandro Aeschlimann,#70 Enzo Corvi,#44 Matej Stransky,#72 Tino Kessler,#74 Rasmus Asplund,#55 Calle Andersson,#17 Larry Keenan,#30 Adam Gajan,#22 Cole Knuble,#11 Danny Nelson,#23 Eric Pohlkamp,,Away,Away,Away,Away,Away,Away,Home,Home,Home,Home,Home,,"26.2,0.3","-3.4,4.9","0,-3.3","-2.4,10.5","-6.6,4.6","8.5,1.2","-9.4,0.7","-25.7,-0.7","-8.6,7.3","-3.9,3.2","-8.7,-5.9",,0.442,5.609,6.536,6.924,7.141,5.938,2.715,0.642,4.612,5.761,1.547,,"0.815,0.58","-0.831,-0.556","0.524,-0.852","-0.86,-0.51","-0.011,1","-0.898,0.44","-0.849,-0.529","0.466,0.885","-0.819,-0.574","-0.882,-0.471","-0.087,-0.996",,AwayPowerplay,True,False,3.0
3,6,1767185714840,PuckControl,AwayPowerplay,4v5,True,True,NeutralZone,"0.3,-0.7","3.4,1.5",,,,,,,,,,,,,,,,,,,,,,,,,AwayControl,NeutralZone,NeutralZone,,,,,150983.0,143575.0,337830.0,301617.0,347698.0,322236.0,888057603.0,888057597.0,888057607.0,888057608.0,888057601.0,,#29 Sandro Aeschlimann,#70 Enzo Corvi,#44 Matej Stransky,#72 Tino Kessler,#74 Rasmus Asplund,#55 Calle Andersson,#17 Larry Keenan,#30 Adam Gajan,#22 Cole Knuble,#11 Danny Nelson,#23 Eric Pohlkamp,,Away,Away,Away,Away,Away,Away,Home,Home,Home,Home,Home,,"26.2,0.3","-3.5,4.8","0,-3.4","-2.5,10.4","-6.6,4.8","8.4,1.3","-9.5,0.6","-25.7,-0.7","-8.6,7.3","-4,3.1","-8.7,-5.9",,,,,,,,,,,,,,,,,,,,,,,,,,AwayPowerplay,True,False,3.0
3,7,1767185715380,PuckControl,AwayPowerplay,4v5,True,True,NeutralZone,"3.4,1.5","-8.1,11.1",322236.0,#55 Calle Andersson,Away,,,,,,,,,,,,,,,,,,,,,,AwayControl,NeutralZone,AwayTeamZone,,,,322236,150983.0,143575.0,337830.0,301617.0,347698.0,322236.0,888057603.0,888057597.0,888057607.0,888057608.0,888057601.0,,#29 Sandro Aeschlimann,#70 Enzo Corvi,#44 Matej Stransky,#72 Tino Kessler,#74 Rasmus Asplund,#55 Calle Andersson,#17 Larry Keenan,#30 Adam Gajan,#22 Cole Knuble,#11 Danny Nelson,#23 Eric Pohlkamp,,Away,Away,Away,Away,Away,Away,Home,Home,Home,Home,Home,,"26,0.2","-4.9,2","1.1,-7","-4.4,7.7","-6.7,8.4","5.2,1.9","-10.1,1.5","-25.4,-0.4","-9.3,5.7","-5.4,1.7","-8.9,-6.4",,,,,,,,,,,,,,,,,,,,,,,,,,AwayPowerplay,True,False,3.0
3,9,1767185717820,BluelineCrossing,AwayPowerplay,4v5,True,True,NeutralZone,"-7.1,9.9",,322236.0,#55 Calle Andersson,Away,,,,,,,,,,,,,PossessionMaintained,TowardsOpponent,"143575,337830,301617,347698,322236","888057603,888057607,888057608,888057601",,,,,,,,,,,,"322236,143575,337830,301617,347698,888057603,888057607,888057608,888057601",150983.0,143575.0,337830.0,301617.0,347698.0,322236.0,888057603.0,888057597.0,888057607.0,888057608.0,888057601.0,,#29 Sandro Aeschlimann,#70 Enzo Corvi,#44 Matej Stransky,#72 Tino Kessler,#74 Rasmus Asplund,#55 Calle Andersson,#17 Larry Keenan,#30 Adam Gajan,#22 Cole Knuble,#11 Danny Nelson,#23 Eric Pohlkamp,,Away,Away,Away,Away,Away,Away,Home,Home,Home,Home,Home,,"26,0.3","-4.7,-12","-8.2,-9.9","-3.8,-9.2","-7.5,14.9","-6.8,8.9","-12.4,3.7","-25.2,0.2","-9.8,10.5","-6.2,6.3","-13.7,-4.8",,0.063,5.229,5.249,6.022,0.437,5.724,2.642,0.456,2.664,4.317,3.89,,"0.258,0.966","-0.685,-0.728","-0.293,0.956","-0.804,-0.594","-0.655,0.756","-0.845,0.535","-0.734,0.679","-0.548,0.837","0.073,0.997","-0.66,0.751","-0.874,0.487",,AwayPowerplay,True,False,3.0
3,10,1767185718000,Pass,AwayPowerplay,4v5,True,True,HomeTeamZone,"-8.1,11","-8.1,13.8",322236.0,#55 Calle Andersson,Away,347698.0,#74 Rasmus Asplund,Away,,,,,,,,Successful,9.3,,,,,,,,,,,,,,,,"322236,347698",150983.0,143575.0,337830.0,301617.0,347698.0,322236.0,888057603.0,888057597.0,888057607.0,888057608.0,888057601.0,,#29 Sandro Aeschlimann,#70 Enzo Corvi,#44 Matej Stransky,#72 Tino Kessler,#74 Rasmus Asplund,#55 Calle Andersson,#17 Larry Keenan,#30 Adam Gajan,#22 Cole Knuble,#11 Danny Nelson,#23 Eric Pohlkamp,,Away,Away,Away,Away,Away,Away,Home,Home,Home,Home,Home,,"26,0.3","-5.3,-12.6","-8.4,-9","-4.8,-9.8","-7.5,14.9","-7.7,9.3","-12.8,4","-25.2,0.3","-9.8,11","-6.8,6.9","-14.3,-4.5",,0.198,5.03,5.117,6.268,0.298,5.538,3.12,0.483,2.657,5.053,4.09,,"0.83,-0.558","-0.711,-0.704","-0.138,0.99","-0.914,-0.405","-0.604,0.797","-0.932,0.362","-0.761,0.648","-0.192,0.981","0.054,0.999","-0.717,0.697","-0.834,0.552",,AwayPowerplay,True,False,3.0
3,10,1767185718020,PuckControl,AwayPowerplay,4v5,True,True,HomeTeamZone,"-8.1,11.1","-8.1,13.8",,,,,,,,,,,,,,,,,,,,,,,,,AwayControl,AwayTeamZone,AwayTeamZone,,,,,150983.0,143575.0,337830.0,301617.0,347698.0,322236.0,888057603.0,888057597.0,888057607.0,888057608.0,888057601.0,,#29 Sandro Aeschlimann,#70 Enzo Corvi,#44 Matej Stransky,#72 Tino Kessler,#74 Rasmus Asplund,#55 Calle Andersson,#17 Larry Keenan,#30 Adam Gajan,#22 Cole Knuble,#11 Danny Nelson,#23 Eric Pohlkamp,,Away,Away,Away,Away,Away,Away,Home,Home,Home,Home,Home,,"26,0.3","-5.4,-12.7","-8.5,-8.9","-4.9,-9.8","-7.5,14.9","-7.8,9.4","-12.8,4.1","-25.2,0.3","-9.8,11","-6.9,7","-14.4,-4.4",,,,,,,,,,,,,,,,,,,,,,,,,,AwayPowerplay,True,False,3.0
3,10,1767185718320,PuckControl,AwayPowerplay,4v5,True,True,HomeTeamZone,"-8.1,13.8","3.1,-3.9",347698.0,#74 Rasmus Asplund,Away,,,,,,,,,,,,,,,,,,,,,,AwayControl,AwayTeamZone,NeutralZone,,,,347698,150983.0,143575.0,337830.0,301617.0,347698.0,322236.0,888057603.0,888057597.0,888057607.0,888057608.0,888057601.0,,#29 Sandro Aeschlimann,#70 Enzo Corvi,#44 Matej Stransky,#72 Tino Kessler,#74 Rasmus Asplund,#55 Calle Andersson,#17 Larry Keenan,#30 Adam Gajan,#22 Cole Knuble,#11 Danny Nelson,#23 Eric Pohlkamp,,Away,Away,Away,Away,Away,Away,Home,Home,Home,Home,Home,,"26,0.2","-6.5,-13.5","-8.5,-7.4","-6.8,-10.2","-7.5,14.9","-9.5,9.9","-13.7,4.6","-25.2,0.4","-9.7,11.9","-8,8","-15.4,-3.7",,,,,,,,,,,,,,,,,,,,,,,,,,AwayPowerplay,True,False,3.0
3,10,1767185718580,BluelineCrossing,AwayPowerplay,4v5,True,True,NeutralZone,"-7.1,14.6",,347698.0,#74 Rasmus Asplund,Away,,,,,,,,,,,,,,TowardsHome,,,,,,,,,,,,,,347698,150983.0,143575.0,337830.0,301617.0,347698.0,322236.0,888057603.0,888057597.0,888057607.0,888057608.0,888057601.0,,#29 Sandro Aeschlimann,#70 Enzo Corvi,#44 Matej Stransky,#72 Tino Kessler,#74 Rasmus Asplund,#55 Calle Andersson,#17 Larry Keenan,#30 Adam Gajan,#22 Cole Knuble,#11 Danny Nelson,#23 Eric Pohlkamp,,Away,Away,Away,Away,Away,Away,Home,Home,Home,Home,Home,,"26.1,0.1","-7.6,-13.8","-8.4,-6.1","-8.3,-10.1","-7.1,14.9","-11.1,10.3","-14.5,5.2","-25.2,0.6","-9.6,12.5","-8.8,8.9","-16.3,-3.2",,0.306,4.353,5.34,5.675,2.041,5.879,3.92,0.552,2.246,4.486,3.996,,"0.338,-0.941","-0.993,-0.12","0.118,0.993","-0.957,0.289","0.992,-0.123","-0.979,0.205","-0.813,0.582","-0.278,0.961","0.425,0.905","-0.562,0.827","-0.882,0.472",,AwayPowerplay,True,False,3.0
3,14,1767185722360,BluelineCrossing,AwayPowerplay,4v5,True,True,AwayTeamZone,"7.2,0.9",,347698.0,#74 Rasmus Asplund,Away,,,,,,,,,,,,,,TowardsHome,,,,,,,,,,,,,,347698,150983.0,143575.0,337830.0,301617.0,347698.0,322236.0,888057603.0,888057597.0,888057607.0,888057608.0,888057601.0,,#29 Sandro Aeschlimann,#70 Enzo Corvi,#44 Matej Stransky,#72 Tino Kessler,#74 Rasmus Asplund,#55 Calle Andersson,#17 Larry Keenan,#30 Adam Gajan,#22 Cole Knuble,#11 Danny Nelson,#23 Eric Pohlkamp,,Away,Away,Away,Away,Away,Away,Home,Home,Home,Home,Home,,"26,0.1","-8.2,1.2","2,8","2,1.5","6.7,2.7","-10.7,3.1","-9,5.7","-26.2,-0.2","1.5,4.5","-3.8,10.5","-8.4,-3",,0.417,6.408,3.463,5.895,8.809,5.276,2.997,0.104,5.922,2.115,3.769,,"-0.46,0.888","0.323,0.946","0.478,0.878","0.887,0.463","-0.13,-0.991","0.936,-0.351","0.447,-0.895","-0.684,-0.729","-0.309,-0.951","0.682,-0.732","0.87,-0.493",,AwayPowerplay,True,False,3.0
3,15,1767185723200,Pass,AwayPowerplay,4v5,True,True,NeutralZone,"3.2,-3.8","1.5,10.4",347698.0,#74 Rasmus Asplund,Away,301617.0,#72 Tino Kessler,Away,,,,,,,,Successful,14.5,,,,,,,,,,,,,,,,"347698,301617",150983.0,143575.0,337830.0,301617.0,347698.0,322236.0,888057603.0,888057597.0,888057607.0,888057608.0,888057601.0,,#29 Sandro Aeschlimann,#70 Enzo Corvi,#44 Matej Stransky,#72 Tino Kessler,#74 Rasmus Asplund,#55 Calle Andersson,#17 Larry Keenan,#30 Adam Gajan,#22 Cole Knuble,#11 Danny Nelson,#23 Eric Pohlkamp,,Away,Away,Away,Away,Away,Away,Home,Home,Home,Home,Home,,"26,0.1","-5.6,5.1","1.6,11.1","4.8,3.9","4.6,-4.9","-6.8,0.2","-8.5,3.2","-26.3,-0.4","-0.5,0","-3.4,9.4","-7.3,-5",,0.117,4.369,4.992,4.202,8.304,6.284,2.57,0.433,6.308,0.582,3.306,,"-0.469,-0.883","0.861,0.509","-0.553,0.833","0.238,0.971","-0.349,-0.937","0.677,-0.736","0.122,-0.993","0.463,-0.886","-0.247,-0.969","-0.127,-0.992","-0.17,-0.985",,AwayPowerplay,True,False,3.0
3,15,1767185723220,PuckControl,AwayPowerplay,4v5,True,True,NeutralZone,"3.1,-3.9","1.5,10.4",,,,,,,,,,,,,,,,,,,,,,,,,AwayControl,NeutralZone,NeutralZone,,,,,150983.0,143575.0,337830.0,301617.0,347698.0,322236.0,888057603.0,888057597.0,888057607.0,888057608.0,888057601.0,,#29 Sandro Aeschlimann,#70 Enzo Corvi,#44 Matej Stransky,#72 Tino Kessler,#74 Rasmus Asplund,#55 Calle Andersson,#17 Larry Keenan,#30 Adam Gajan,#22 Cole Knuble,#11 Danny Nelson,#23 Eric Pohlkamp,,Away,Away,Away,Away,Away,Away,Home,Home,Home,Home,Home,,"26,0.1","-5.5,5.1","1.5,11.2","4.8,4","4.6,-5.1","-6.7,0.1","-8.5,3.2","-26.3,-0.4","-0.5,-0.1","-3.4,9.4","-7.3,-5.1",,,,,,,,,,,,,,,,,,,,,,,,,,AwayPowerplay,True,False,3.0
3,16,1767185724480,PuckControl,AwayPowerplay,4v5,True,True,NeutralZone,"1.5,10.4","-19.1,-14.9",301617.0,#72 Tino Kessler,Away,,,,,,,,,,,,,,,,,,,,,,AwayControl,NeutralZone,AwayTeamZone,,,,301617,150983.0,143575.0,337830.0,301617.0,347698.0,322236.0,888057603.0,888057597.0,888057607.0,888057608.0,888057601.0,,#29 Sandro Aeschlimann,#70 Enzo Corvi,#44 Matej Stransky,#72 Tino Kessler,#74 Rasmus Asplund,#55 Calle Andersson,#17 Larry Keenan,#30 Adam Gajan,#22 Cole Knuble,#11 Danny Nelson,#23 Eric Pohlkamp,,Away,Away,Away,Away,Away,Away,Home,Home,Home,Home,Home,,"26.2,0.1","-0.6,3.8","-4.1,14.5","2.1,10.4","1,-11","-1.9,-4.7","-9.4,1.4","-25.4,-0.2","-3.8,-7","-2.4,10","-9.7,-7.3",,,,,,,,,,,,,,,,,,,,,,,,,,AwayPowerplay,True,False,3.0
3,18,1767185726640,BluelineCrossing,AwayPowerplay,4v5,True,True,AwayTeamZone,"7.2,10",,301617.0,#72 Tino Kessler,Away,,,,,,,,,,,,,,TowardsHome,,,,,,,,,,,,,,301617,150983.0,143575.0,301617.0,347698.0,322236.0,888057603.0,888057597.0,888057607.0,888057608.0,888057601.0,,,#29 Sandro Aeschlimann,#70 Enzo Corvi,#72 Tino Kessler,#74 Rasmus Asplund,#55 Calle Andersson,#17 Larry Keenan,#30 Adam Gajan,#22 Cole Knuble,#11 Danny Nelson,#23 Eric Pohlkamp,,,Away,Away,Away,Away,Away,Home,Home,Home,Home,Home,,,"26.2,0.1","8.8,1.8","7.6,11.1","-8.2,-9.1","9.5,-4.3","-7.9,5.2","-26,-0.1","-5.3,2.1","-3.9,10.5","-8.8,-2.1",,,0.539,5.286,5.182,5.914,5.135,2.793,0.677,5.347,2.26,3.416,,,"0.999,0.033","0.781,0.625","0.656,-0.755","-0.147,0.989","1,0.02","0.998,-0.056","-0.97,-0.243","0.451,0.893","0.342,-0.94","0.936,0.352",,,AwayPowerplay,True,False,3.0
3,19,1767185727600,BluelineCrossing,AwayPowerplay,4v5,True,True,AwayTeamZone,"7.2,5.3",,301617.0,#72 Tino Kessler,Away,,,,,,,,,,,,,,TowardsOpponent,,,,,,,,,,,,,,301617,150983.0,143575.0,301617.0,347698.0,322236.0,888057603.0,888057597.0,888057607.0,888057608.0,888057601.0,,,#29 Sandro Aeschlimann,#70 Enzo Corvi,#72 Tino Kessler,#74 Rasmus Asplund,#55 Calle Andersson,#17 Larry Keenan,#30 Adam Gajan,#22 Cole Knuble,#11 Danny Nelson,#23 Eric Pohlkamp,,,Away,Away,Away,Away,Away,Home,Home,Home,Home,Home,,,"26.5,0.1","10.3,6.1","8.4,5.6","-8.4,-3.9","14.4,-3.4","-6,3.5","-26.4,-0.4","-4.7,7.1","-1.6,8.5","-6.5,-3",,,0.108,6.109,6.594,4.552,4.965,3.485,0.136,5.325,4.111,3.164,,,"0.292,0.956","-0.225,0.974","-0.288,-0.958","0.073,0.997","0.86,0.511","0.243,-0.97","-0.936,-0.353","-0.147,0.989","0.791,-0.612","0.469,-0.883",,,AwayPowerplay,True,False,3.0
3,22,1767185730320,BluelineCrossing,AwayPowerplay,4v5,True,True,NeutralZone,"-7.1,-8.6",,301617.0,#72 Tino Kessler,Away,,,,,,,,,,,,,PossessionMaintained,TowardsOpponent,"337830,301617,347698","888057603,888057607,888057608,888057601",,,,,,,,,,,,"301617,337830,347698,888057603,888057607,888057608,888057601",150983.0,143575.0,337830.0,301617.0,347698.0,322236.0,888057603.0,888057597.0,888057607.0,888057608.0,888057601.0,,#29 Sandro Aeschlimann,#70 Enzo Corvi,#44 Matej Stransky,#72 Tino Kessler,#74 Rasmus Asplund,#55 Calle Andersson,#17 Larry Keenan,#30 Adam Gajan,#22 Cole Knuble,#11 Danny Nelson,#23 Eric Pohlkamp,,Away,Away,Away,Away,Away,Away,Home,Home,Home,Home,Home,,"26.4,-0.5","-3.6,7.7","-7.6,14.3","-6.7,-9.4","-7.3,-4.1","8.4,5.4","-11.7,-2","-25,-0.8","-10.4,5.1","-5.5,-5.5","-11.8,-7",,0.688,6.189,1.698,9.295,3.627,6.4,5.049,0.585,3.372,7.53,4.214,,"0.068,-0.998","-0.51,-0.86","-0.611,-0.791","-0.98,-0.199","-0.025,-1","-0.998,-0.064","-0.828,-0.56","0.592,-0.806","-0.617,-0.787","-0.837,-0.547","-0.984,-0.178",,AwayPowerplay,True,False,3.0
3,24,1767185732580,Pass,AwayPowerplay,4v5,True,True,HomeTeamZone,"-19.2,-14.9","-8.9,-13.9",301617.0,#72 Tino Kessler,Away,347698.0,#74 Rasmus Asplund,Away,,,,,,,,Successful,10.6,,,,,,,,,,,,,,,,"301617,347698",150983.0,143575.0,337830.0,301617.0,347698.0,322236.0,888057603.0,888057597.0,888057607.0,888057608.0,888057601.0,,#29 Sandro Aeschlimann,#70 Enzo Corvi,#44 Matej Stransky,#72 Tino Kessler,#74 Rasmus Asplund,#55 Calle Andersson,#17 Larry Keenan,#30 Adam Gajan,#22 Cole Knuble,#11 Danny Nelson,#23 Eric Pohlkamp,,Away,Away,Away,Away,Away,Away,Home,Home,Home,Home,Home,,"26.3,0.3","-10.4,-3.8","-13.1,13.6","-19.8,-14.5","-10.6,-13.2","-5.7,4.4","-21.1,-1.2","-25.8,-0.4","-17.5,0","-16.6,-7.7","-21.5,-11.1",,0.508,5.394,3.323,1.679,3.032,3.988,2.345,0.34,2.615,0.562,2.918,,"-0.688,0.725","-0.878,-0.479","-0.925,-0.381","0.054,-0.999","0.274,-0.962","-0.987,0.159","-0.748,0.664","-0.331,0.944","-0.907,-0.421","-0.675,0.738","0.067,-0.998",,AwayPowerplay,True,False,3.0
3,24,1767185732600,PuckControl,AwayPowerplay,4v5,True,True,HomeTeamZone,"-19.1,-14.9","-8.9,-13.9",,,,,,,,,,,,,,,,,,,,,,,,,AwayControl,AwayTeamZone,AwayTeamZone,,,,,150983.0,143575.0,337830.0,301617.0,347698.0,322236.0,888057603.0,888057597.0,888057607.0,888057608.0,888057601.0,,#29 Sandro Aeschlimann,#70 Enzo Corvi,#44 Matej Stransky,#72 Tino Kessler,#74 Rasmus Asplund,#55 Calle Andersson,#17 Larry Keenan,#30 Adam Gajan,#22 Cole Knuble,#11 Danny Nelson,#23 Eric Pohlkamp,,Away,Away,Away,Away,Away,Away,Home,Home,Home,Home,Home,,"26.3,0.3","-10.5,-3.9","-13.2,13.5","-19.8,-14.5","-10.6,-13.2","-5.8,4.4","-21.2,-1.2","-25.8,-0.4","-17.6,-0.1","-16.6,-7.7","-21.4,-11.2",,,,,,,,,,,,,,,,,,,,,,,,,,AwayPowerplay,True,False,3.0
3,25,1767185733660,PuckControl,AwayPowerplay,4v5,True,True,HomeTeamZone,"-8.9,-13.9","-8.1,-14.8",347698.0,#74 Rasmus Asplund,Away,,,,,,,,,,,,,,,,,,,,,,AwayControl,AwayTeamZone,AwayTeamZone,,,,347698,150983.0,143575.0,337830.0,301617.0,347698.0,322236.0,888057603.0,888057597.0,888057607.0,888057608.0,888057601.0,,#29 Sandro Aeschlimann,#70 Enzo Corvi,#44 Matej Stransky,#72 Tino Kessler,#74 Rasmus Asplund,#55 Calle Andersson,#17 Larry Keenan,#30 Adam Gajan,#22 Cole Knuble,#11 Danny Nelson,#23 Eric Pohlkamp,,Away,Away,Away,Away,Away,Away,Home,Home,Home,Home,Home,,"25.2,0.2","-15.8,-4.8","-16,10.6","-19.2,-14.8","-8.7,-14.2","-7.8,5.3","-21.5,-0.3","-25.7,-0.3","-18.1,0.2","-15.4,-6.5","-19.9,-10.9",,,,,,,,,,,,,,,,,,,,,,,,,,AwayPowerplay,True,False,3.0
3,26,1767185734480,Pass,AwayPowerplay,4v5,True,True,HomeTeamZone,"-8,-14.8","-14.9,-14.8",347698.0,#74 Rasmus Asplund,Away,301617.0,#72 Tino Kessler,Away,,,,,,,,Successful,10.7,,,,,,,,,,,,,,,,"347698,301617",150983.0,143575.0,337830.0,301617.0,347698.0,322236.0,888057603.0,888057597.0,888057607.0,888057608.0,888057601.0,,#29 Sandro Aeschlimann,#70 Enzo Corvi,#44 Matej Stransky,#72 Tino Kessler,#74 Rasmus Asplund,#55 Calle Andersson,#17 Larry Keenan,#30 Adam Gajan,#22 Cole Knuble,#11 Danny Nelson,#23 Eric Pohlkamp,,Away,Away,Away,Away,Away,Away,Home,Home,Home,Home,Home,,"24.7,0.4","-19.5,-4.4","-18.2,7.3","-18,-14.2","-8.5,-13.9","-8,7.2","-21,-0.2","-25.5,-0.5","-17.5,0.9","-13.9,-6.8","-20.2,-8.2",,0.224,4.377,5.406,1.918,0.322,2.518,1.531,0.382,1.701,1.94,3.532,,"-1,-0.009","-0.996,0.091","-0.548,-0.836","0.956,0.292","-0.663,0.749","-0.065,0.998","0.526,0.85","0.257,-0.966","0.513,0.858","0.79,-0.613","-0.205,0.979",,AwayPowerplay,True,False,3.0
3,26,1767185734500,PuckControl,AwayPowerplay,4v5,True,True,HomeTeamZone,"-8.1,-14.8","-14.9,-14.8",,,,,,,,,,,,,,,,,,,,,,,,,AwayControl,AwayTeamZone,AwayTeamZone,,,,,150983.0,143575.0,337830.0,301617.0,347698.0,322236.0,888057603.0,888057597.0,888057607.0,888057608.0,888057601.0,,#29 Sandro Aeschlimann,#70 Enzo Corvi,#44 Matej Stransky,#72 Tino Kessler,#74 Rasmus Asplund,#55 Calle Andersson,#17 Larry Keenan,#30 Adam Gajan,#22 Cole Knuble,#11 Danny Nelson,#23 Eric Pohlkamp,,Away,Away,Away,Away,Away,Away,Home,Home,Home,Home,Home,,"24.7,0.4","-19.6,-4.3","-18.3,7.2","-17.9,-14.2","-8.5,-13.9","-8,7.3","-21,-0.1","-25.5,-0.5","-17.5,0.9","-13.8,-6.8","-20.2,-8.1",,,,,,,,,,,,,,,,,,,,,,,,,,AwayPowerplay,True,False,3.0
3,27,1767185735200,PuckControl,AwayPowerplay,4v5,True,True,HomeTeamZone,"-14.9,-14.8","-13.8,-13.6",301617.0,#72 Tino Kessler,Away,,,,,,,,,,,,,,,,,,,,,,AwayControl,AwayTeamZone,AwayTeamZone,,,,301617,150983.0,143575.0,337830.0,301617.0,347698.0,322236.0,888057603.0,888057597.0,888057607.0,888057608.0,888057601.0,,#29 Sandro Aeschlimann,#70 Enzo Corvi,#44 Matej Stransky,#72 Tino Kessler,#74 Rasmus Asplund,#55 Calle Andersson,#17 Larry Keenan,#30 Adam Gajan,#22 Cole Knuble,#11 Danny Nelson,#23 Eric Pohlkamp,,Away,Away,Away,Away,Away,Away,Home,Home,Home,Home,Home,,"24.6,0.3","-22.7,-5.2","-20.3,4.3","-16.5,-14.1","-8.8,-13.3","-8.1,8.7","-20.8,0.6","-25.5,-0.5","-17,2","-13.1,-7.4","-20.5,-6.1",,,,,,,,,,,,,,,,,,,,,,,,,,AwayPowerplay,True,False,3.0
3,28,1767185736200,Pass,AwayPowerplay,4v5,True,True,HomeTeamZone,"-13.8,-13.6","-26.1,-11.2",301617.0,#72 Tino Kessler,Away,143575.0,#70 Enzo Corvi,Away,,,,,,,,Successful,16.1,,,,,,,,,,,,,,,,"301617,143575",150983.0,143575.0,337830.0,301617.0,347698.0,322236.0,888057603.0,888057597.0,888057607.0,888057608.0,888057601.0,,#29 Sandro Aeschlimann,#70 Enzo Corvi,#44 Matej Stransky,#72 Tino Kessler,#74 Rasmus Asplund,#55 Calle Andersson,#17 Larry Keenan,#30 Adam Gajan,#22 Cole Knuble,#11 Danny Nelson,#23 Eric Pohlkamp,,Away,Away,Away,Away,Away,Away,Home,Home,Home,Home,Home,,"24.4,0.3","-26.2,-7.9","-22.7,1.4","-14.2,-14.3","-8.7,-10.1","-8.1,9.1","-21.3,0.8","-25.7,-0.3","-17.1,1.7","-12.8,-6.7","-21.5,-4.3",,0.132,3.496,3.209,1.879,4.76,0.236,0.708,0.117,1.175,1.115,0.926,,"-0.985,0.172","-0.685,-0.729","-0.571,-0.821","0.967,0.253","-0.017,1","0.841,-0.542","-0.266,0.964","-0.838,0.546","-0.458,-0.889","-0.195,0.981","-0.865,0.501",,AwayPowerplay,True,False,3.0
3,28,1767185736220,PuckControl,AwayPowerplay,4v5,True,True,HomeTeamZone,"-13.8,-13.6","-26.1,-11.2",,,,,,,,,,,,,,,,,,,,,,,,,AwayControl,AwayTeamZone,AwayTeamZone,,,,,150983.0,143575.0,337830.0,301617.0,347698.0,322236.0,888057603.0,888057597.0,888057607.0,888057608.0,888057601.0,,#29 Sandro Aeschlimann,#70 Enzo Corvi,#44 Matej Stransky,#72 Tino Kessler,#74 Rasmus Asplund,#55 Calle Andersson,#17 Larry Keenan,#30 Adam Gajan,#22 Cole Knuble,#11 Danny Nelson,#23 Eric Pohlkamp,,Away,Away,Away,Away,Away,Away,Home,Home,Home,Home,Home,,"24.4,0.3","-26.2,-8","-22.7,1.3","-14.1,-14.3","-8.7,-10","-8.1,9.1","-21.3,0.8","-25.7,-0.3","-17.1,1.6","-12.8,-6.7","-21.5,-4.3",,,,,,,,,,,,,,,,,,,,,,,,,,AwayPowerplay,True,False,3.0
3,29,1767185737080,PuckControl,AwayPowerplay,4v5,True,True,HomeTeamZone,"-26.1,-11.2","-22.7,-14.6",143575.0,#70 Enzo Corvi,Away,,,,,,,,,,,,,,,,,,,,,,AwayControl,AwayTeamZone,AwayTeamZone,,,,143575,150983.0,143575.0,337830.0,301617.0,347698.0,322236.0,888057603.0,888057597.0,888057607.0,888057608.0,888057601.0,,#29 Sandro Aeschlimann,#70 Enzo Corvi,#44 Matej Stransky,#72 Tino Kessler,#74 Rasmus Asplund,#55 Calle Andersson,#17 Larry Keenan,#30 Adam Gajan,#22 Cole Knuble,#11 Danny Nelson,#23 Eric Pohlkamp,,Away,Away,Away,Away,Away,Away,Home,Home,Home,Home,Home,,"24.2,0.3","-27.1,-10.5","-23.9,-0.4","-12.6,-13.8","-9.7,-5.6","-8.2,8.8","-21.6,0.9","-25.9,-0.4","-17.4,1.3","-13.3,-5.1","-21.9,-4.6",,,,,,,,,,,,,,,,,,,,,,,,,,AwayPowerplay,True,False,3.0
3,30,1767185738600,Pass,AwayPowerplay,4v5,True,True,HomeTeamZone,"-22.8,-14.6","-11,-7.7",143575.0,#70 Enzo Corvi,Away,301617.0,#72 Tino Kessler,Away,,,,,,,,Successful,23.1,,,,,,,,,,,,,,,,"143575,301617",150983.0,143575.0,337830.0,301617.0,347698.0,322236.0,888057603.0,888057597.0,888057607.0,888057608.0,888057601.0,,#29 Sandro Aeschlimann,#70 Enzo Corvi,#44 Matej Stransky,#72 Tino Kessler,#74 Rasmus Asplund,#55 Calle Andersson,#17 Larry Keenan,#30 Adam Gajan,#22 Cole Knuble,#11 Danny Nelson,#23 Eric Pohlkamp,,Away,Away,Away,Away,Away,Away,Home,Home,Home,Home,Home,,"24.2,0","-23.4,-13.7","-23.6,-0.1","-10.2,-10.8","-14.2,2.1","-8.7,7.4","-22.4,1","-25.7,-0.8","-18.6,0.1","-15.2,-4.6","-22,-5.6",,0.466,3.695,0.184,2.509,7.007,0.667,0.617,0.131,0.781,0.582,1.414,,"-0.701,-0.714","0.988,-0.155","0.217,0.976","0.425,0.905","-0.556,0.831","-0.536,-0.844","-0.833,0.553","-0.816,0.578","-0.466,-0.885","-0.952,0.307","0.89,-0.455",,AwayPowerplay,True,False,3.0
3,30,1767185738620,PuckControl,AwayPowerplay,4v5,True,True,HomeTeamZone,"-22.7,-14.6","-11,-7.7",,,,,,,,,,,,,,,,,,,,,,,,,AwayControl,AwayTeamZone,AwayTeamZone,,,,,150983.0,143575.0,337830.0,301617.0,347698.0,322236.0,888057603.0,888057597.0,888057607.0,888057608.0,888057601.0,,#29 Sandro Aeschlimann,#70 Enzo Corvi,#44 Matej Stransky,#72 Tino Kessler,#74 Rasmus Asplund,#55 Calle Andersson,#17 Larry Keenan,#30 Adam Gajan,#22 Cole Knuble,#11 Danny Nelson,#23 Eric Pohlkamp,,Away,Away,Away,Away,Away,Away,Home,Home,Home,Home,Home,,"24.2,0","-23.4,-13.8","-23.6,-0.1","-10.2,-10.7","-14.3,2.2","-8.7,7.4","-22.4,1","-25.7,-0.8","-18.6,0","-15.2,-4.6","-21.9,-5.6",,,,,,,,,,,,,,,,,,,,,,,,,,AwayPowerplay,True,False,3.0
3,31,1767185739320,PuckControl,AwayPowerplay,4v5,True,True,HomeTeamZone,"-11,-7.7","-9.6,-7",301617.0,#72 Tino Kessler,Away,,,,,,,,,,,,,,,,,,,,,,AwayControl,AwayTeamZone,AwayTeamZone,,,,301617,150983.0,143575.0,337830.0,301617.0,347698.0,322236.0,888057603.0,888057597.0,888057607.0,888057608.0,888057601.0,,#29 Sandro Aeschlimann,#70 Enzo Corvi,#44 Matej Stransky,#72 Tino Kessler,#74 Rasmus Asplund,#55 Calle Andersson,#17 Larry Keenan,#30 Adam Gajan,#22 Cole Knuble,#11 Danny Nelson,#23 Eric Pohlkamp,,Away,Away,Away,Away,Away,Away,Home,Home,Home,Home,Home,,"24.3,0","-20.8,-13.6","-23.1,0","-9.4,-8.7","-17.2,4.9","-9.1,7.2","-22.3,1.2","-25.5,-0.5","-18.7,-0.1","-15.2,-4.3","-21.3,-5.8",,,,,,,,,,,,,,,,,,,,,,,,,,AwayPowerplay,True,False,3.0
3,31,1767185739500,Pass,AwayPowerplay,4v5,True,True,HomeTeamZone,"-9.7,-7.1","-10.7,7.9",301617.0,#72 Tino Kessler,Away,322236.0,#55 Calle Andersson,Away,,,,,,,,Successful,8.7,,,,,,,,,,,,,,,,"301617,322236",150983.0,143575.0,337830.0,301617.0,347698.0,322236.0,888057603.0,888057597.0,888057607.0,888057608.0,888057601.0,,#29 Sandro Aeschlimann,#70 Enzo Corvi,#44 Matej Stransky,#72 Tino Kessler,#74 Rasmus Asplund,#55 Calle Andersson,#17 Larry Keenan,#30 Adam Gajan,#22 Cole Knuble,#11 Danny Nelson,#23 Eric Pohlkamp,,Away,Away,Away,Away,Away,Away,Home,Home,Home,Home,Home,,"24.3,0.1","-20.1,-13.5","-23,0.1","-9.1,-8","-17.9,5.3","-9.2,7.3","-22.2,1.4","-25.4,-0.4","-18.6,-0.1","-15,-4.1","-21.1,-5.6",,0.684,3.644,0.817,4.183,4.118,0.521,1.142,0.601,0.513,1.529,1.03,,"0.758,0.652","0.961,0.277","0.747,0.665","0.329,0.944","-0.916,0.401","-0.527,0.85","0.531,0.848","0.901,0.434","0.999,0.042","0.811,0.585","0.653,0.757",,AwayPowerplay,True,False,3.0
3,31,1767185739520,PuckControl,AwayPowerplay,4v5,True,True,HomeTeamZone,"-9.6,-7","-10.7,7.9",,,,,,,,,,,,,,,,,,,,,,,,,AwayControl,AwayTeamZone,AwayTeamZone,,,,,150983.0,143575.0,337830.0,301617.0,347698.0,322236.0,888057603.0,888057597.0,888057607.0,888057608.0,888057601.0,,#29 Sandro Aeschlimann,#70 Enzo Corvi,#44 Matej Stransky,#72 Tino Kessler,#74 Rasmus Asplund,#55 Calle Andersson,#17 Larry Keenan,#30 Adam Gajan,#22 Cole Knuble,#11 Danny Nelson,#23 Eric Pohlkamp,,Away,Away,Away,Away,Away,Away,Home,Home,Home,Home,Home,,"24.4,0.1","-20,-13.4","-23,0.1","-9.1,-8","-18,5.3","-9.2,7.3","-22.2,1.4","-25.4,-0.4","-18.6,-0.1","-15,-4.1","-21.1,-5.6",,,,,,,,,,,,,,,,,,,,,,,,,,AwayPowerplay,True,False,3.0
3,32,1767185740820,PuckControl,AwayPowerplay,4v5,True,True,HomeTeamZone,"-10.7,7.9","-9.4,7.6",322236.0,#55 Calle Andersson,Away,,,,,,,,,,,,,,,,,,,,,,AwayControl,AwayTeamZone,AwayTeamZone,,,,322236,150983.0,143575.0,337830.0,301617.0,347698.0,322236.0,888057603.0,888057597.0,888057607.0,888057608.0,888057601.0,,#29 Sandro Aeschlimann,#70 Enzo Corvi,#44 Matej Stransky,#72 Tino Kessler,#74 Rasmus Asplund,#55 Calle Andersson,#17 Larry Keenan,#30 Adam Gajan,#22 Cole Knuble,#11 Danny Nelson,#23 Eric Pohlkamp,,Away,Away,Away,Away,Away,Away,Home,Home,Home,Home,Home,,"24.5,0.1","-17.6,-10.7","-23.1,1.1","-9.1,-2.6","-21.9,7.3","-9.5,8.8","-23.1,1.7","-25.3,0.1","-17,2.1","-14.2,-3","-21,-4.2",,,,,,,,,,,,,,,,,,,,,,,,,,AwayPowerplay,True,False,3.0
3,34,1767185742120,Pass,AwayPowerplay,4v5,True,True,HomeTeamZone,"-9.4,7.5","-19.4,10.5",322236.0,#55 Calle Andersson,Away,347698.0,#74 Rasmus Asplund,Away,,,,,,,,Successful,14.0,,,,,,,,,,,,,,,,"322236,347698",150983.0,143575.0,337830.0,301617.0,347698.0,322236.0,888057603.0,888057597.0,888057607.0,888057608.0,888057601.0,,#29 Sandro Aeschlimann,#70 Enzo Corvi,#44 Matej Stransky,#72 Tino Kessler,#74 Rasmus Asplund,#55 Calle Andersson,#17 Larry Keenan,#30 Adam Gajan,#22 Cole Knuble,#11 Danny Nelson,#23 Eric Pohlkamp,,Away,Away,Away,Away,Away,Away,Home,Home,Home,Home,Home,,"24.5,0.2","-19.1,-8","-23.3,1.1","-9.2,-0.5","-21.9,9.5","-9.3,7.6","-22.7,4","-25.3,0.5","-13.9,5.4","-14.7,0.2","-21.2,-2.6",,0.27,2.135,0.302,0.418,1.525,1.517,1.818,0.107,2.118,3.214,0.043,,"0.194,-0.981","-0.943,0.334","0.167,0.986","-0.927,-0.375","0.889,0.458","-0.645,-0.764","0.474,0.88","0.521,-0.853","1,0.005","0.231,0.973","-0.026,1",,AwayPowerplay,True,False,3.0
3,34,1767185742140,PuckControl,AwayPowerplay,4v5,True,True,HomeTeamZone,"-9.4,7.6","-19.4,10.5",,,,,,,,,,,,,,,,,,,,,,,,,AwayControl,AwayTeamZone,AwayTeamZone,,,,,150983.0,143575.0,337830.0,301617.0,347698.0,322236.0,888057603.0,888057597.0,888057607.0,888057608.0,888057601.0,,#29 Sandro Aeschlimann,#70 Enzo Corvi,#44 Matej Stransky,#72 Tino Kessler,#74 Rasmus Asplund,#55 Calle Andersson,#17 Larry Keenan,#30 Adam Gajan,#22 Cole Knuble,#11 Danny Nelson,#23 Eric Pohlkamp,,Away,Away,Away,Away,Away,Away,Home,Home,Home,Home,Home,,"24.5,0.2","-19.1,-8","-23.3,1.1","-9.2,-0.5","-21.9,9.5","-9.3,7.6","-22.7,4","-25.3,0.5","-13.9,5.4","-14.7,0.2","-21.2,-2.6",,,,,,,,,,,,,,,,,,,,,,,,,,AwayPowerplay,True,False,3.0
3,35,1767185742960,PuckControl,AwayPowerplay,4v5,True,True,HomeTeamZone,"-19.4,10.5","-19.6,10.8",347698.0,#74 Rasmus Asplund,Away,,,,,,,,,,,,,,,,,,,,,,AwayControl,AwayTeamZone,AwayTeamZone,,,,347698,150983.0,143575.0,337830.0,301617.0,347698.0,322236.0,888057603.0,888057597.0,888057607.0,888057608.0,888057601.0,,#29 Sandro Aeschlimann,#70 Enzo Corvi,#44 Matej Stransky,#72 Tino Kessler,#74 Rasmus Asplund,#55 Calle Andersson,#17 Larry Keenan,#30 Adam Gajan,#22 Cole Knuble,#11 Danny Nelson,#23 Eric Pohlkamp,,Away,Away,Away,Away,Away,Away,Home,Home,Home,Home,Home,,"24.6,0","-20.6,-8.1","-23.4,1.1","-9.6,-1.2","-20.9,10.3","-10.3,8.4","-21.9,5.2","-25.5,0.6","-14,5.3","-14.6,0.5","-21.5,-2.7",,,,,,,,,,,,,,,,,,,,,,,,,,AwayPowerplay,True,False,3.0
3,35,1767185743060,Pass,AwayPowerplay,4v5,True,True,HomeTeamZone,"-19.7,10.7","-10.2,10.7",347698.0,#74 Rasmus Asplund,Away,322236.0,#55 Calle Andersson,Away,,,,,,,,Successful,14.0,,,,,,,,,,,,,,,,"347698,322236",150983.0,143575.0,337830.0,301617.0,347698.0,322236.0,888057603.0,888057597.0,888057607.0,888057608.0,888057601.0,,#29 Sandro Aeschlimann,#70 Enzo Corvi,#44 Matej Stransky,#72 Tino Kessler,#74 Rasmus Asplund,#55 Calle Andersson,#17 Larry Keenan,#30 Adam Gajan,#22 Cole Knuble,#11 Danny Nelson,#23 Eric Pohlkamp,,Away,Away,Away,Away,Away,Away,Home,Home,Home,Home,Home,,"24.6,0","-20.7,-8.1","-23.4,1.1","-9.6,-1.3","-20.8,10.3","-10.3,8.7","-21.9,5.3","-25.6,0.7","-14.2,5.3","-14.7,0.4","-21.6,-2.6",,0.201,1.303,0.44,1.283,1.069,2.399,1.206,0.508,2.14,1.738,1.192,,"0.334,0.943","-0.858,-0.514","-0.993,-0.115","-0.348,-0.938","0.782,0.624","0.078,0.997","0.529,0.849","-0.627,0.779","-0.996,0.084","-0.636,-0.772","-0.726,0.688",,AwayPowerplay,True,False,3.0
3,35,1767185743080,PuckControl,AwayPowerplay,4v5,True,True,HomeTeamZone,"-19.6,10.8","-10.2,10.7",,,,,,,,,,,,,,,,,,,,,,,,,AwayControl,AwayTeamZone,AwayTeamZone,,,,,150983.0,143575.0,337830.0,301617.0,347698.0,322236.0,888057603.0,888057597.0,888057607.0,888057608.0,888057601.0,,#29 Sandro Aeschlimann,#70 Enzo Corvi,#44 Matej Stransky,#72 Tino Kessler,#74 Rasmus Asplund,#55 Calle Andersson,#17 Larry Keenan,#30 Adam Gajan,#22 Cole Knuble,#11 Danny Nelson,#23 Eric Pohlkamp,,Away,Away,Away,Away,Away,Away,Home,Home,Home,Home,Home,,"24.6,0","-20.8,-8.1","-23.4,1.1","-9.6,-1.3","-20.8,10.4","-10.3,8.7","-21.9,5.3","-25.6,0.7","-14.3,5.3","-14.7,0.4","-21.6,-2.6",,,,,,,,,,,,,,,,,,,,,,,,,,AwayPowerplay,True,False,3.0
3,35,1767185743820,PuckControl,AwayPowerplay,4v5,True,True,HomeTeamZone,"-10.2,10.7","-9,9.6",322236.0,#55 Calle Andersson,Away,,,,,,,,,,,,,,,,,,,,,,AwayControl,AwayTeamZone,AwayTeamZone,,,,322236,150983.0,143575.0,337830.0,301617.0,347698.0,322236.0,888057603.0,888057597.0,888057607.0,888057608.0,888057601.0,,#29 Sandro Aeschlimann,#70 Enzo Corvi,#44 Matej Stransky,#72 Tino Kessler,#74 Rasmus Asplund,#55 Calle Andersson,#17 Larry Keenan,#30 Adam Gajan,#22 Cole Knuble,#11 Danny Nelson,#23 Eric Pohlkamp,,Away,Away,Away,Away,Away,Away,Home,Home,Home,Home,Home,,"24.7,0.2","-21.4,-8.6","-23.5,1.6","-9.7,-2.3","-20.6,10","-9.3,9.6","-21.7,5.6","-25.6,0.7","-15.6,5.4","-15.3,0.2","-22.3,-1.5",,,,,,,,,,,,,,,,,,,,,,,,,,AwayPowerplay,True,False,3.0
3,36,1767185744240,Pass,AwayPowerplay,4v5,True,True,HomeTeamZone,"-9.1,9.6","-8.8,-2.8",322236.0,#55 Calle Andersson,Away,301617.0,#72 Tino Kessler,Away,,,,,,,,Successful,12.8,,,,,,,,,,,,,,,,"322236,301617",150983.0,143575.0,337830.0,301617.0,347698.0,322236.0,888057603.0,888057597.0,888057607.0,888057608.0,888057601.0,,#29 Sandro Aeschlimann,#70 Enzo Corvi,#44 Matej Stransky,#72 Tino Kessler,#74 Rasmus Asplund,#55 Calle Andersson,#17 Larry Keenan,#30 Adam Gajan,#22 Cole Knuble,#11 Danny Nelson,#23 Eric Pohlkamp,,Away,Away,Away,Away,Away,Away,Home,Home,Home,Home,Home,,"24.7,0.2","-21.9,-8.6","-23.4,1.7","-9.6,-2.8","-20.8,9.6","-8.5,8.8","-21.6,5.5","-25.5,0.6","-15.6,5.7","-15.3,0.1","-22.6,-1.3",,0.22,1.37,0.27,1.618,0.844,3.232,0.686,0.812,0.99,1.034,0.751,,"0.895,-0.447","-0.98,0.199","0.917,0.398","0.083,-0.997","-0.433,-0.902","0.549,-0.836","0.59,-0.808","0.805,-0.593","0.83,0.558","0.616,-0.788","-0.898,0.439",,AwayPowerplay,True,False,3.0
3,36,1767185744260,PuckControl,AwayPowerplay,4v5,True,True,HomeTeamZone,"-9,9.6","-8.8,-2.8",,,,,,,,,,,,,,,,,,,,,,,,,AwayControl,AwayTeamZone,AwayTeamZone,,,,,150983.0,143575.0,337830.0,301617.0,347698.0,322236.0,888057603.0,888057597.0,888057607.0,888057608.0,888057601.0,,#29 Sandro Aeschlimann,#70 Enzo Corvi,#44 Matej Stransky,#72 Tino Kessler,#74 Rasmus Asplund,#55 Calle Andersson,#17 Larry Keenan,#30 Adam Gajan,#22 Cole Knuble,#11 Danny Nelson,#23 Eric Pohlkamp,,Away,Away,Away,Away,Away,Away,Home,Home,Home,Home,Home,,"24.7,0.2","-21.9,-8.6","-23.4,1.7","-9.6,-2.8","-20.8,9.6","-8.5,8.8","-21.6,5.5","-25.4,0.6","-15.6,5.7","-15.3,0.1","-22.6,-1.3",,,,,,,,,,,,,,,,,,,,,,,,,,AwayPowerplay,True,False,3.0
3,37,1767185745180,PuckControl,AwayPowerplay,4v5,True,True,HomeTeamZone,"-8.8,-2.8","-8.3,-4.9",301617.0,#72 Tino Kessler,Away,,,,,,,,,,,,,,,,,,,,,,AwayControl,AwayTeamZone,AwayTeamZone,,,,301617,150983.0,143575.0,337830.0,301617.0,347698.0,322236.0,888057603.0,888057597.0,888057607.0,888057608.0,888057601.0,,#29 Sandro Aeschlimann,#70 Enzo Corvi,#44 Matej Stransky,#72 Tino Kessler,#74 Rasmus Asplund,#55 Calle Andersson,#17 Larry Keenan,#30 Adam Gajan,#22 Cole Knuble,#11 Danny Nelson,#23 Eric Pohlkamp,,Away,Away,Away,Away,Away,Away,Home,Home,Home,Home,Home,,"24.7,0.2","-22.8,-8.2","-23.2,1.8","-9.6,-4.1","-21,8.9","-7.4,6.1","-21.3,4.8","-25,0","-14.6,4.8","-14.5,-1.6","-22.8,-1.6",,,,,,,,,,,,,,,,,,,,,,,,,,AwayPowerplay,True,False,3.0
3,37,1767185745800,Pass,AwayPowerplay,4v5,True,True,HomeTeamZone,"-8.4,-4.9","-8.6,4.4",301617.0,#72 Tino Kessler,Away,322236.0,#55 Calle Andersson,Away,,,,,,,,Successful,13.0,,,,,,,,,,,,,,,,"301617,322236",150983.0,143575.0,337830.0,301617.0,347698.0,322236.0,888057603.0,888057597.0,888057607.0,888057608.0,888057601.0,,#29 Sandro Aeschlimann,#70 Enzo Corvi,#44 Matej Stransky,#72 Tino Kessler,#74 Rasmus Asplund,#55 Calle Andersson,#17 Larry Keenan,#30 Adam Gajan,#22 Cole Knuble,#11 Danny Nelson,#23 Eric Pohlkamp,,Away,Away,Away,Away,Away,Away,Home,Home,Home,Home,Home,,"24.7,0","-23.4,-8.5","-22.9,1.7","-9.4,-5.2","-21.2,8.4","-7.3,5.1","-21.5,3.8","-24.9,-0.2","-14.3,3.4","-13.6,-3.1","-22.8,-1.8",,0.125,1.044,0.52,1.662,0.694,0.866,1.623,0.479,2.254,2.785,0.575,,"-0.87,0.493","-0.898,-0.439","0.975,-0.223","0.431,-0.902","-0.519,-0.855","0.062,-0.998","-0.16,-0.987","-0.369,-0.93","0.203,-0.979","0.514,-0.858","-0.115,-0.993",,AwayPowerplay,True,False,3.0
3,37,1767185745820,PuckControl,AwayPowerplay,4v5,True,True,HomeTeamZone,"-8.3,-4.9","-8.6,4.4",,,,,,,,,,,,,,,,,,,,,,,,,AwayControl,AwayTeamZone,AwayTeamZone,,,,,150983.0,143575.0,337830.0,301617.0,347698.0,322236.0,888057603.0,888057597.0,888057607.0,888057608.0,888057601.0,,#29 Sandro Aeschlimann,#70 Enzo Corvi,#44 Matej Stransky,#72 Tino Kessler,#74 Rasmus Asplund,#55 Calle Andersson,#17 Larry Keenan,#30 Adam Gajan,#22 Cole Knuble,#11 Danny Nelson,#23 Eric Pohlkamp,,Away,Away,Away,Away,Away,Away,Home,Home,Home,Home,Home,,"24.7,0","-23.4,-8.5","-22.8,1.7","-9.3,-5.2","-21.2,8.4","-7.3,5.1","-21.5,3.8","-24.9,-0.2","-14.3,3.3","-13.6,-3.2","-22.8,-1.8",,,,,,,,,,,,,,,,,,,,,,,,,,AwayPowerplay,True,False,3.0
3,38,1767185746660,PuckControl,AwayPowerplay,4v5,True,True,HomeTeamZone,"-8.6,4.4","-7.6,5.1",322236.0,#55 Calle Andersson,Away,,,,,,,,,,,,,,,,,,,,,,AwayControl,AwayTeamZone,AwayTeamZone,,,,322236,150983.0,143575.0,337830.0,301617.0,347698.0,322236.0,888057603.0,888057597.0,888057607.0,888057608.0,888057601.0,,#29 Sandro Aeschlimann,#70 Enzo Corvi,#44 Matej Stransky,#72 Tino Kessler,#74 Rasmus Asplund,#55 Calle Andersson,#17 Larry Keenan,#30 Adam Gajan,#22 Cole Knuble,#11 Danny Nelson,#23 Eric Pohlkamp,,Away,Away,Away,Away,Away,Away,Home,Home,Home,Home,Home,,"24.5,0","-24.1,-8.7","-22.7,1.3","-8.8,-5.7","-21.8,8.5","-7.4,4.8","-21.6,3.2","-25.1,-0.3","-13.9,2.7","-13.4,-4.4","-22.7,-2.3",,,,,,,,,,,,,,,,,,,,,,,,,,AwayPowerplay,True,False,3.0
3,39,1767185747420,Pass,AwayPowerplay,4v5,True,True,HomeTeamZone,"-7.5,5","-22.6,9.6",322236.0,#55 Calle Andersson,Away,347698.0,#74 Rasmus Asplund,Away,,,,,,,,Successful,23.2,,,,,,,,,,,,,,,,"322236,347698",150983.0,143575.0,337830.0,301617.0,347698.0,322236.0,888057603.0,888057597.0,888057607.0,888057608.0,888057601.0,,#29 Sandro Aeschlimann,#70 Enzo Corvi,#44 Matej Stransky,#72 Tino Kessler,#74 Rasmus Asplund,#55 Calle Andersson,#17 Larry Keenan,#30 Adam Gajan,#22 Cole Knuble,#11 Danny Nelson,#23 Eric Pohlkamp,,Away,Away,Away,Away,Away,Away,Home,Home,Home,Home,Home,,"24.5,0","-24.4,-8.6","-22.8,0.8","-8.9,-5.5","-22.2,8.5","-8.2,4.9","-21.5,3.7","-25,-0.3","-13.4,3.4","-14.4,-3.6","-22.7,-2",,0.245,0.491,0.481,0.788,0.093,1.514,1.219,0.137,0.765,2.274,0.276,,"-0.436,0.9","-0.582,0.813","-0.705,-0.71","-0.424,0.906","-0.48,-0.877","-0.783,0.621","0.341,0.94","1,0.009","0.766,0.642","-0.611,0.792","-0.848,-0.53",,AwayPowerplay,True,False,3.0
3,39,1767185747440,PuckControl,AwayPowerplay,4v5,True,True,HomeTeamZone,"-7.6,5.1","-22.6,9.6",,,,,,,,,,,,,,,,,,,,,,,,,AwayControl,AwayTeamZone,AwayTeamZone,,,,,150983.0,143575.0,337830.0,301617.0,347698.0,322236.0,888057603.0,888057597.0,888057607.0,888057608.0,888057601.0,,#29 Sandro Aeschlimann,#70 Enzo Corvi,#44 Matej Stransky,#72 Tino Kessler,#74 Rasmus Asplund,#55 Calle Andersson,#17 Larry Keenan,#30 Adam Gajan,#22 Cole Knuble,#11 Danny Nelson,#23 Eric Pohlkamp,,Away,Away,Away,Away,Away,Away,Home,Home,Home,Home,Home,,"24.5,0","-24.4,-8.6","-22.8,0.8","-8.9,-5.5","-22.2,8.5","-8.2,5","-21.4,3.7","-25,-0.3","-13.4,3.4","-14.5,-3.5","-22.7,-2.1",,,,,,,,,,,,,,,,,,,,,,,,,,AwayPowerplay,True,False,3.0
3,40,1767185748320,PuckControl,AwayPowerplay,4v5,True,True,HomeTeamZone,"-22.6,9.6","-22,10.1",347698.0,#74 Rasmus Asplund,Away,,,,,,,,,,,,,,,,,,,,,,AwayControl,AwayTeamZone,AwayTeamZone,,,,347698,150983.0,143575.0,337830.0,301617.0,347698.0,322236.0,888057603.0,888057597.0,888057607.0,888057608.0,888057601.0,,#29 Sandro Aeschlimann,#70 Enzo Corvi,#44 Matej Stransky,#72 Tino Kessler,#74 Rasmus Asplund,#55 Calle Andersson,#17 Larry Keenan,#30 Adam Gajan,#22 Cole Knuble,#11 Danny Nelson,#23 Eric Pohlkamp,,Away,Away,Away,Away,Away,Away,Home,Home,Home,Home,Home,,"24.4,0.3","-24.3,-8.5","-23.2,0.9","-9.3,-4.7","-22.2,9.3","-8.8,6.1","-21.8,4.6","-25.3,0","-13.8,4.4","-16,-2.9","-23.1,-1.9",,,,,,,,,,,,,,,,,,,,,,,,,,AwayPowerplay,True,False,3.0
3,40,1767185748540,Pass,AwayPowerplay,4v5,True,True,HomeTeamZone,"-22.2,10","-8.3,8.2",347698.0,#74 Rasmus Asplund,Away,322236.0,#55 Calle Andersson,Away,,,,,,,,Successful,18.7,,,,,,,,,,,,,,,,"347698,322236",150983.0,143575.0,337830.0,301617.0,347698.0,322236.0,888057603.0,888057597.0,888057607.0,888057608.0,888057601.0,,#29 Sandro Aeschlimann,#70 Enzo Corvi,#44 Matej Stransky,#72 Tino Kessler,#74 Rasmus Asplund,#55 Calle Andersson,#17 Larry Keenan,#30 Adam Gajan,#22 Cole Knuble,#11 Danny Nelson,#23 Eric Pohlkamp,,Away,Away,Away,Away,Away,Away,Home,Home,Home,Home,Home,,"24.5,0.3","-24,-8.5","-23.3,1","-9.4,-4.6","-22.1,9.5","-8.7,6.4","-22,4.7","-25.5,0.1","-14.2,4.8","-16.6,-2.8","-23.3,-1.7",,0.188,1.342,0.848,0.728,1.008,1.716,0.901,0.585,2.208,2.331,1.123,,"0.984,0.179","1,0.021","-0.718,0.696","-0.846,0.533","0.678,0.735","0.32,0.948","-0.447,0.894","-0.994,0.112","-0.84,0.542","-0.996,0.093","-0.686,0.728",,AwayPowerplay,True,False,3.0
3,40,1767185748560,PuckControl,AwayPowerplay,4v5,True,True,HomeTeamZone,"-22,10.1","-8.3,8.2",,,,,,,,,,,,,,,,,,,,,,,,,AwayControl,AwayTeamZone,AwayTeamZone,,,,,150983.0,143575.0,337830.0,301617.0,347698.0,322236.0,888057603.0,888057597.0,888057607.0,888057608.0,888057601.0,,#29 Sandro Aeschlimann,#70 Enzo Corvi,#44 Matej Stransky,#72 Tino Kessler,#74 Rasmus Asplund,#55 Calle Andersson,#17 Larry Keenan,#30 Adam Gajan,#22 Cole Knuble,#11 Danny Nelson,#23 Eric Pohlkamp,,Away,Away,Away,Away,Away,Away,Home,Home,Home,Home,Home,,"24.5,0.3","-24,-8.5","-23.3,1","-9.4,-4.6","-22,9.5","-8.7,6.4","-22,4.7","-25.5,0.1","-14.2,4.8","-16.6,-2.8","-23.3,-1.7",,,,,,,,,,,,,,,,,,,,,,,,,,AwayPowerplay,True,False,3.0
3,41,1767185749440,PuckControl,AwayPowerplay,4v5,True,True,HomeTeamZone,"-8.3,8.2","-8.5,5.5",322236.0,#55 Calle Andersson,Away,,,,,,,,,,,,,,,,,,,,,,AwayControl,AwayTeamZone,AwayTeamZone,,,,322236,150983.0,143575.0,337830.0,301617.0,347698.0,322236.0,888057603.0,888057597.0,888057607.0,888057608.0,888057601.0,,#29 Sandro Aeschlimann,#70 Enzo Corvi,#44 Matej Stransky,#72 Tino Kessler,#74 Rasmus Asplund,#55 Calle Andersson,#17 Larry Keenan,#30 Adam Gajan,#22 Cole Knuble,#11 Danny Nelson,#23 Eric Pohlkamp,,Away,Away,Away,Away,Away,Away,Home,Home,Home,Home,Home,,"24.6,0.2","-22.6,-8.2","-23.6,1.4","-10,-4.6","-21.7,9.1","-8.1,7","-21,5.8","-25.5,0","-15.5,5.1","-17.3,-1.9","-23.6,-1.2",,,,,,,,,,,,,,,,,,,,,,,,,,AwayPowerplay,True,False,3.0
3,42,1767185750320,Pass,AwayPowerplay,4v5,True,True,HomeTeamZone,"-8.4,5.6","-20.9,-8.5",322236.0,#55 Calle Andersson,Away,143575.0,#70 Enzo Corvi,Away,,,,,,,,Successful,25.9,,,,,,,,,,,,,,,,"322236,143575",150983.0,143575.0,337830.0,301617.0,347698.0,322236.0,888057603.0,888057597.0,888057607.0,888057608.0,888057601.0,,#29 Sandro Aeschlimann,#70 Enzo Corvi,#44 Matej Stransky,#72 Tino Kessler,#74 Rasmus Asplund,#55 Calle Andersson,#17 Larry Keenan,#30 Adam Gajan,#22 Cole Knuble,#11 Danny Nelson,#23 Eric Pohlkamp,,Away,Away,Away,Away,Away,Away,Home,Home,Home,Home,Home,,"24.5,0.1","-21.7,-8.4","-23.4,1.4","-10.9,-5.7","-21.8,8.2","-8.3,5.9","-20.8,4.8","-25.3,0","-13.8,5","-16.2,-2.4","-23.1,-1.3",,0.14,0.309,0.708,1.366,0.945,1.25,1.866,0.693,2.538,2.005,0.846,,"-0.359,-0.933","0.745,-0.667","0.889,0.458","-0.296,-0.955","0.093,-0.996","-0.826,-0.563","-0.293,-0.956","0.871,-0.491","0.933,-0.361","0.488,-0.873","0.51,-0.86",,AwayPowerplay,True,False,3.0
3,42,1767185750340,PuckControl,AwayPowerplay,4v5,True,True,HomeTeamZone,"-8.5,5.5","-20.9,-8.5",,,,,,,,,,,,,,,,,,,,,,,,,AwayControl,AwayTeamZone,AwayTeamZone,,,,,150983.0,143575.0,337830.0,301617.0,347698.0,322236.0,888057603.0,888057597.0,888057607.0,888057608.0,888057601.0,,#29 Sandro Aeschlimann,#70 Enzo Corvi,#44 Matej Stransky,#72 Tino Kessler,#74 Rasmus Asplund,#55 Calle Andersson,#17 Larry Keenan,#30 Adam Gajan,#22 Cole Knuble,#11 Danny Nelson,#23 Eric Pohlkamp,,Away,Away,Away,Away,Away,Away,Home,Home,Home,Home,Home,,"24.5,0.1","-21.7,-8.4","-23.4,1.4","-10.9,-5.7","-21.8,8.1","-8.3,5.9","-20.8,4.8","-25.3,0","-13.8,5","-16.2,-2.5","-23.1,-1.3",,,,,,,,,,,,,,,,,,,,,,,,,,AwayPowerplay,True,False,3.0
3,43,1767185751300,PuckControl,AwayPowerplay,4v5,True,True,HomeTeamZone,"-20.9,-8.5","-16,-9.9",143575.0,#70 Enzo Corvi,Away,,,,,,,,,,,,,,,,,,,,,,AwayControl,AwayTeamZone,AwayTeamZone,,,,143575,150983.0,143575.0,337830.0,301617.0,347698.0,322236.0,888057603.0,888057597.0,888057607.0,888057608.0,888057601.0,,#29 Sandro Aeschlimann,#70 Enzo Corvi,#44 Matej Stransky,#72 Tino Kessler,#74 Rasmus Asplund,#55 Calle Andersson,#17 Larry Keenan,#30 Adam Gajan,#22 Cole Knuble,#11 Danny Nelson,#23 Eric Pohlkamp,,Away,Away,Away,Away,Away,Away,Home,Home,Home,Home,Home,,"24.5,0.1","-22.2,-9.1","-23.1,1","-11.1,-7.2","-22,7.8","-9.4,6.1","-21.2,3.4","-25.4,-0.3","-12.9,3.5","-15.7,-3.2","-23,-3.3",,,,,,,,,,,,,,,,,,,,,,,,,,AwayPowerplay,True,False,3.0
3,47,1767185755860,Pass,AwayPowerplay,4v5,True,True,HomeTeamZone,"-16,-10","-26.1,-4.3",143575.0,#70 Enzo Corvi,Away,337830.0,#44 Matej Stransky,Away,,,,,,,,Successful,21.3,,,,,,,,,,,,,,,,"143575,337830",150983.0,143575.0,337830.0,301617.0,347698.0,322236.0,888057603.0,888057597.0,888057607.0,888057608.0,888057601.0,,#29 Sandro Aeschlimann,#70 Enzo Corvi,#44 Matej Stransky,#72 Tino Kessler,#74 Rasmus Asplund,#55 Calle Andersson,#17 Larry Keenan,#30 Adam Gajan,#22 Cole Knuble,#11 Danny Nelson,#23 Eric Pohlkamp,,Away,Away,Away,Away,Away,Away,Home,Home,Home,Home,Home,,"24.7,0.3","-17.3,-10.5","-26,-3.5","-9,-6.6","-21,6.6","-11.2,7.5","-22.9,2.1","-25.8,-0.6","-18,1.6","-15.2,-5.3","-20.4,-4.4",,0.253,1.05,0.437,0.684,0.354,0.485,0.669,0.568,0.44,0.959,1.133,,"-0.718,-0.696","-0.875,-0.484","0.966,-0.259","0.413,0.911","-0.01,-1","0.45,0.893","0.639,0.769","-0.926,0.378","-0.477,-0.879","0.609,-0.793","-0.838,-0.546",,AwayPowerplay,True,False,3.0
3,47,1767185755880,PuckControl,AwayPowerplay,4v5,True,True,HomeTeamZone,"-16,-9.9","-26.1,-4.3",,,,,,,,,,,,,,,,,,,,,,,,,AwayControl,AwayTeamZone,AwayTeamZone,,,,,150983.0,143575.0,337830.0,301617.0,347698.0,322236.0,888057603.0,888057597.0,888057607.0,888057608.0,888057601.0,,#29 Sandro Aeschlimann,#70 Enzo Corvi,#44 Matej Stransky,#72 Tino Kessler,#74 Rasmus Asplund,#55 Calle Andersson,#17 Larry Keenan,#30 Adam Gajan,#22 Cole Knuble,#11 Danny Nelson,#23 Eric Pohlkamp,,Away,Away,Away,Away,Away,Away,Home,Home,Home,Home,Home,,"24.7,0.3","-17.3,-10.5","-26,-3.5","-9,-6.5","-21,6.6","-11.1,7.5","-22.9,2.1","-25.9,-0.6","-18,1.6","-15.2,-5.3","-20.4,-4.4",,,,,,,,,,,,,,,,,,,,,,,,,,AwayPowerplay,True,False,3.0
3,48,1767185756540,PuckControl,AwayPowerplay,4v5,True,True,HomeTeamZone,"-26.1,-4.3","-24.1,-0.3",337830.0,#44 Matej Stransky,Away,,,,,,,,,,,,,,,,,,,,,,AwayControl,AwayTeamZone,AwayTeamZone,,,,337830,150983.0,143575.0,337830.0,301617.0,347698.0,322236.0,888057603.0,888057597.0,888057607.0,888057608.0,888057601.0,,#29 Sandro Aeschlimann,#70 Enzo Corvi,#44 Matej Stransky,#72 Tino Kessler,#74 Rasmus Asplund,#55 Calle Andersson,#17 Larry Keenan,#30 Adam Gajan,#22 Cole Knuble,#11 Danny Nelson,#23 Eric Pohlkamp,,Away,Away,Away,Away,Away,Away,Home,Home,Home,Home,Home,,"24.6,0.1","-18.5,-11","-25.5,-3.4","-8.5,-5.9","-21.2,6.5","-11.2,7.6","-22.9,2","-26.3,-0.8","-18.5,1.1","-15.5,-6","-21.1,-4.7",,,,,,,,,,,,,,,,,,,,,,,,,,AwayPowerplay,True,False,3.0
3,49,1767185757020,Shot,AwayPowerplay,4v5,True,True,HomeTeamZone,"-24.3,-1.8",,337830.0,#44 Matej Stransky,Away,888057597.0,#30 Adam Gajan,Home,,Missed,0.0,,0.092,,,,,,,,,,,,,,,,,,,,"337830,888057597",150983.0,143575.0,337830.0,301617.0,347698.0,322236.0,888057603.0,888057597.0,888057607.0,888057608.0,888057601.0,,#29 Sandro Aeschlimann,#70 Enzo Corvi,#44 Matej Stransky,#72 Tino Kessler,#74 Rasmus Asplund,#55 Calle Andersson,#17 Larry Keenan,#30 Adam Gajan,#22 Cole Knuble,#11 Danny Nelson,#23 Eric Pohlkamp,,Away,Away,Away,Away,Away,Away,Home,Home,Home,Home,Home,,"24.7,0","-19.8,-11.4","-24.8,-2.8","-8.5,-5.7","-21.6,6.6","-11.3,7.5","-23.3,1.6","-26.4,-0.8","-19.6,0.8","-16.3,-6.4","-21.6,-4.5",,0.173,2.898,2.281,0.516,0.752,0.372,1.416,0.716,2.66,2.005,1.973,,"0.985,0.174","-1,-0.005","0.587,0.81","-0.959,0.283","-0.964,0.267","-0.865,-0.502","-0.741,-0.671","0.902,0.431","-0.984,-0.18","-0.908,-0.419","-0.796,0.606",,AwayPowerplay,True,False,3.0
3,49,1767185757700,PuckControl,AwayPowerplay,4v5,True,True,HomeTeamZone,"-24.1,-0.3","-23.7,1.8",,,,,,,,,,,,,,,,,,,,,,,,,Contested,AwayTeamZone,AwayTeamZone,"888057603,888057607,337830",,,,150983.0,143575.0,337830.0,301617.0,347698.0,322236.0,888057603.0,888057597.0,888057607.0,888057608.0,888057601.0,,#29 Sandro Aeschlimann,#70 Enzo Corvi,#44 Matej Stransky,#72 Tino Kessler,#74 Rasmus Asplund,#55 Calle Andersson,#17 Larry Keenan,#30 Adam Gajan,#22 Cole Knuble,#11 Danny Nelson,#23 Eric Pohlkamp,,Away,Away,Away,Away,Away,Away,Home,Home,Home,Home,Home,,"24.7,0","-21.8,-10.5","-23.9,-1.6","-9,-5.6","-22,6.5","-11.5,7.4","-23.8,1.3","-25.7,-0.5","-21.4,1.3","-17.5,-6.3","-23.2,-3.6",,,,,,,,,,,,,,,,,,,,,,,,,,AwayPowerplay,True,False,3.0
3,50,1767185758540,PuckControl,AwayPowerplay,4v5,True,True,HomeTeamZone,"-23.7,1.8","-23.3,4.1",888057607.0,#22 Cole Knuble,Home,,,,,,,,,,,,,,,,,,,,,,HomeControl,AwayTeamZone,AwayTeamZone,,,,888057607,150983.0,143575.0,337830.0,301617.0,347698.0,322236.0,888057603.0,888057597.0,888057607.0,888057608.0,888057601.0,,#29 Sandro Aeschlimann,#70 Enzo Corvi,#44 Matej Stransky,#72 Tino Kessler,#74 Rasmus Asplund,#55 Calle Andersson,#17 Larry Keenan,#30 Adam Gajan,#22 Cole Knuble,#11 Danny Nelson,#23 Eric Pohlkamp,,Away,Away,Away,Away,Away,Away,Home,Home,Home,Home,Home,,"24.5,0","-23.6,-8","-23.4,-0.8","-9.4,-5.1","-22.2,6.1","-11.4,7.2","-24.1,1.1","-25.6,-0.6","-23,2.8","-18.5,-4.8","-24.9,-3.1",,,,,,,,,,,,,,,,,,,,,,,,,,AwayPowerplay,True,False,3.0
3,51,1767185759740,PuckControl,AwayPowerplay,4v5,True,True,HomeTeamZone,"-23.3,4.1","-19.2,14.7",,,,,,,,,,,,,,,,,,,,,,,,,Loose,AwayTeamZone,AwayTeamZone,,,,,150983.0,143575.0,337830.0,301617.0,347698.0,322236.0,888057603.0,888057597.0,888057607.0,888057608.0,888057601.0,,#29 Sandro Aeschlimann,#70 Enzo Corvi,#44 Matej Stransky,#72 Tino Kessler,#74 Rasmus Asplund,#55 Calle Andersson,#17 Larry Keenan,#30 Adam Gajan,#22 Cole Knuble,#11 Danny Nelson,#23 Eric Pohlkamp,,Away,Away,Away,Away,Away,Away,Home,Home,Home,Home,Home,,"24.8,0.4","-22.9,-4","-24.2,2.7","-9.4,-2.9","-22.5,4.7","-10.2,7.2","-24.1,1.3","-26.2,0.6","-24.5,3.7","-19,-1.3","-24.8,-1.7",,,,,,,,,,,,,,,,,,,,,,,,,,AwayPowerplay,True,False,3.0
3,54,1767185762040,Pass,AwayPowerplay,4v5,True,True,HomeTeamZone,"-19.2,14.7","-8,14.9",347698.0,#74 Rasmus Asplund,Away,322236.0,#55 Calle Andersson,Away,,,,,,,,Successful,9.3,,,,,,,,,,,,,,,,"347698,322236",150983.0,143575.0,337830.0,301617.0,347698.0,322236.0,888057603.0,888057597.0,888057608.0,888057601.0,888057607.0,,#29 Sandro Aeschlimann,#70 Enzo Corvi,#44 Matej Stransky,#72 Tino Kessler,#74 Rasmus Asplund,#55 Calle Andersson,#17 Larry Keenan,#30 Adam Gajan,#11 Danny Nelson,#23 Eric Pohlkamp,#22 Cole Knuble,,Away,Away,Away,Away,Away,Away,Home,Home,Home,Home,Home,,"25.1,0.1","-16.5,-1.7","-22.4,10.2","-8.7,1.7","-19.5,13","-8.7,12.3","-24.5,7.4","-26,0","-16.9,6.1","-23.5,-0.1","-19.8,12.8",,0.228,3.005,4.732,2.269,5.267,2.085,4.034,0.154,4.173,1.404,5.238,,"0.206,-0.979","0.943,-0.334","0.602,0.799","0.203,0.979","0.694,0.72","0.458,0.889","0.169,0.986","-0.982,0.187","0.347,0.938","0.277,0.961","0.648,0.762",,AwayPowerplay,True,False,3.0
3,54,1767185762040,PuckControl,AwayPowerplay,4v5,True,True,HomeTeamZone,"-19.2,14.7","-19,14.8",347698.0,#74 Rasmus Asplund,Away,,,,,,,,,,,,,,,,,,,,,,AwayControl,AwayTeamZone,AwayTeamZone,,,,347698,150983.0,143575.0,337830.0,301617.0,347698.0,322236.0,888057603.0,888057597.0,888057608.0,888057601.0,888057607.0,,#29 Sandro Aeschlimann,#70 Enzo Corvi,#44 Matej Stransky,#72 Tino Kessler,#74 Rasmus Asplund,#55 Calle Andersson,#17 Larry Keenan,#30 Adam Gajan,#11 Danny Nelson,#23 Eric Pohlkamp,#22 Cole Knuble,,Away,Away,Away,Away,Away,Away,Home,Home,Home,Home,Home,,"25.1,0.1","-16.5,-1.7","-22.4,10.2","-8.7,1.7","-19.5,13","-8.7,12.3","-24.5,7.4","-26,0","-16.9,6.1","-23.5,-0.1","-19.8,12.8",,,,,,,,,,,,,,,,,,,,,,,,,,AwayPowerplay,True,False,3.0
3,54,1767185762060,PuckControl,AwayPowerplay,4v5,True,True,HomeTeamZone,"-19,14.8","-8,14.9",,,,,,,,,,,,,,,,,,,,,,,,,AwayControl,AwayTeamZone,AwayTeamZone,,,,,150983.0,143575.0,337830.0,301617.0,347698.0,322236.0,888057603.0,888057597.0,888057608.0,888057601.0,888057607.0,,#29 Sandro Aeschlimann,#70 Enzo Corvi,#44 Matej Stransky,#72 Tino Kessler,#74 Rasmus Asplund,#55 Calle Andersson,#17 Larry Keenan,#30 Adam Gajan,#11 Danny Nelson,#23 Eric Pohlkamp,#22 Cole Knuble,,Away,Away,Away,Away,Away,Away,Home,Home,Home,Home,Home,,"25.1,0.1","-16.4,-1.7","-22.4,10.3","-8.7,1.7","-19.5,13","-8.7,12.3","-24.4,7.5","-26,0","-16.9,6.1","-23.4,0","-19.7,12.9",,,,,,,,,,,,,,,,,,,,,,,,,,AwayPowerplay,True,False,3.0
3,55,1767185763280,PuckControl,AwayPowerplay,4v5,True,True,HomeTeamZone,"-8,14.9","-8,14.5",322236.0,#55 Calle Andersson,Away,,,,,,,,,,,,,,,,,,,,,,AwayControl,AwayTeamZone,AwayTeamZone,,,,322236,150983.0,143575.0,337830.0,301617.0,347698.0,322236.0,888057603.0,888057597.0,888057608.0,888057601.0,888057607.0,,#29 Sandro Aeschlimann,#70 Enzo Corvi,#44 Matej Stransky,#72 Tino Kessler,#74 Rasmus Asplund,#55 Calle Andersson,#17 Larry Keenan,#30 Adam Gajan,#11 Danny Nelson,#23 Eric Pohlkamp,#22 Cole Knuble,,Away,Away,Away,Away,Away,Away,Home,Home,Home,Home,Home,,"25.3,0.2","-14.1,-4.1","-18.4,12.2","-8.6,3.6","-14.7,14.9","-7.5,13.6","-21.9,11.1","-25.8,0.4","-14,9","-22.8,1.3","-15.6,14.9",,,,,,,,,,,,,,,,,,,,,,,,,,AwayPowerplay,True,False,3.0
3,55,1767185763920,Pass,AwayPowerplay,4v5,True,True,HomeTeamZone,"-8,14.6","-14.4,-9.1",322236.0,#55 Calle Andersson,Away,143575.0,#70 Enzo Corvi,Away,,,,,,,,Successful,23.3,,,,,,,,,,,,,,,,"322236,143575",150983.0,143575.0,337830.0,301617.0,347698.0,322236.0,888057603.0,888057597.0,888057608.0,888057601.0,888057607.0,,#29 Sandro Aeschlimann,#70 Enzo Corvi,#44 Matej Stransky,#72 Tino Kessler,#74 Rasmus Asplund,#55 Calle Andersson,#17 Larry Keenan,#30 Adam Gajan,#11 Danny Nelson,#23 Eric Pohlkamp,#22 Cole Knuble,,Away,Away,Away,Away,Away,Away,Home,Home,Home,Home,Home,,"25.2,0.3","-14.1,-6","-17.3,10.3","-8.9,2.5","-13.7,14.3","-7.3,14.1","-20.4,10.3","-25.5,0.3","-13,7.7","-21.9,1.5","-13.3,14.9",,0.197,3.49,3.525,3.045,1.896,0.848,3.063,0.698,3.122,1.07,3.53,,"0.848,0.531","-0.168,-0.986","0.139,-0.99","-0.178,-0.984","-0.061,-0.998","-0.143,0.99","0.474,-0.881","0.832,-0.554","0.282,-0.959","0.991,-0.132","0.878,-0.479",,AwayPowerplay,True,False,3.0
3,56,1767185763940,PuckControl,AwayPowerplay,4v5,True,True,HomeTeamZone,"-8,14.5","-14.4,-9.1",,,,,,,,,,,,,,,,,,,,,,,,,AwayControl,AwayTeamZone,AwayTeamZone,,,,,150983.0,143575.0,337830.0,301617.0,347698.0,322236.0,888057603.0,888057597.0,888057608.0,888057601.0,888057607.0,,#29 Sandro Aeschlimann,#70 Enzo Corvi,#44 Matej Stransky,#72 Tino Kessler,#74 Rasmus Asplund,#55 Calle Andersson,#17 Larry Keenan,#30 Adam Gajan,#11 Danny Nelson,#23 Eric Pohlkamp,#22 Cole Knuble,,Away,Away,Away,Away,Away,Away,Home,Home,Home,Home,Home,,"25.2,0.3","-14.1,-6.1","-17.3,10.2","-8.9,2.4","-13.7,14.3","-7.3,14.1","-20.4,10.2","-25.5,0.3","-13,7.7","-21.9,1.5","-13.2,14.9",,,,,,,,,,,,,,,,,,,,,,,,,,AwayPowerplay,True,False,3.0
3,57,1767185765200,PuckControl,AwayPowerplay,4v5,True,True,HomeTeamZone,"-14.4,-9.1","-18.7,-10.6",143575.0,#70 Enzo Corvi,Away,,,,,,,,,,,,,,,,,,,,,,AwayControl,AwayTeamZone,AwayTeamZone,,,,143575,150983.0,143575.0,337830.0,301617.0,347698.0,322236.0,888057603.0,888057597.0,888057607.0,888057608.0,888057601.0,,#29 Sandro Aeschlimann,#70 Enzo Corvi,#44 Matej Stransky,#72 Tino Kessler,#74 Rasmus Asplund,#55 Calle Andersson,#17 Larry Keenan,#30 Adam Gajan,#22 Cole Knuble,#11 Danny Nelson,#23 Eric Pohlkamp,,Away,Away,Away,Away,Away,Away,Home,Home,Home,Home,Home,,"25.4,0","-16,-10.3","-19.7,5.7","-8.4,-1.5","-16.6,11.2","-7.5,13.1","-20.6,6.3","-25.5,-0.2","-11.8,10.9","-13,2.9","-21.2,-0.5",,,,,,,,,,,,,,,,,,,,,,,,,,AwayPowerplay,True,False,3.0
3,58,1767185766080,Pass,AwayPowerplay,4v5,True,True,HomeTeamZone,"-18.6,-10.5","-21,1.1",143575.0,#70 Enzo Corvi,Away,888057603.0,#17 Larry Keenan,Home,,,,,,,,Intercepted,21.4,,,,,,,,,,,,,,,,"143575,888057603",150983.0,143575.0,337830.0,301617.0,347698.0,322236.0,888057603.0,888057597.0,888057607.0,888057608.0,888057601.0,,#29 Sandro Aeschlimann,#70 Enzo Corvi,#44 Matej Stransky,#72 Tino Kessler,#74 Rasmus Asplund,#55 Calle Andersson,#17 Larry Keenan,#30 Adam Gajan,#22 Cole Knuble,#11 Danny Nelson,#23 Eric Pohlkamp,,Away,Away,Away,Away,Away,Away,Home,Home,Home,Home,Home,,"26.1,0.2","-19.7,-11","-21.8,2.2","-8.6,-4.7","-19.5,8.4","-8.5,11.4","-22,4.1","-25.6,-0.7","-14.7,7.9","-15.2,0.4","-21.5,-3.7",,0.992,4.965,4.217,3.616,4.381,2.706,2.723,0.475,5.991,4.368,3.14,,"0.954,0.3","-0.994,0.105","-0.607,-0.794","-0.176,-0.984","-0.657,-0.754","-0.623,-0.782","-0.436,-0.9","-0.423,-0.906","-0.857,-0.515","-0.813,-0.582","-0.438,-0.899",,AwayPowerplay,True,False,3.0
3,58,1767185766100,PuckControl,AwayPowerplay,4v5,True,True,HomeTeamZone,"-18.7,-10.6","-21,1.1",,,,,,,,,,,,,,,,,,,,,,,,,Loose,AwayTeamZone,AwayTeamZone,,,,,150983.0,143575.0,337830.0,301617.0,347698.0,322236.0,888057603.0,888057597.0,888057607.0,888057608.0,888057601.0,,#29 Sandro Aeschlimann,#70 Enzo Corvi,#44 Matej Stransky,#72 Tino Kessler,#74 Rasmus Asplund,#55 Calle Andersson,#17 Larry Keenan,#30 Adam Gajan,#22 Cole Knuble,#11 Danny Nelson,#23 Eric Pohlkamp,,Away,Away,Away,Away,Away,Away,Home,Home,Home,Home,Home,,"26.1,0.2","-19.8,-11","-21.9,2.1","-8.6,-4.8","-19.5,8.3","-8.6,11.3","-22.1,4","-25.6,-0.8","-14.8,7.9","-15.3,0.3","-21.6,-3.7",,,,,,,,,,,,,,,,,,,,,,,,,,AwayPowerplay,True,False,3.0
3,58,1767185766800,PuckControl,AwayPowerplay,4v5,True,True,HomeTeamZone,"-21,1.1","-4.4,14.7",888057603.0,#17 Larry Keenan,Home,,,,,,,,,,,,,,,,,,,,,,HomeControl,AwayTeamZone,NeutralZone,,,,888057603,150983.0,143575.0,337830.0,301617.0,347698.0,322236.0,888057603.0,888057597.0,888057607.0,888057608.0,888057601.0,,#29 Sandro Aeschlimann,#70 Enzo Corvi,#44 Matej Stransky,#72 Tino Kessler,#74 Rasmus Asplund,#55 Calle Andersson,#17 Larry Keenan,#30 Adam Gajan,#22 Cole Knuble,#11 Danny Nelson,#23 Eric Pohlkamp,,Away,Away,Away,Away,Away,Away,Home,Home,Home,Home,Home,,"26.7,0.5","-23.4,-10.4","-23.4,0.1","-9.6,-6.8","-21.2,6","-10.2,9.8","-22.2,2.7","-25.6,-0.8","-18.8,5.8","-17.9,-1.5","-22.6,-4.8",,,,,,,,,,,,,,,,,,,,,,,,,,AwayPowerplay,True,False,3.0
3,62,1767185770660,BluelineCrossing,AwayPowerplay,4v5,True,True,NeutralZone,"-7.1,14.5",,888057603.0,#17 Larry Keenan,Home,,,,,,,,,,,,,PossessionLost,TowardsOpponent,,,,,,,,,,,,,,888057603,150983.0,143575.0,337830.0,301617.0,347698.0,322236.0,888057597.0,888057607.0,888057608.0,888057601.0,888057603.0,,#29 Sandro Aeschlimann,#70 Enzo Corvi,#44 Matej Stransky,#72 Tino Kessler,#74 Rasmus Asplund,#55 Calle Andersson,#30 Adam Gajan,#22 Cole Knuble,#11 Danny Nelson,#23 Eric Pohlkamp,#17 Larry Keenan,,Away,Away,Away,Away,Away,Away,Home,Home,Home,Home,Home,,"24.7,0.9","-12.1,-0.5","-15.7,2","-4.3,6.2","-14.6,11.1","-2,11.1","-26.4,0.1","-21.5,9.5","-12.1,8.9","-16.2,6.5","-7.5,13.3",,0.339,6.357,4.958,5.627,5.348,5.959,0.881,5.275,4.823,4.791,4.211,,"-0.206,0.979","0.828,0.56","0.884,0.468","0.643,0.766","0.974,0.226","0.296,0.955","-0.343,0.939","0.906,0.422","0.617,0.787","0.404,0.915","0.77,0.638",,AwayPowerplay,True,False,3.0
3,62,1767185770940,PuckControl,AwayPowerplay,4v5,True,True,NeutralZone,"-4.4,14.7","0.1,14.9",,,,,,,,,,,,,,,,,,,,,,,,,Loose,NeutralZone,NeutralZone,,,,,150983.0,143575.0,337830.0,301617.0,347698.0,322236.0,888057597.0,888057607.0,888057608.0,888057601.0,888057604.0,,#29 Sandro Aeschlimann,#70 Enzo Corvi,#44 Matej Stransky,#72 Tino Kessler,#74 Rasmus Asplund,#55 Calle Andersson,#30 Adam Gajan,#22 Cole Knuble,#11 Danny Nelson,#23 Eric Pohlkamp,#2 Gavin McCartthy,,Away,Away,Away,Away,Away,Away,Home,Home,Home,Home,Home,,"24.6,1.1","-10.6,0.5","-14.5,2.7","-3.2,7.4","-13.1,11.3","-1.3,12.6","-26.4,0.2","-20.1,10.1","-11.2,10","-15.7,7.7","-12.3,14.9",,,,,,,,,,,,,,,,,,,,,,,,,,AwayPowerplay,True,False,3.0
3,63,1767185771220,PuckControl,AwayPowerplay,4v5,True,True,NeutralZone,"0.1,14.9","7.6,2.2",322236.0,#55 Calle Andersson,Away,,,,,,,,,,,,,,,,,,,,,,AwayControl,NeutralZone,HomeTeamZone,,,,322236,150983.0,143575.0,337830.0,301617.0,347698.0,322236.0,888057597.0,888057607.0,888057608.0,888057601.0,888057604.0,,#29 Sandro Aeschlimann,#70 Enzo Corvi,#44 Matej Stransky,#72 Tino Kessler,#74 Rasmus Asplund,#55 Calle Andersson,#30 Adam Gajan,#22 Cole Knuble,#11 Danny Nelson,#23 Eric Pohlkamp,#2 Gavin McCartthy,,Away,Away,Away,Away,Away,Away,Home,Home,Home,Home,Home,,"24.6,1.1","-9.3,1.2","-13.4,3.4","-2,8.2","-11.7,11.5","-0.2,13.8","-26.4,0.2","-18.7,10.5","-10.3,10.9","-15.1,8.8","-12.2,14.9",,,,,,,,,,,,,,,,,,,,,,,,,,AwayPowerplay,True,False,3.0
3,64,1767185772740,BluelineCrossing,AwayPowerplay,4v5,True,True,AwayTeamZone,"7.2,12.5",,322236.0,#55 Calle Andersson,Away,,,,,,,,,,,,,,TowardsHome,,,,,,,,,,,,,,322236,150983.0,143575.0,337830.0,301617.0,347698.0,322236.0,888057604.0,888057597.0,888057607.0,888057619.0,888057616.0,,#29 Sandro Aeschlimann,#70 Enzo Corvi,#44 Matej Stransky,#72 Tino Kessler,#74 Rasmus Asplund,#55 Calle Andersson,#2 Gavin McCartthy,#30 Adam Gajan,#22 Cole Knuble,#6 Martins Lavins,#21 Ryan Walsh,,Away,Away,Away,Away,Away,Away,Home,Home,Home,Home,Home,,"25.8,0.6","-2.5,7.1","-7.7,8.1","3.7,11.8","-4.2,12.8","7.7,13.7","-11.2,11.5","-26.3,-0.3","-11.4,12.6","-3.9,11.5","-6.7,14.6",,1.18,6.121,4.756,4.029,4.876,4.842,3.457,0.267,4.843,4.975,2.418,,"0.941,-0.338","0.712,0.702","0.696,0.718","0.657,0.754","0.972,0.236","0.856,-0.518","0.389,-0.921","0.567,0.823","0.885,0.465","0.539,-0.842","-0.341,-0.94",,AwayPowerplay,True,False,3.0
3,73,1767185781940,Pass,AwayPowerplay,4v5,True,True,AwayTeamZone,"7.6,2.2","12.7,4.8",322236.0,#55 Calle Andersson,Away,346405.0,#18 Filip Zadina,Away,,,,,,,,Successful,6.4,,,,,,,,,,,,,,,,"322236,346405",150983.0,346405.0,345037.0,347294.0,322236.0,888057604.0,888057605.0,888057597.0,888057619.0,888057616.0,,,#29 Sandro Aeschlimann,#18 Filip Zadina,#15 Simon Ryfors,#22 Brendan Lemieux,#55 Calle Andersson,#2 Gavin McCartthy,#25 Abram Wiebe,#30 Adam Gajan,#6 Martins Lavins,#21 Ryan Walsh,,,Away,Away,Away,Away,Away,Home,Home,Home,Home,Home,,,"26.4,0.6","19.7,4.5","22.1,-6.1","1.9,-13.6","8.7,2.8","-1.1,-9","-5.9,-1.8","-26.2,-0.5","5.4,1.3","-3.7,9.7",,,0.461,5.826,6.678,0.476,6.03,2.938,2.466,0.666,3.29,1.226,,,"-0.07,-0.998","-0.926,0.377","-0.988,0.156","-0.2,-0.98","-0.7,0.714","-0.049,0.999","0.085,0.996","-0.214,-0.977","-0.874,0.487","-0.96,0.28",,,AwayPowerplay,True,False,3.0
3,74,1767185781960,PuckControl,AwayPowerplay,4v5,True,True,AwayTeamZone,"7.6,2.2","12.7,4.8",,,,,,,,,,,,,,,,,,,,,,,,,AwayControl,HomeTeamZone,HomeTeamZone,,,,,150983.0,346405.0,345037.0,347294.0,322236.0,888057604.0,888057605.0,888057597.0,888057619.0,888057616.0,,,#29 Sandro Aeschlimann,#18 Filip Zadina,#15 Simon Ryfors,#22 Brendan Lemieux,#55 Calle Andersson,#2 Gavin McCartthy,#25 Abram Wiebe,#30 Adam Gajan,#6 Martins Lavins,#21 Ryan Walsh,,,Away,Away,Away,Away,Away,Home,Home,Home,Home,Home,,,"26.4,0.6","19.6,4.5","22,-6","1.9,-13.6","8.6,2.9","-1.1,-8.9","-5.9,-1.7","-26.2,-0.5","5.3,1.4","-3.7,9.7",,,,,,,,,,,,,,,,,,,,,,,,,,,AwayPowerplay,True,False,3.0
3,75,1767185782980,PuckControl,AwayPowerplay,4v5,True,True,AwayTeamZone,"12.7,4.8","3.9,3",346405.0,#18 Filip Zadina,Away,,,,,,,,,,,,,,,,,,,,,,AwayControl,HomeTeamZone,NeutralZone,,,,346405,150983.0,346405.0,345037.0,347294.0,322236.0,888057604.0,888057605.0,888057597.0,888057619.0,888057616.0,345038.0,,#29 Sandro Aeschlimann,#18 Filip Zadina,#15 Simon Ryfors,#22 Brendan Lemieux,#55 Calle Andersson,#2 Gavin McCartthy,#25 Abram Wiebe,#30 Adam Gajan,#6 Martins Lavins,#21 Ryan Walsh,#19 Adam Tambellini,,Away,Away,Away,Away,Away,Home,Home,Home,Home,Home,Away,,"26.6,0.5","13.8,6.3","15.2,-4.4","1.5,-14.1","4.3,6.1","-0.1,-5.6","-5,1.1","-26.1,-0.4","3.3,3.2","-4.6,10.6","-3.5,14.9",,,,,,,,,,,,,,,,,,,,,,,,,,AwayPowerplay,True,False,3.0
3,75,1767185783860,BluelineCrossing,AwayPowerplay,4v5,True,True,AwayTeamZone,"7.2,4.2",,346405.0,#18 Filip Zadina,Away,,,,,,,,,,,,,PossessionMaintained,TowardsOpponent,,,,,,,,,,,,,,346405,150983.0,346405.0,345037.0,347294.0,322236.0,888057604.0,888057605.0,888057597.0,888057619.0,888057616.0,345038.0,,#29 Sandro Aeschlimann,#18 Filip Zadina,#15 Simon Ryfors,#22 Brendan Lemieux,#55 Calle Andersson,#2 Gavin McCartthy,#25 Abram Wiebe,#30 Adam Gajan,#6 Martins Lavins,#21 Ryan Walsh,#19 Adam Tambellini,,Away,Away,Away,Away,Away,Home,Home,Home,Home,Home,Away,,"26.3,0.5","7.9,5.5","8.7,-4.8","0.9,-14.2","3.9,9.6","-1.4,-4.1","-5.5,3","-26.1,-0.3","2.7,0.4","-4.8,11.3","-3.2,14.9",,0.693,6.871,7.44,1.842,4.158,3.001,3.263,0.564,2.811,1.046,0.511,,"-1,-0.028","-0.993,-0.115","-0.975,-0.222","-0.997,0.079","0.382,0.924","-0.969,0.245","-0.601,0.799","-0.399,0.917","-0.706,-0.709","-0.982,0.189","-0.295,-0.956",,AwayPowerplay,True,False,3.0
3,76,1767185784440,Pass,AwayPowerplay,4v5,True,True,NeutralZone,"4.1,3.2","-1.2,-6",346405.0,#18 Filip Zadina,Away,345037.0,#15 Simon Ryfors,Away,,,,,,,,Successful,17.1,,,,,,,,,,,,,,,,"346405,345037",150983.0,346405.0,345038.0,345037.0,347294.0,322236.0,888057604.0,888057605.0,888057597.0,888057619.0,888057616.0,,#29 Sandro Aeschlimann,#18 Filip Zadina,#19 Adam Tambellini,#15 Simon Ryfors,#22 Brendan Lemieux,#55 Calle Andersson,#2 Gavin McCartthy,#25 Abram Wiebe,#30 Adam Gajan,#6 Martins Lavins,#21 Ryan Walsh,,Away,Away,Away,Away,Away,Away,Home,Home,Home,Home,Home,,"25.9,0.4","3.8,4.6","-3.5,14.9","4.5,-6.2","-0.2,-14.3","5.1,11.5","-3.3,-4.3","-6.8,3.9","-25.9,0","0.6,-0.2","-6,11",,0.515,7.414,0.995,7.956,2.679,3.95,3.586,2.873,0.949,3.751,3.326,,"-0.607,-0.794","-0.961,-0.276","-0.971,-0.238","-0.951,-0.309","-0.95,-0.313","0.64,0.769","-0.961,-0.277","-0.941,0.339","0.925,0.381","-0.994,-0.106","-0.969,-0.247",,AwayPowerplay,True,False,3.0
3,76,1767185784460,PuckControl,AwayPowerplay,4v5,True,True,NeutralZone,"3.9,3","-1.2,-6",,,,,,,,,,,,,,,,,,,,,,,,,AwayControl,NeutralZone,NeutralZone,,,,,150983.0,346405.0,345038.0,345037.0,347294.0,322236.0,888057604.0,888057605.0,888057597.0,888057619.0,888057616.0,,#29 Sandro Aeschlimann,#18 Filip Zadina,#19 Adam Tambellini,#15 Simon Ryfors,#22 Brendan Lemieux,#55 Calle Andersson,#2 Gavin McCartthy,#25 Abram Wiebe,#30 Adam Gajan,#6 Martins Lavins,#21 Ryan Walsh,,Away,Away,Away,Away,Away,Away,Home,Home,Home,Home,Home,,"25.9,0.3","3.6,4.6","-3.6,14.9","4.4,-6.3","-0.2,-14.4","5.2,11.6","-3.4,-4.4","-6.9,4","-25.9,0","0.5,-0.2","-6.1,11",,,,,,,,,,,,,,,,,,,,,,,,,,AwayPowerplay,True,False,3.0
3,77,1767185785160,PuckControl,AwayPowerplay,4v5,True,True,NeutralZone,"-1.2,-6","-4.1,-7",345037.0,#15 Simon Ryfors,Away,,,,,,,,,,,,,,,,,,,,,,AwayControl,NeutralZone,NeutralZone,,,,345037,150983.0,346405.0,345038.0,345037.0,347294.0,888057604.0,888057605.0,888057597.0,888057619.0,888057616.0,153736.0,,#29 Sandro Aeschlimann,#18 Filip Zadina,#19 Adam Tambellini,#15 Simon Ryfors,#22 Brendan Lemieux,#2 Gavin McCartthy,#25 Abram Wiebe,#30 Adam Gajan,#6 Martins Lavins,#21 Ryan Walsh,#38 Lukas Frick,,Away,Away,Away,Away,Away,Home,Home,Home,Home,Home,Away,,"26,0.1","-1.5,2.9","-4.5,14.9","-1.1,-7.6","-2.8,-14.8","-6.4,-5.3","-9.2,3.6","-25.2,0","-1.6,-1.2","-8.4,9.5","8.5,13.3",,,,,,,,,,,,,,,,,,,,,,,,,,AwayPowerplay,True,False,3.0
3,77,1767185785460,Pass,AwayPowerplay,4v5,True,True,NeutralZone,"-3.8,-6.9","-9.9,-13.5",345037.0,#15 Simon Ryfors,Away,347294.0,#22 Brendan Lemieux,Away,,,,,,,,Successful,10.9,,,,,,,,,,,,,,,,"345037,347294",150983.0,153736.0,346405.0,345038.0,345037.0,347294.0,888057604.0,888057605.0,888057597.0,888057619.0,888057616.0,,#29 Sandro Aeschlimann,#38 Lukas Frick,#18 Filip Zadina,#19 Adam Tambellini,#15 Simon Ryfors,#22 Brendan Lemieux,#2 Gavin McCartthy,#25 Abram Wiebe,#30 Adam Gajan,#6 Martins Lavins,#21 Ryan Walsh,,Away,Away,Away,Away,Away,Away,Home,Home,Home,Home,Home,,"26,0","7.5,12.4","-3.6,2.4","-4.9,14.7","-3.5,-8.2","-4.4,-14.7","-7.9,-5.6","-10.3,2.8","-25.1,-0.3","-2.4,-1.7","-9.3,8.5",,0.195,4.679,7.297,2.353,8.192,5.866,5.449,5.057,0.87,3.461,4.635,,"-0.995,-0.103","-0.781,-0.624","-0.978,-0.207","-0.783,-0.622","-0.968,-0.252","-0.984,0.177","-0.968,-0.252","-0.697,-0.717","0.203,-0.979","-0.809,-0.588","-0.684,-0.729",,AwayPowerplay,True,False,3.0
3,77,1767185785480,PuckControl,AwayPowerplay,4v5,True,True,NeutralZone,"-4.1,-7","-9.9,-13.5",,,,,,,,,,,,,,,,,,,,,,,,,AwayControl,NeutralZone,AwayTeamZone,,,,,150983.0,153736.0,346405.0,345038.0,345037.0,347294.0,888057604.0,888057605.0,888057597.0,888057619.0,888057616.0,,#29 Sandro Aeschlimann,#38 Lukas Frick,#18 Filip Zadina,#19 Adam Tambellini,#15 Simon Ryfors,#22 Brendan Lemieux,#2 Gavin McCartthy,#25 Abram Wiebe,#30 Adam Gajan,#6 Martins Lavins,#21 Ryan Walsh,,Away,Away,Away,Away,Away,Away,Home,Home,Home,Home,Home,,"26,0","7.4,12.3","-3.7,2.4","-5,14.7","-3.7,-8.2","-4.6,-14.6","-8,-5.6","-10.4,2.7","-25.1,-0.3","-2.5,-1.8","-9.4,8.5",,,,,,,,,,,,,,,,,,,,,,,,,,AwayPowerplay,True,False,3.0
3,77,1767185785860,BluelineCrossing,AwayPowerplay,4v5,True,True,NeutralZone,"-7.1,-9.8",,345037.0,#15 Simon Ryfors,Away,,,,,,,,,,,,,PossessionMaintained,TowardsOpponent,"346405,345038,345037,347294","888057604,888057605,888057616",,,,,,,,,,,,"345037,346405,345038,347294,888057604,888057605,888057616",150983.0,153736.0,346405.0,345038.0,345037.0,347294.0,888057604.0,888057605.0,888057597.0,888057619.0,888057616.0,,#29 Sandro Aeschlimann,#38 Lukas Frick,#18 Filip Zadina,#19 Adam Tambellini,#15 Simon Ryfors,#22 Brendan Lemieux,#2 Gavin McCartthy,#25 Abram Wiebe,#30 Adam Gajan,#6 Martins Lavins,#21 Ryan Walsh,,Away,Away,Away,Away,Away,Away,Home,Home,Home,Home,Home,,"26,0.1","6,11.2","-6.3,2","-6,13.9","-6.7,-9","-6.7,-14.3","-10,-6.3","-11.7,1.1","-25.1,-0.6","-3.8,-2.7","-10.6,7.2",,0.229,5.107,6.589,3.732,8.185,5.651,5.301,5.647,0.655,5.155,4.457,,"0.17,0.985","-0.799,-0.602","-0.996,-0.092","-0.836,-0.549","-0.966,-0.258","-0.992,0.122","-0.916,-0.402","-0.619,-0.785","0.156,-0.988","-0.88,-0.475","-0.738,-0.675",,AwayPowerplay,True,False,3.0
3,78,1767185786260,PuckControl,AwayPowerplay,4v5,True,True,HomeTeamZone,"-9.9,-13.5","-28.5,-8.4",347294.0,#22 Brendan Lemieux,Away,,,,,,,,,,,,,,,,,,,,,,AwayControl,AwayTeamZone,AwayTeamZone,,,,347294,150983.0,153736.0,346405.0,345038.0,345037.0,347294.0,888057604.0,888057605.0,888057597.0,888057619.0,888057616.0,,#29 Sandro Aeschlimann,#38 Lukas Frick,#18 Filip Zadina,#19 Adam Tambellini,#15 Simon Ryfors,#22 Brendan Lemieux,#2 Gavin McCartthy,#25 Abram Wiebe,#30 Adam Gajan,#6 Martins Lavins,#21 Ryan Walsh,,Away,Away,Away,Away,Away,Away,Home,Home,Home,Home,Home,,"25.9,0.2","4.5,9.9","-8.9,1.6","-7.4,13.2","-9.8,-9.8","-9,-14","-11.9,-7.2","-13.3,-0.8","-25.1,-0.8","-5.9,-3.7","-11.9,6.1",,,,,,,,,,,,,,,,,,,,,,,,,,AwayPowerplay,True,False,3.0
3,82,1767185790000,Pass,AwayPowerplay,4v5,True,True,HomeTeamZone,"-28.3,-8.7","-28.3,12.4",347294.0,#22 Brendan Lemieux,Away,,,,,,,,,,,Failed,20.5,,,,,,,,,,,,,,,,347294,150983.0,153736.0,346405.0,345038.0,345037.0,347294.0,888057604.0,888057605.0,888057597.0,888057619.0,888057616.0,,#29 Sandro Aeschlimann,#38 Lukas Frick,#18 Filip Zadina,#19 Adam Tambellini,#15 Simon Ryfors,#22 Brendan Lemieux,#2 Gavin McCartthy,#25 Abram Wiebe,#30 Adam Gajan,#6 Martins Lavins,#21 Ryan Walsh,,Away,Away,Away,Away,Away,Away,Home,Home,Home,Home,Home,,"26.1,0.4","-8.9,-0.2","-8.5,-10.6","-22.5,11","-20.2,-10.5","-27.1,-9.2","-25.6,-7.3","-23.5,0.5","-26.2,-0.7","-19.9,-5.7","-19.3,2.2",,0.918,3.006,0.273,3.791,2.208,5.123,3.061,1.326,0.52,2.93,1.325,,"-0.614,0.789","-0.087,0.996","-0.861,0.509","-0.943,0.333","0.105,-0.994","-0.708,0.707","-0.999,0.043","-0.997,-0.076","0.035,0.999","-0.454,0.891","-0.655,0.756",,AwayPowerplay,True,False,3.0
3,82,1767185790020,PuckControl,AwayPowerplay,4v5,True,True,HomeTeamZone,"-28.5,-8.4","-28.2,12.5",,,,,,,,,,,,,,,,,,,,,,,,,Loose,AwayTeamZone,AwayTeamZone,,,,,150983.0,153736.0,346405.0,345038.0,345037.0,347294.0,888057604.0,888057605.0,888057597.0,888057619.0,888057616.0,,#29 Sandro Aeschlimann,#38 Lukas Frick,#18 Filip Zadina,#19 Adam Tambellini,#15 Simon Ryfors,#22 Brendan Lemieux,#2 Gavin McCartthy,#25 Abram Wiebe,#30 Adam Gajan,#6 Martins Lavins,#21 Ryan Walsh,,Away,Away,Away,Away,Away,Away,Home,Home,Home,Home,Home,,"26.1,0.4","-8.9,-0.1","-8.5,-10.6","-22.5,11","-20.2,-10.5","-27.2,-9.1","-25.7,-7.3","-23.5,0.5","-26.2,-0.7","-19.9,-5.6","-19.4,2.3",,,,,,,,,,,,,,,,,,,,,,,,,,AwayPowerplay,True,False,3.0
3,83,1767185791180,PuckControl,AwayPowerplay,4v5,True,True,HomeTeamZone,"-28.2,12.5","-28.9,11.5",345038.0,#19 Adam Tambellini,Away,,,,,,,,,,,,,,,,,,,,,,AwayControl,AwayTeamZone,AwayTeamZone,,,,345038,150983.0,153736.0,346405.0,345038.0,345037.0,347294.0,888057604.0,888057605.0,888057597.0,888057619.0,888057616.0,,#29 Sandro Aeschlimann,#38 Lukas Frick,#18 Filip Zadina,#19 Adam Tambellini,#15 Simon Ryfors,#22 Brendan Lemieux,#2 Gavin McCartthy,#25 Abram Wiebe,#30 Adam Gajan,#6 Martins Lavins,#21 Ryan Walsh,,Away,Away,Away,Away,Away,Away,Home,Home,Home,Home,Home,,"25.2,-0.3","-8.5,3.6","-7.8,-9.1","-26.1,12.7","-19.6,-12.5","-29,-3.5","-26.4,-4.8","-24.8,1.5","-26,-0.3","-20.6,-2.8","-19.8,4.9",,,,,,,,,,,,,,,,,,,,,,,,,,AwayPowerplay,True,False,3.0
3,83,1767185791560,PuckControl,AwayPowerplay,4v5,True,True,HomeTeamZone,"-28.9,11.5","-28.7,11.2",,,,,,,,,,,,,,,,,,,,,,,,,Loose,AwayTeamZone,AwayTeamZone,,,,,150983.0,153736.0,346405.0,345038.0,345037.0,347294.0,888057604.0,888057605.0,888057597.0,888057619.0,888057616.0,,#29 Sandro Aeschlimann,#38 Lukas Frick,#18 Filip Zadina,#19 Adam Tambellini,#15 Simon Ryfors,#22 Brendan Lemieux,#2 Gavin McCartthy,#25 Abram Wiebe,#30 Adam Gajan,#6 Martins Lavins,#21 Ryan Walsh,,Away,Away,Away,Away,Away,Away,Home,Home,Home,Home,Home,,"25,-0.2","-8.4,4.9","-7.7,-8.4","-26.8,12.7","-19.1,-12.8","-28.7,-1.5","-25.3,-3.8","-25.1,2.3","-25.9,-0.2","-19.9,-2.1","-19.5,6.4",,,,,,,,,,,,,,,,,,,,,,,,,,AwayPowerplay,True,False,3.0
3,83,1767185791880,PuckControl,AwayPowerplay,4v5,True,True,HomeTeamZone,"-28.7,11.2","-27.7,9.9",345038.0,#19 Adam Tambellini,Away,,,,,,,,,,,,,,,,,,,,,,AwayControl,AwayTeamZone,AwayTeamZone,,,,345038,150983.0,153736.0,346405.0,345038.0,345037.0,347294.0,888057604.0,888057605.0,888057597.0,888057619.0,888057616.0,,#29 Sandro Aeschlimann,#38 Lukas Frick,#18 Filip Zadina,#19 Adam Tambellini,#15 Simon Ryfors,#22 Brendan Lemieux,#2 Gavin McCartthy,#25 Abram Wiebe,#30 Adam Gajan,#6 Martins Lavins,#21 Ryan Walsh,,Away,Away,Away,Away,Away,Away,Home,Home,Home,Home,Home,,"24.8,0","-8.3,6.1","-7.5,-7.8","-27,12.3","-18.8,-12.9","-28.3,-0.1","-24.3,-3","-25.4,3.4","-26,0","-19.2,-1.7","-19.4,7.6",,,,,,,,,,,,,,,,,,,,,,,,,,AwayPowerplay,True,False,3.0
3,84,1767185792560,Pass,AwayPowerplay,4v5,True,True,HomeTeamZone,"-27.7,10","-18.6,-14.9",345038.0,#19 Adam Tambellini,Away,,,,,,,,,,,Failed,18.9,,,,,,,,,,,,,,,,345038,150983.0,153736.0,346405.0,345038.0,345037.0,347294.0,888057604.0,888057605.0,888057597.0,888057619.0,888057616.0,,#29 Sandro Aeschlimann,#38 Lukas Frick,#18 Filip Zadina,#19 Adam Tambellini,#15 Simon Ryfors,#22 Brendan Lemieux,#2 Gavin McCartthy,#25 Abram Wiebe,#30 Adam Gajan,#6 Martins Lavins,#21 Ryan Walsh,,Away,Away,Away,Away,Away,Away,Home,Home,Home,Home,Home,,"24.6,0.4","-8.4,8.7","-7.4,-6","-27.1,11.2","-19.1,-12.9","-27.7,2.2","-23.5,-0.7","-26.3,6.2","-25.9,0.2","-18.2,-0.9","-18.9,8.6",,0.709,2.948,2.646,1.929,1.05,2.776,4.065,3.859,0.298,1.837,0.743,,"-0.859,0.512","-0.114,0.994","-0.015,1","-0.377,-0.926","-1,0.002","0.087,0.996","-0.095,0.996","-0.455,0.891","0.638,0.77","0.166,0.986","0.698,-0.716",,AwayPowerplay,True,False,3.0
3,84,1767185792580,PuckControl,AwayPowerplay,4v5,True,True,HomeTeamZone,"-27.7,9.9","-18.6,-14.9",,,,,,,,,,,,,,,,,,,,,,,,,Loose,AwayTeamZone,AwayTeamZone,,,,,150983.0,153736.0,346405.0,345038.0,345037.0,347294.0,888057604.0,888057605.0,888057597.0,888057619.0,888057616.0,,#29 Sandro Aeschlimann,#38 Lukas Frick,#18 Filip Zadina,#19 Adam Tambellini,#15 Simon Ryfors,#22 Brendan Lemieux,#2 Gavin McCartthy,#25 Abram Wiebe,#30 Adam Gajan,#6 Martins Lavins,#21 Ryan Walsh,,Away,Away,Away,Away,Away,Away,Home,Home,Home,Home,Home,,"24.6,0.4","-8.4,8.8","-7.4,-6","-27.1,11.2","-19.1,-12.9","-27.7,2.3","-23.5,-0.6","-26.3,6.3","-25.9,0.2","-18.2,-0.8","-18.9,8.6",,,,,,,,,,,,,,,,,,,,,,,,,,AwayPowerplay,True,False,3.0
3,86,1767185794820,PuckControl,AwayPowerplay,4v5,True,True,HomeTeamZone,"-18.6,-14.9","-17.4,-14.7",345037.0,#15 Simon Ryfors,Away,,,,,,,,,,,,,,,,,,,,,,AwayControl,AwayTeamZone,AwayTeamZone,,,,345037,150983.0,153736.0,346405.0,345038.0,345037.0,347294.0,888057604.0,888057605.0,888057597.0,888057619.0,888057616.0,,#29 Sandro Aeschlimann,#38 Lukas Frick,#18 Filip Zadina,#19 Adam Tambellini,#15 Simon Ryfors,#22 Brendan Lemieux,#2 Gavin McCartthy,#25 Abram Wiebe,#30 Adam Gajan,#6 Martins Lavins,#21 Ryan Walsh,,Away,Away,Away,Away,Away,Away,Home,Home,Home,Home,Home,,"24.6,0.4","-7.2,10.8","-8.4,-6.8","-25.4,9.7","-18.4,-14.6","-25.8,1.9","-23.4,-1.7","-26.7,5.3","-25.6,-0.1","-18.2,-3","-17.9,3.6",,,,,,,,,,,,,,,,,,,,,,,,,,AwayPowerplay,True,False,3.0
3,87,1767185795020,Pass,AwayPowerplay,4v5,True,True,HomeTeamZone,"-17.5,-14.8","-8.5,-13.8",345037.0,#15 Simon Ryfors,Away,346405.0,#18 Filip Zadina,Away,,,,,,,,Successful,7.5,,,,,,,,,,,,,,,,"345037,346405",150983.0,153736.0,346405.0,345038.0,345037.0,347294.0,888057604.0,888057605.0,888057597.0,888057619.0,888057616.0,,#29 Sandro Aeschlimann,#38 Lukas Frick,#18 Filip Zadina,#19 Adam Tambellini,#15 Simon Ryfors,#22 Brendan Lemieux,#2 Gavin McCartthy,#25 Abram Wiebe,#30 Adam Gajan,#6 Martins Lavins,#21 Ryan Walsh,,Away,Away,Away,Away,Away,Away,Home,Home,Home,Home,Home,,"24.6,0.4","-7,10.5","-8.2,-7.5","-24.8,9.8","-17.9,-14.5","-25.1,1.7","-23,-2.3","-26.4,4.8","-25.7,-0.2","-17.8,-3.6","-17.5,3.2",,0.302,1.944,3.303,3.012,2.19,3.601,3.968,2.744,0.761,3.236,2.781,,"-0.315,-0.949","0.326,-0.945","0.249,-0.969","0.96,0.28","0.956,0.294","0.95,-0.313","0.461,-0.887","0.58,-0.815","-0.774,-0.634","0.605,-0.796","0.704,-0.71",,AwayPowerplay,True,False,3.0
3,87,1767185795040,PuckControl,AwayPowerplay,4v5,True,True,HomeTeamZone,"-17.4,-14.7","-8.5,-13.8",,,,,,,,,,,,,,,,,,,,,,,,,AwayControl,AwayTeamZone,AwayTeamZone,,,,,150983.0,153736.0,346405.0,345038.0,345037.0,347294.0,888057604.0,888057605.0,888057597.0,888057619.0,888057616.0,,#29 Sandro Aeschlimann,#38 Lukas Frick,#18 Filip Zadina,#19 Adam Tambellini,#15 Simon Ryfors,#22 Brendan Lemieux,#2 Gavin McCartthy,#25 Abram Wiebe,#30 Adam Gajan,#6 Martins Lavins,#21 Ryan Walsh,,Away,Away,Away,Away,Away,Away,Home,Home,Home,Home,Home,,"24.6,0.4","-7,10.4","-8.2,-7.5","-24.8,9.8","-17.9,-14.5","-25.1,1.6","-23,-2.4","-26.4,4.8","-25.7,-0.2","-17.7,-3.6","-17.4,3.2",,,,,,,,,,,,,,,,,,,,,,,,,,AwayPowerplay,True,False,3.0
3,88,1767185796280,PuckControl,AwayPowerplay,4v5,True,True,HomeTeamZone,"-8.5,-13.8","-8.3,-13.7",346405.0,#18 Filip Zadina,Away,,,,,,,,,,,,,,,,,,,,,,AwayControl,AwayTeamZone,AwayTeamZone,,,,346405,150983.0,153736.0,346405.0,345038.0,345037.0,347294.0,888057604.0,888057605.0,888057597.0,888057619.0,888057616.0,,#29 Sandro Aeschlimann,#38 Lukas Frick,#18 Filip Zadina,#19 Adam Tambellini,#15 Simon Ryfors,#22 Brendan Lemieux,#2 Gavin McCartthy,#25 Abram Wiebe,#30 Adam Gajan,#6 Martins Lavins,#21 Ryan Walsh,,Away,Away,Away,Away,Away,Away,Home,Home,Home,Home,Home,,"24.6,0.2","-7,7.5","-8.2,-12.4","-20.7,10.7","-17.3,-14.3","-23.4,-0.9","-20.5,-6.2","-23.5,2.7","-25.9,-0.5","-14.5,-6.1","-16,2.2",,,,,,,,,,,,,,,,,,,,,,,,,,AwayPowerplay,True,False,3.0
3,88,1767185796400,Pass,AwayPowerplay,4v5,True,True,HomeTeamZone,"-8.2,-13.7","-19.4,-13.5",346405.0,#18 Filip Zadina,Away,345037.0,#15 Simon Ryfors,Away,,,,,,,,Successful,15.8,,,,,,,,,,,,,,,,"346405,345037",150983.0,153736.0,346405.0,345038.0,345037.0,347294.0,888057604.0,888057605.0,888057597.0,888057619.0,888057616.0,,#29 Sandro Aeschlimann,#38 Lukas Frick,#18 Filip Zadina,#19 Adam Tambellini,#15 Simon Ryfors,#22 Brendan Lemieux,#2 Gavin McCartthy,#25 Abram Wiebe,#30 Adam Gajan,#6 Martins Lavins,#21 Ryan Walsh,,Away,Away,Away,Away,Away,Away,Home,Home,Home,Home,Home,,"24.6,0.2","-7,7.2","-8.3,-12.8","-20.3,10.8","-17.4,-14.3","-23.5,-1.2","-20.2,-6.5","-23.3,2.6","-25.8,-0.5","-14.3,-6.4","-16,2.1",,0.268,3.004,2.932,3.734,1.261,3.006,2.879,2.475,0.211,2.969,0.476,,"0.55,0.835","-0.047,-0.999","-0.208,-0.978","0.993,0.118","-1,0.003","-0.178,-0.984","0.66,-0.751","0.824,-0.567","0.951,-0.308","0.517,-0.856","0.391,-0.92",,AwayPowerplay,True,False,3.0
3,88,1767185796420,PuckControl,AwayPowerplay,4v5,True,True,HomeTeamZone,"-8.3,-13.7","-19.4,-13.5",,,,,,,,,,,,,,,,,,,,,,,,,AwayControl,AwayTeamZone,AwayTeamZone,,,,,150983.0,153736.0,346405.0,345038.0,345037.0,347294.0,888057604.0,888057605.0,888057597.0,888057619.0,888057616.0,,#29 Sandro Aeschlimann,#38 Lukas Frick,#18 Filip Zadina,#19 Adam Tambellini,#15 Simon Ryfors,#22 Brendan Lemieux,#2 Gavin McCartthy,#25 Abram Wiebe,#30 Adam Gajan,#6 Martins Lavins,#21 Ryan Walsh,,Away,Away,Away,Away,Away,Away,Home,Home,Home,Home,Home,,"24.6,0.2","-7,7.1","-8.3,-12.9","-20.2,10.8","-17.5,-14.3","-23.5,-1.3","-20.2,-6.5","-23.2,2.5","-25.8,-0.5","-14.2,-6.4","-16,2.1",,,,,,,,,,,,,,,,,,,,,,,,,,AwayPowerplay,True,False,3.0
3,89,1767185797240,PuckControl,AwayPowerplay,4v5,True,True,HomeTeamZone,"-19.4,-13.5","-19.7,-13.4",345037.0,#15 Simon Ryfors,Away,,,,,,,,,,,,,,,,,,,,,,AwayControl,AwayTeamZone,AwayTeamZone,,,,345037,150983.0,153736.0,346405.0,345038.0,345037.0,347294.0,888057604.0,888057605.0,888057597.0,888057619.0,888057616.0,,#29 Sandro Aeschlimann,#38 Lukas Frick,#18 Filip Zadina,#19 Adam Tambellini,#15 Simon Ryfors,#22 Brendan Lemieux,#2 Gavin McCartthy,#25 Abram Wiebe,#30 Adam Gajan,#6 Martins Lavins,#21 Ryan Walsh,,Away,Away,Away,Away,Away,Away,Home,Home,Home,Home,Home,,"24.5,0.4","-7.5,4.4","-8.8,-13.7","-17.6,10.7","-19.1,-14.2","-24,-2.7","-19.6,-8.5","-22.5,1.1","-25.8,-0.6","-14.4,-7.9","-15.8,2",,,,,,,,,,,,,,,,,,,,,,,,,,AwayPowerplay,True,False,3.0
3,89,1767185797380,Pass,AwayPowerplay,4v5,True,True,HomeTeamZone,"-19.8,-13.4","-9.5,-13.3",345037.0,#15 Simon Ryfors,Away,346405.0,#18 Filip Zadina,Away,,,,,,,,Successful,11.4,,,,,,,,,,,,,,,,"345037,346405",150983.0,153736.0,346405.0,345038.0,345037.0,347294.0,888057604.0,888057605.0,888057597.0,888057619.0,888057616.0,,#29 Sandro Aeschlimann,#38 Lukas Frick,#18 Filip Zadina,#19 Adam Tambellini,#15 Simon Ryfors,#22 Brendan Lemieux,#2 Gavin McCartthy,#25 Abram Wiebe,#30 Adam Gajan,#6 Martins Lavins,#21 Ryan Walsh,,Away,Away,Away,Away,Away,Away,Home,Home,Home,Home,Home,,"24.5,0.3","-7.6,4.1","-8.8,-13.7","-17.3,10.6","-19.3,-14.2","-24.1,-2.7","-19.7,-8.8","-22.6,0.9","-25.8,-0.7","-14.7,-7.9","-15.8,1.9",,0.556,2.591,0.134,2.397,1.407,0.411,1.8,1.907,0.492,1.861,0.744,,"-0.459,-0.889","-0.382,-0.924","-0.992,0.13","0.846,-0.532","-1,-0.026","-0.95,0.312","-0.423,-0.906","-0.355,-0.935","-0.38,-0.925","-0.988,0.154","-0.26,-0.966",,AwayPowerplay,True,False,3.0
3,89,1767185797400,PuckControl,AwayPowerplay,4v5,True,True,HomeTeamZone,"-19.7,-13.4","-9.5,-13.3",,,,,,,,,,,,,,,,,,,,,,,,,AwayControl,AwayTeamZone,AwayTeamZone,,,,,150983.0,153736.0,346405.0,345038.0,345037.0,347294.0,888057604.0,888057605.0,888057597.0,888057619.0,888057616.0,,#29 Sandro Aeschlimann,#38 Lukas Frick,#18 Filip Zadina,#19 Adam Tambellini,#15 Simon Ryfors,#22 Brendan Lemieux,#2 Gavin McCartthy,#25 Abram Wiebe,#30 Adam Gajan,#6 Martins Lavins,#21 Ryan Walsh,,Away,Away,Away,Away,Away,Away,Home,Home,Home,Home,Home,,"24.5,0.3","-7.7,4","-8.8,-13.7","-17.3,10.5","-19.3,-14.2","-24.1,-2.7","-19.7,-8.8","-22.6,0.8","-25.8,-0.7","-14.7,-7.9","-15.8,1.9",,,,,,,,,,,,,,,,,,,,,,,,,,AwayPowerplay,True,False,3.0
3,90,1767185798340,PuckControl,AwayPowerplay,4v5,True,True,HomeTeamZone,"-9.5,-13.3","-8.7,-9.7",346405.0,#18 Filip Zadina,Away,,,,,,,,,,,,,,,,,,,,,,AwayControl,AwayTeamZone,AwayTeamZone,,,,346405,150983.0,153736.0,346405.0,345038.0,345037.0,347294.0,888057604.0,888057605.0,888057597.0,888057619.0,888057616.0,,#29 Sandro Aeschlimann,#38 Lukas Frick,#18 Filip Zadina,#19 Adam Tambellini,#15 Simon Ryfors,#22 Brendan Lemieux,#2 Gavin McCartthy,#25 Abram Wiebe,#30 Adam Gajan,#6 Martins Lavins,#21 Ryan Walsh,,Away,Away,Away,Away,Away,Away,Home,Home,Home,Home,Home,,"24.5,0.3","-8.4,3.6","-8.9,-13","-17.4,9","-19.4,-14.2","-24.3,-2.3","-20.7,-8.6","-23.1,0","-25.7,-0.5","-16.2,-6.5","-16.3,1.9",,,,,,,,,,,,,,,,,,,,,,,,,,AwayPowerplay,True,False,3.0
3,91,1767185799820,Pass,AwayPowerplay,4v5,True,True,HomeTeamZone,"-8.7,-9.8","-8.7,6.4",346405.0,#18 Filip Zadina,Away,153736.0,#38 Lukas Frick,Away,,,,,,,,Successful,23.3,,,,,,,,,,,,,,,,"346405,153736",150983.0,153736.0,346405.0,345038.0,345037.0,347294.0,888057604.0,888057605.0,888057597.0,888057619.0,888057616.0,,#29 Sandro Aeschlimann,#38 Lukas Frick,#18 Filip Zadina,#19 Adam Tambellini,#15 Simon Ryfors,#22 Brendan Lemieux,#2 Gavin McCartthy,#25 Abram Wiebe,#30 Adam Gajan,#6 Martins Lavins,#21 Ryan Walsh,,Away,Away,Away,Away,Away,Away,Home,Home,Home,Home,Home,,"24.6,0.4","-9.1,5.8","-8.1,-9.6","-20.5,8.4","-18.7,-14","-24.1,-1.4","-20.5,-6","-22.3,1.7","-25.2,-0.6","-14.8,-6.2","-15.3,3.3",,0.578,1.836,2.988,1.951,1.08,0.638,2.639,1.014,0.308,1.009,1.793,,"-0.148,-0.989","-0.105,0.994","0.412,0.911","-0.998,0.06","-0.819,0.574","0.843,0.538","0.297,0.955","-0.652,0.758","-0.328,0.945","0.981,-0.192","0.413,0.911",,AwayPowerplay,True,False,3.0
3,91,1767185799840,PuckControl,AwayPowerplay,4v5,True,True,HomeTeamZone,"-8.7,-9.7","-8.7,6.4",,,,,,,,,,,,,,,,,,,,,,,,,AwayControl,AwayTeamZone,AwayTeamZone,,,,,150983.0,153736.0,346405.0,345038.0,345037.0,347294.0,888057604.0,888057605.0,888057597.0,888057619.0,888057616.0,,#29 Sandro Aeschlimann,#38 Lukas Frick,#18 Filip Zadina,#19 Adam Tambellini,#15 Simon Ryfors,#22 Brendan Lemieux,#2 Gavin McCartthy,#25 Abram Wiebe,#30 Adam Gajan,#6 Martins Lavins,#21 Ryan Walsh,,Away,Away,Away,Away,Away,Away,Home,Home,Home,Home,Home,,"24.6,0.3","-9.1,5.9","-8.1,-9.5","-20.5,8.4","-18.7,-14","-24.1,-1.4","-20.5,-6","-22.3,1.7","-25.2,-0.6","-14.7,-6.2","-15.3,3.4",,,,,,,,,,,,,,,,,,,,,,,,,,AwayPowerplay,True,False,3.0
3,92,1767185800640,PuckControl,AwayPowerplay,4v5,True,True,HomeTeamZone,"-8.7,6.4","-9.1,6.5",153736.0,#38 Lukas Frick,Away,,,,,,,,,,,,,,,,,,,,,,AwayControl,AwayTeamZone,AwayTeamZone,,,,153736,150983.0,153736.0,346405.0,345038.0,345037.0,347294.0,888057604.0,888057605.0,888057597.0,888057619.0,888057616.0,,#29 Sandro Aeschlimann,#38 Lukas Frick,#18 Filip Zadina,#19 Adam Tambellini,#15 Simon Ryfors,#22 Brendan Lemieux,#2 Gavin McCartthy,#25 Abram Wiebe,#30 Adam Gajan,#6 Martins Lavins,#21 Ryan Walsh,,Away,Away,Away,Away,Away,Away,Home,Home,Home,Home,Home,,"24.8,0.5","-9.2,7.3","-6.9,-7.3","-21.7,9","-19.8,-12.8","-24,-0.8","-20.6,-4.5","-22.9,2.4","-25.5,-0.4","-14.7,-5.6","-14.7,4.4",,,,,,,,,,,,,,,,,,,,,,,,,,AwayPowerplay,True,False,3.0
3,94,1767185802000,Pass,AwayPowerplay,4v5,True,True,HomeTeamZone,"-9.1,6.6","-9.2,-2.6",153736.0,#38 Lukas Frick,Away,346405.0,#18 Filip Zadina,Away,,,,,,,,Successful,15.1,,,,,,,,,,,,,,,,"153736,346405",150983.0,153736.0,346405.0,345038.0,345037.0,347294.0,888057604.0,888057605.0,888057597.0,888057619.0,888057616.0,,#29 Sandro Aeschlimann,#38 Lukas Frick,#18 Filip Zadina,#19 Adam Tambellini,#15 Simon Ryfors,#22 Brendan Lemieux,#2 Gavin McCartthy,#25 Abram Wiebe,#30 Adam Gajan,#6 Martins Lavins,#21 Ryan Walsh,,Away,Away,Away,Away,Away,Away,Home,Home,Home,Home,Home,,"24.9,0.8","-8.4,7.4","-7.6,-4.8","-22.6,11.2","-20,-9.2","-23.2,0.8","-21.7,-2.2","-22.4,4.2","-25.4,0.2","-16.6,-3.5","-12.7,6",,0.546,0.797,1.389,0.827,2.051,1.227,2.44,1.435,0.619,1.388,0.883,,"0.942,0.336","0.913,-0.407","-0.727,0.687","-0.706,0.709","0.032,0.999","0.926,0.377","-0.187,0.982","0.849,0.528","0.467,-0.884","-0.97,0.245","0.596,0.803",,AwayPowerplay,True,False,3.0
3,94,1767185802020,PuckControl,AwayPowerplay,4v5,True,True,HomeTeamZone,"-9.1,6.5","-9.2,-2.6",,,,,,,,,,,,,,,,,,,,,,,,,AwayControl,AwayTeamZone,AwayTeamZone,,,,,150983.0,153736.0,346405.0,345038.0,345037.0,347294.0,888057604.0,888057605.0,888057597.0,888057619.0,888057616.0,,#29 Sandro Aeschlimann,#38 Lukas Frick,#18 Filip Zadina,#19 Adam Tambellini,#15 Simon Ryfors,#22 Brendan Lemieux,#2 Gavin McCartthy,#25 Abram Wiebe,#30 Adam Gajan,#6 Martins Lavins,#21 Ryan Walsh,,Away,Away,Away,Away,Away,Away,Home,Home,Home,Home,Home,,"24.9,0.8","-8.4,7.4","-7.6,-4.7","-22.6,11.2","-20,-9.2","-23.2,0.8","-21.7,-2.2","-22.3,4.2","-25.4,0.1","-16.7,-3.5","-12.7,6",,,,,,,,,,,,,,,,,,,,,,,,,,AwayPowerplay,True,False,3.0
3,94,1767185802660,PuckControl,AwayPowerplay,4v5,True,True,HomeTeamZone,"-9.2,-2.6","-8.7,0.6",346405.0,#18 Filip Zadina,Away,,,,,,,,,,,,,,,,,,,,,,AwayControl,AwayTeamZone,AwayTeamZone,,,,346405,150983.0,153736.0,346405.0,345038.0,345037.0,347294.0,888057604.0,888057605.0,888057597.0,888057619.0,888057616.0,,#29 Sandro Aeschlimann,#38 Lukas Frick,#18 Filip Zadina,#19 Adam Tambellini,#15 Simon Ryfors,#22 Brendan Lemieux,#2 Gavin McCartthy,#25 Abram Wiebe,#30 Adam Gajan,#6 Martins Lavins,#21 Ryan Walsh,,Away,Away,Away,Away,Away,Away,Home,Home,Home,Home,Home,,"25,0.7","-7.9,6.7","-8.4,-4.3","-22.7,11","-19.9,-8.6","-22.6,0.8","-21.8,-1.5","-21.5,4.3","-25.5,-0.2","-16.6,-3.4","-12.9,5.7",,,,,,,,,,,,,,,,,,,,,,,,,,AwayPowerplay,True,False,3.0
3,97,1767185805320,Shot,AwayPowerplay,4v5,True,True,HomeTeamZone,"-8.7,0.6",,346405.0,#18 Filip Zadina,Away,888057597.0,#30 Adam Gajan,Home,,Saved,127.2,888057616,0.009,,,,,,,,,,,,,,,,,,,,"346405,888057597,888057616",150983.0,153736.0,346405.0,345038.0,345037.0,347294.0,888057604.0,888057605.0,888057597.0,888057619.0,888057616.0,,#29 Sandro Aeschlimann,#38 Lukas Frick,#18 Filip Zadina,#19 Adam Tambellini,#15 Simon Ryfors,#22 Brendan Lemieux,#2 Gavin McCartthy,#25 Abram Wiebe,#30 Adam Gajan,#6 Martins Lavins,#21 Ryan Walsh,,Away,Away,Away,Away,Away,Away,Home,Home,Home,Home,Home,,"24.8,0.5","-12.1,-2.1","-9.4,1.4","-20.5,9.8","-19.3,-9","-22.2,0.8","-21.2,-1.7","-20.5,4.2","-24.9,-0.4","-14.3,-0.3","-15.5,0.6",,0.158,3.128,3.956,0.783,0.718,1.252,0.605,1.486,0.628,2.278,4.424,,"0.999,0.042","-0.048,-0.999","-0.999,0.052","-0.998,-0.056","0.894,0.447","0.172,0.985","-0.96,0.28","0.405,0.914","0.386,0.923","0.213,0.977","-0.334,-0.943",,AwayPowerplay,True,False,3.0
3,97,1767185805340,PuckControl,AwayPowerplay,4v5,True,True,HomeTeamZone,"-8.7,0.6","-26.2,14",,,,,,,,,,,,,,,,,,,,,,,,,Loose,AwayTeamZone,AwayTeamZone,,,,,150983.0,153736.0,346405.0,345038.0,345037.0,347294.0,888057604.0,888057605.0,888057597.0,888057619.0,888057616.0,,#29 Sandro Aeschlimann,#38 Lukas Frick,#18 Filip Zadina,#19 Adam Tambellini,#15 Simon Ryfors,#22 Brendan Lemieux,#2 Gavin McCartthy,#25 Abram Wiebe,#30 Adam Gajan,#6 Martins Lavins,#21 Ryan Walsh,,Away,Away,Away,Away,Away,Away,Home,Home,Home,Home,Home,,"24.8,0.5","-12.1,-2.1","-9.5,1.4","-20.5,9.7","-19.3,-9","-22.2,0.9","-21.2,-1.7","-20.5,4.2","-24.9,-0.4","-14.2,-0.3","-15.5,0.5",,,,,,,,,,,,,,,,,,,,,,,,,,AwayPowerplay,True,False,3.0
3,99,1767185807860,PuckControl,AwayPowerplay,4v5,True,True,HomeTeamZone,"-26.2,14","-20.8,14.6",345038.0,#19 Adam Tambellini,Away,,,,,,,,,,,,,,,,,,,,,,AwayControl,AwayTeamZone,AwayTeamZone,,,,345038,150983.0,153736.0,346405.0,345038.0,345037.0,347294.0,888057604.0,888057605.0,888057597.0,888057619.0,888057616.0,,#29 Sandro Aeschlimann,#38 Lukas Frick,#18 Filip Zadina,#19 Adam Tambellini,#15 Simon Ryfors,#22 Brendan Lemieux,#2 Gavin McCartthy,#25 Abram Wiebe,#30 Adam Gajan,#6 Martins Lavins,#21 Ryan Walsh,,Away,Away,Away,Away,Away,Away,Home,Home,Home,Home,Home,,"24.8,0.5","-8.8,-8.4","-9,-0.6","-24.7,12.3","-20,-6.7","-21.5,-0.2","-23.9,-0.6","-23.3,4.8","-25.8,0.2","-14.7,1.9","-19,-3.7",,,,,,,,,,,,,,,,,,,,,,,,,,AwayPowerplay,True,False,3.0
3,101,1767185809160,Pass,AwayPowerplay,4v5,True,True,HomeTeamZone,"-20.8,14.6","-9.6,8.2",345038.0,#19 Adam Tambellini,Away,346405.0,#18 Filip Zadina,Away,,,,,,,,Successful,13.7,,,,,,,,,,,,,,,,"345038,346405",150983.0,153736.0,346405.0,345038.0,345037.0,347294.0,888057604.0,888057605.0,888057597.0,888057619.0,888057616.0,,#29 Sandro Aeschlimann,#38 Lukas Frick,#18 Filip Zadina,#19 Adam Tambellini,#15 Simon Ryfors,#22 Brendan Lemieux,#2 Gavin McCartthy,#25 Abram Wiebe,#30 Adam Gajan,#6 Martins Lavins,#21 Ryan Walsh,,Away,Away,Away,Away,Away,Away,Home,Home,Home,Home,Home,,"24.7,0.6","-7.7,-5.9","-6.9,4.5","-21.3,14.3","-19.4,-6","-23.3,1.6","-23.5,-0.2","-22.3,5.9","-25.9,-0.2","-16.4,3.6","-17.1,-1.7",,0.09,2.043,3.96,2.893,1.252,2.606,0.933,1.558,0.135,0.794,1.444,,"0.973,0.229","-0.208,0.978","-0.016,1","0.997,-0.076","0.986,-0.167","-0.908,0.418","0.967,0.253","0.56,0.829","-0.987,0.163","-0.424,0.905","0.999,-0.045",,AwayPowerplay,True,False,3.0
3,101,1767185809180,PuckControl,AwayPowerplay,4v5,True,True,HomeTeamZone,"-20.8,14.6","-9.6,8.2",,,,,,,,,,,,,,,,,,,,,,,,,AwayControl,AwayTeamZone,AwayTeamZone,,,,,150983.0,153736.0,346405.0,345038.0,345037.0,347294.0,888057604.0,888057605.0,888057597.0,888057619.0,888057616.0,,#29 Sandro Aeschlimann,#38 Lukas Frick,#18 Filip Zadina,#19 Adam Tambellini,#15 Simon Ryfors,#22 Brendan Lemieux,#2 Gavin McCartthy,#25 Abram Wiebe,#30 Adam Gajan,#6 Martins Lavins,#21 Ryan Walsh,,Away,Away,Away,Away,Away,Away,Home,Home,Home,Home,Home,,"24.7,0.6","-7.7,-5.8","-6.9,4.5","-21.3,14.3","-19.4,-6.1","-23.4,1.6","-23.5,-0.2","-22.3,5.9","-25.9,-0.2","-16.4,3.6","-17,-1.7",,,,,,,,,,,,,,,,,,,,,,,,,,AwayPowerplay,True,False,3.0
3,102,1767185810160,PuckControl,AwayPowerplay,4v5,True,True,HomeTeamZone,"-9.6,8.2","-9.4,5.7",346405.0,#18 Filip Zadina,Away,,,,,,,,,,,,,,,,,,,,,,AwayControl,AwayTeamZone,AwayTeamZone,,,,346405,150983.0,153736.0,346405.0,345038.0,345037.0,347294.0,888057604.0,888057605.0,888057597.0,888057619.0,888057616.0,,#29 Sandro Aeschlimann,#38 Lukas Frick,#18 Filip Zadina,#19 Adam Tambellini,#15 Simon Ryfors,#22 Brendan Lemieux,#2 Gavin McCartthy,#25 Abram Wiebe,#30 Adam Gajan,#6 Martins Lavins,#21 Ryan Walsh,,Away,Away,Away,Away,Away,Away,Home,Home,Home,Home,Home,,"24.6,0.4","-8.7,-4.5","-8.4,8","-19.6,12.5","-18.1,-6.8","-24.7,2.7","-22.8,0.3","-21,6.6","-25.8,0.1","-16,4.8","-16.6,-1.5",,,,,,,,,,,,,,,,,,,,,,,,,,AwayPowerplay,True,False,3.0
3,103,1767185810980,Pass,AwayPowerplay,4v5,True,True,HomeTeamZone,"-9.4,5.7","-9.1,-6.2",346405.0,#18 Filip Zadina,Away,153736.0,#38 Lukas Frick,Away,,,,,,,,Successful,12.4,,,,,,,,,,,,,,,,"346405,153736",150983.0,153736.0,346405.0,345038.0,345037.0,347294.0,888057604.0,888057605.0,888057597.0,888057619.0,888057616.0,,#29 Sandro Aeschlimann,#38 Lukas Frick,#18 Filip Zadina,#19 Adam Tambellini,#15 Simon Ryfors,#22 Brendan Lemieux,#2 Gavin McCartthy,#25 Abram Wiebe,#30 Adam Gajan,#6 Martins Lavins,#21 Ryan Walsh,,Away,Away,Away,Away,Away,Away,Home,Home,Home,Home,Home,,"24.6,0.3","-8.8,-4","-10.6,6.7","-20.6,10.6","-18.3,-7.1","-24.1,1.5","-22.4,-0.3","-19.9,6.6","-25.2,0","-15.1,5.1","-15.9,-1.1",,0.097,0.271,4.276,2.519,1.115,2.173,1.215,0.622,0.536,1.996,0.971,,"-0.906,0.423","-0.114,-0.993","-0.465,-0.885","-0.704,-0.71","-0.978,-0.207","0.4,-0.916","0.589,-0.808","0.886,-0.463","0.998,-0.069","0.507,-0.862","0.991,-0.133",,AwayPowerplay,True,False,3.0
3,103,1767185811000,PuckControl,AwayPowerplay,4v5,True,True,HomeTeamZone,"-9.4,5.7","-9.1,-6.2",,,,,,,,,,,,,,,,,,,,,,,,,AwayControl,AwayTeamZone,AwayTeamZone,,,,,150983.0,153736.0,346405.0,345038.0,345037.0,347294.0,888057604.0,888057605.0,888057597.0,888057619.0,888057616.0,,#29 Sandro Aeschlimann,#38 Lukas Frick,#18 Filip Zadina,#19 Adam Tambellini,#15 Simon Ryfors,#22 Brendan Lemieux,#2 Gavin McCartthy,#25 Abram Wiebe,#30 Adam Gajan,#6 Martins Lavins,#21 Ryan Walsh,,Away,Away,Away,Away,Away,Away,Home,Home,Home,Home,Home,,"24.6,0.3","-8.8,-4","-10.6,6.6","-20.6,10.6","-18.3,-7.1","-24.1,1.5","-22.4,-0.4","-19.9,6.6","-25.2,0","-15.1,5","-15.8,-1.1",,,,,,,,,,,,,,,,,,,,,,,,,,AwayPowerplay,True,False,3.0
3,104,1767185812320,PuckControl,AwayPowerplay,4v5,True,True,HomeTeamZone,"-9.1,-6.2","-8.9,-9.7",153736.0,#38 Lukas Frick,Away,,,,,,,,,,,,,,,,,,,,,,AwayControl,AwayTeamZone,AwayTeamZone,,,,153736,150983.0,153736.0,346405.0,345038.0,345037.0,347294.0,888057604.0,888057605.0,888057597.0,888057619.0,888057616.0,,#29 Sandro Aeschlimann,#38 Lukas Frick,#18 Filip Zadina,#19 Adam Tambellini,#15 Simon Ryfors,#22 Brendan Lemieux,#2 Gavin McCartthy,#25 Abram Wiebe,#30 Adam Gajan,#6 Martins Lavins,#21 Ryan Walsh,,Away,Away,Away,Away,Away,Away,Home,Home,Home,Home,Home,,"24.4,0.1","-8.8,-5.9","-9.9,2.4","-22.9,9.3","-19.8,-8.6","-23.4,0.1","-22.1,-0.8","-20.1,4.8","-24.9,-0.2","-14.1,0.8","-15.9,-2.1",,,,,,,,,,,,,,,,,,,,,,,,,,AwayPowerplay,True,False,3.0
3,104,1767185812760,PuckControl,AwayPowerplay,4v5,True,True,HomeTeamZone,"-8.9,-9.7","-8.3,-14.7",,,,,,,,,,,,,,,,,,,,,,,,,Loose,AwayTeamZone,AwayTeamZone,,,,,150983.0,153736.0,346405.0,345038.0,345037.0,347294.0,888057604.0,888057605.0,888057597.0,888057619.0,888057616.0,,#29 Sandro Aeschlimann,#38 Lukas Frick,#18 Filip Zadina,#19 Adam Tambellini,#15 Simon Ryfors,#22 Brendan Lemieux,#2 Gavin McCartthy,#25 Abram Wiebe,#30 Adam Gajan,#6 Martins Lavins,#21 Ryan Walsh,,Away,Away,Away,Away,Away,Away,Home,Home,Home,Home,Home,,"24.6,0.1","-8.7,-7.3","-9,1.2","-23.1,9.6","-19.8,-9.1","-23.1,-0.1","-21.7,-0.9","-20,4.1","-25.1,-0.3","-14.2,-0.7","-15.7,-2.2",,,,,,,,,,,,,,,,,,,,,,,,,,AwayPowerplay,True,False,3.0
3,106,1767185813980,PuckControl,AwayPowerplay,4v5,True,True,HomeTeamZone,"-8.3,-14.7","-8.2,-14.9",153736.0,#38 Lukas Frick,Away,,,,,,,,,,,,,,,,,,,,,,AwayControl,AwayTeamZone,AwayTeamZone,,,,153736,150983.0,153736.0,346405.0,345038.0,345037.0,347294.0,888057604.0,888057605.0,888057597.0,888057619.0,888057616.0,,#29 Sandro Aeschlimann,#38 Lukas Frick,#18 Filip Zadina,#19 Adam Tambellini,#15 Simon Ryfors,#22 Brendan Lemieux,#2 Gavin McCartthy,#25 Abram Wiebe,#30 Adam Gajan,#6 Martins Lavins,#21 Ryan Walsh,,Away,Away,Away,Away,Away,Away,Home,Home,Home,Home,Home,,"25.2,0.1","-7.5,-12.6","-8.2,-1.2","-21.3,10.4","-20.1,-11.3","-23.4,-2.1","-20,-4.4","-20.2,2","-25.4,-0.3","-13.7,-3","-13.9,-6.2",,,,,,,,,,,,,,,,,,,,,,,,,,AwayPowerplay,True,False,3.0
3,107,1767185815440,Pass,AwayPowerplay,4v5,True,True,HomeTeamZone,"-8.1,-14.9","-22.1,-13.7",153736.0,#38 Lukas Frick,Away,345037.0,#15 Simon Ryfors,Away,,,,,,,,Successful,18.5,,,,,,,,,,,,,,,,"153736,345037",150983.0,153736.0,346405.0,345038.0,345037.0,347294.0,888057604.0,888057605.0,888057597.0,888057619.0,888057616.0,,#29 Sandro Aeschlimann,#38 Lukas Frick,#18 Filip Zadina,#19 Adam Tambellini,#15 Simon Ryfors,#22 Brendan Lemieux,#2 Gavin McCartthy,#25 Abram Wiebe,#30 Adam Gajan,#6 Martins Lavins,#21 Ryan Walsh,,Away,Away,Away,Away,Away,Away,Home,Home,Home,Home,Home,,"26.4,0.3","-8.1,-14.3","-9.1,1.8","-19.1,9.6","-21,-14.1","-23.7,-1.8","-19.6,-7.3","-21.1,1.5","-25.3,-0.2","-13.3,-3.2","-11.3,-9.7",,0.293,1.344,2.863,1.417,1.459,0.173,0.977,0.498,0.408,1.773,0.291,,"-0.999,0.036","-0.928,0.371","-0.056,0.998","0.129,-0.992","-0.985,-0.172","-0.672,0.741","0.259,0.966","-0.228,0.974","-0.068,-0.998","-0.582,0.813","0.658,-0.753",,AwayPowerplay,True,False,3.0
3,107,1767185815460,PuckControl,AwayPowerplay,4v5,True,True,HomeTeamZone,"-8.2,-14.9","-22.1,-13.7",,,,,,,,,,,,,,,,,,,,,,,,,AwayControl,AwayTeamZone,AwayTeamZone,,,,,150983.0,153736.0,346405.0,345038.0,345037.0,347294.0,888057604.0,888057605.0,888057597.0,888057619.0,888057616.0,,#29 Sandro Aeschlimann,#38 Lukas Frick,#18 Filip Zadina,#19 Adam Tambellini,#15 Simon Ryfors,#22 Brendan Lemieux,#2 Gavin McCartthy,#25 Abram Wiebe,#30 Adam Gajan,#6 Martins Lavins,#21 Ryan Walsh,,Away,Away,Away,Away,Away,Away,Home,Home,Home,Home,Home,,"26.4,0.3","-8.1,-14.2","-9.1,1.8","-19.1,9.6","-21.1,-14.1","-23.7,-1.8","-19.6,-7.3","-21.2,1.5","-25.3,-0.2","-13.3,-3.2","-11.3,-9.7",,,,,,,,,,,,,,,,,,,,,,,,,,AwayPowerplay,True,False,3.0
3,108,1767185816300,PuckControl,AwayPowerplay,4v5,True,True,HomeTeamZone,"-22.1,-13.7","-22.8,-12.9",345037.0,#15 Simon Ryfors,Away,,,,,,,,,,,,,,,,,,,,,,AwayControl,AwayTeamZone,AwayTeamZone,,,,345037,150983.0,153736.0,346405.0,345038.0,345037.0,347294.0,888057604.0,888057605.0,888057597.0,888057619.0,888057616.0,,#29 Sandro Aeschlimann,#38 Lukas Frick,#18 Filip Zadina,#19 Adam Tambellini,#15 Simon Ryfors,#22 Brendan Lemieux,#2 Gavin McCartthy,#25 Abram Wiebe,#30 Adam Gajan,#6 Martins Lavins,#21 Ryan Walsh,,Away,Away,Away,Away,Away,Away,Home,Home,Home,Home,Home,,"26.2,0.2","-8.8,-13.5","-9.6,4.1","-19.4,8.4","-22.6,-14.1","-23.7,-1.8","-20.6,-6.6","-21.6,1.6","-25.8,-0.6","-14.6,-1.4","-12.2,-9.3",,,,,,,,,,,,,,,,,,,,,,,,,,AwayPowerplay,True,False,3.0
3,109,1767185817120,Pass,AwayPowerplay,4v5,True,True,HomeTeamZone,"-22.9,-12.9","-9.4,-12.5",345037.0,#15 Simon Ryfors,Away,153736.0,#38 Lukas Frick,Away,,,,,,,,Successful,16.7,,,,,,,,,,,,,,,,"345037,153736",150983.0,153736.0,346405.0,345038.0,345037.0,347294.0,888057604.0,888057605.0,888057597.0,888057619.0,888057616.0,,#29 Sandro Aeschlimann,#38 Lukas Frick,#18 Filip Zadina,#19 Adam Tambellini,#15 Simon Ryfors,#22 Brendan Lemieux,#2 Gavin McCartthy,#25 Abram Wiebe,#30 Adam Gajan,#6 Martins Lavins,#21 Ryan Walsh,,Away,Away,Away,Away,Away,Away,Home,Home,Home,Home,Home,,"26.3,-0.1","-8.8,-12.8","-10.5,4.7","-19.5,7.5","-22.9,-14","-24.1,-1.6","-22.2,-7.6","-22.3,1.2","-26,-0.7","-16.7,0","-14,-7.8",,0.171,0.533,0.873,1.395,1.255,0.287,1.874,0.541,0.256,3.053,2.828,,"0.29,-0.957","0.251,0.968","-0.998,-0.068","-0.027,-1","0.944,0.329","-0.996,0.09","-0.421,-0.907","-0.707,0.708","-0.132,0.991","-0.924,0.383","-0.678,0.735",,AwayPowerplay,True,False,3.0
3,109,1767185817140,PuckControl,AwayPowerplay,4v5,True,True,HomeTeamZone,"-22.8,-12.9","-9.4,-12.5",,,,,,,,,,,,,,,,,,,,,,,,,AwayControl,AwayTeamZone,AwayTeamZone,,,,,150983.0,153736.0,346405.0,345038.0,345037.0,347294.0,888057604.0,888057605.0,888057597.0,888057619.0,888057616.0,,#29 Sandro Aeschlimann,#38 Lukas Frick,#18 Filip Zadina,#19 Adam Tambellini,#15 Simon Ryfors,#22 Brendan Lemieux,#2 Gavin McCartthy,#25 Abram Wiebe,#30 Adam Gajan,#6 Martins Lavins,#21 Ryan Walsh,,Away,Away,Away,Away,Away,Away,Home,Home,Home,Home,Home,,"26.3,-0.1","-8.8,-12.8","-10.5,4.7","-19.5,7.5","-22.8,-14","-24.1,-1.6","-22.2,-7.6","-22.3,1.3","-26,-0.7","-16.7,0","-14.1,-7.7",,,,,,,,,,,,,,,,,,,,,,,,,,AwayPowerplay,True,False,3.0
3,110,1767185818060,PuckControl,AwayPowerplay,4v5,True,True,HomeTeamZone,"-9.4,-12.5","-8.7,-12",153736.0,#38 Lukas Frick,Away,,,,,,,,,,,,,,,,,,,,,,AwayControl,AwayTeamZone,AwayTeamZone,,,,153736,150983.0,153736.0,346405.0,345038.0,345037.0,347294.0,888057604.0,888057605.0,888057597.0,888057619.0,888057616.0,,#29 Sandro Aeschlimann,#38 Lukas Frick,#18 Filip Zadina,#19 Adam Tambellini,#15 Simon Ryfors,#22 Brendan Lemieux,#2 Gavin McCartthy,#25 Abram Wiebe,#30 Adam Gajan,#6 Martins Lavins,#21 Ryan Walsh,,Away,Away,Away,Away,Away,Away,Home,Home,Home,Home,Home,,"26.3,-0.3","-8.4,-12.3","-11.3,4.9","-19.1,6.9","-21.1,-13.9","-24.4,-1.4","-21.7,-8.1","-21.8,2.3","-25.8,-0.4","-18.2,0.5","-14.6,-7.3",,,,,,,,,,,,,,,,,,,,,,,,,,AwayPowerplay,True,False,3.0
3,110,1767185818480,Pass,AwayPowerplay,4v5,True,True,HomeTeamZone,"-8.7,-12.2","-11,5.6",153736.0,#38 Lukas Frick,Away,346405.0,#18 Filip Zadina,Away,,,,,,,,Successful,19.3,,,,,,,,,,,,,,,,"153736,346405",150983.0,153736.0,346405.0,345038.0,345037.0,347294.0,888057604.0,888057605.0,888057597.0,888057619.0,888057616.0,,#29 Sandro Aeschlimann,#38 Lukas Frick,#18 Filip Zadina,#19 Adam Tambellini,#15 Simon Ryfors,#22 Brendan Lemieux,#2 Gavin McCartthy,#25 Abram Wiebe,#30 Adam Gajan,#6 Martins Lavins,#21 Ryan Walsh,,Away,Away,Away,Away,Away,Away,Home,Home,Home,Home,Home,,"26.4,-0.2","-8.2,-11.9","-11.5,5.2","-18.9,7.1","-20.4,-14.1","-24,-1.3","-21.1,-7.6","-21.6,2.7","-25.6,-0.4","-18.4,0.6","-14.2,-7.7",,0.381,0.905,0.905,0.534,1.816,0.957,2.043,1.067,0.448,0.521,1.405,,"0.669,0.743","0.25,0.968","-0.221,0.975","-0.193,0.981","0.992,-0.127","0.963,0.271","0.757,0.653","0.188,0.982","0.954,-0.299","0.053,0.999","0.861,-0.508",,AwayPowerplay,True,False,3.0
3,110,1767185818500,PuckControl,AwayPowerplay,4v5,True,True,HomeTeamZone,"-8.7,-12","-11,5.6",,,,,,,,,,,,,,,,,,,,,,,,,AwayControl,AwayTeamZone,AwayTeamZone,,,,,150983.0,153736.0,346405.0,345038.0,345037.0,347294.0,888057604.0,888057605.0,888057597.0,888057619.0,888057616.0,,#29 Sandro Aeschlimann,#38 Lukas Frick,#18 Filip Zadina,#19 Adam Tambellini,#15 Simon Ryfors,#22 Brendan Lemieux,#2 Gavin McCartthy,#25 Abram Wiebe,#30 Adam Gajan,#6 Martins Lavins,#21 Ryan Walsh,,Away,Away,Away,Away,Away,Away,Home,Home,Home,Home,Home,,"26.4,-0.2","-8.2,-11.9","-11.5,5.2","-18.9,7.1","-20.3,-14.1","-24,-1.3","-21.1,-7.6","-21.6,2.7","-25.6,-0.4","-18.4,0.7","-14.2,-7.7",,,,,,,,,,,,,,,,,,,,,,,,,,AwayPowerplay,True,False,3.0
3,111,1767185819660,PuckControl,AwayPowerplay,4v5,True,True,HomeTeamZone,"-11,5.6","-9.6,3.7",346405.0,#18 Filip Zadina,Away,,,,,,,,,,,,,,,,,,,,,,AwayControl,AwayTeamZone,AwayTeamZone,,,,346405,150983.0,153736.0,346405.0,345038.0,345037.0,347294.0,888057604.0,888057605.0,888057597.0,888057619.0,888057616.0,,#29 Sandro Aeschlimann,#38 Lukas Frick,#18 Filip Zadina,#19 Adam Tambellini,#15 Simon Ryfors,#22 Brendan Lemieux,#2 Gavin McCartthy,#25 Abram Wiebe,#30 Adam Gajan,#6 Martins Lavins,#21 Ryan Walsh,,Away,Away,Away,Away,Away,Away,Home,Home,Home,Home,Home,,"26.5,0.1","-8,-11.4","-11.6,5.9","-20.7,8.1","-19.5,-12.1","-23.5,-0.6","-20.7,-4.9","-21.4,5.3","-25.2,0","-16.8,2.5","-13.7,-6.6",,,,,,,,,,,,,,,,,,,,,,,,,,AwayPowerplay,True,False,3.0
3,112,1767185820660,Pass,AwayPowerplay,4v5,True,True,HomeTeamZone,"-9.6,3.7","-9.5,-7.9",346405.0,#18 Filip Zadina,Away,153736.0,#38 Lukas Frick,Away,,,,,,,,Successful,17.9,,,,,,,,,,,,,,,,"346405,153736",150983.0,153736.0,346405.0,345038.0,345037.0,347294.0,888057604.0,888057605.0,888057597.0,888057619.0,888057616.0,,#29 Sandro Aeschlimann,#38 Lukas Frick,#18 Filip Zadina,#19 Adam Tambellini,#15 Simon Ryfors,#22 Brendan Lemieux,#2 Gavin McCartthy,#25 Abram Wiebe,#30 Adam Gajan,#6 Martins Lavins,#21 Ryan Walsh,,Away,Away,Away,Away,Away,Away,Home,Home,Home,Home,Home,,"26.2,0.2","-7.8,-10","-11,4","-21.2,9.5","-20.4,-9.3","-23.6,0.4","-21.4,-1.9","-21,5.8","-25,0.4","-15,2.3","-14.7,-4.3",,0.459,1.927,2.56,1.506,2.763,0.665,2.524,1.156,0.445,1.835,2.385,,"0.292,0.956","-0.047,0.999","0.516,-0.857","0.235,0.972","-0.415,0.91","-0.238,0.971","-0.376,0.926","0.964,-0.266","-0.531,-0.848","0.306,-0.952","-0.613,0.79",,AwayPowerplay,True,False,3.0
3,112,1767185820680,PuckControl,AwayPowerplay,4v5,True,True,HomeTeamZone,"-9.6,3.7","-9.5,-7.9",,,,,,,,,,,,,,,,,,,,,,,,,AwayControl,AwayTeamZone,AwayTeamZone,,,,,150983.0,153736.0,346405.0,345038.0,345037.0,347294.0,888057604.0,888057605.0,888057597.0,888057619.0,888057616.0,,#29 Sandro Aeschlimann,#38 Lukas Frick,#18 Filip Zadina,#19 Adam Tambellini,#15 Simon Ryfors,#22 Brendan Lemieux,#2 Gavin McCartthy,#25 Abram Wiebe,#30 Adam Gajan,#6 Martins Lavins,#21 Ryan Walsh,,Away,Away,Away,Away,Away,Away,Home,Home,Home,Home,Home,,"26.2,0.2","-7.8,-10","-11,3.9","-21.2,9.6","-20.4,-9.3","-23.6,0.5","-21.5,-1.9","-20.9,5.8","-25,0.4","-15,2.2","-14.7,-4.2",,,,,,,,,,,,,,,,,,,,,,,,,,AwayPowerplay,True,False,3.0
3,113,1767185821480,PuckControl,AwayPowerplay,4v5,True,True,HomeTeamZone,"-9.5,-7.9","-8.2,-6",153736.0,#38 Lukas Frick,Away,,,,,,,,,,,,,,,,,,,,,,AwayControl,AwayTeamZone,AwayTeamZone,,,,153736,150983.0,153736.0,346405.0,345038.0,345037.0,347294.0,888057604.0,888057605.0,888057597.0,888057619.0,888057616.0,,#29 Sandro Aeschlimann,#38 Lukas Frick,#18 Filip Zadina,#19 Adam Tambellini,#15 Simon Ryfors,#22 Brendan Lemieux,#2 Gavin McCartthy,#25 Abram Wiebe,#30 Adam Gajan,#6 Martins Lavins,#21 Ryan Walsh,,Away,Away,Away,Away,Away,Away,Home,Home,Home,Home,Home,,"26.2,0.5","-8.2,-8.2","-10.2,3.1","-21.2,10.1","-20.9,-8.3","-23.5,0.6","-22,-1.7","-20.5,5.2","-25.3,-0.3","-15.4,0.9","-15.3,-3.6",,,,,,,,,,,,,,,,,,,,,,,,,,AwayPowerplay,True,False,3.0
3,114,1767185822040,Pass,AwayPowerplay,4v5,True,True,HomeTeamZone,"-8.1,-6.1","-10.1,3.8",153736.0,#38 Lukas Frick,Away,346405.0,#18 Filip Zadina,Away,,,,,,,,Successful,15.8,,,,,,,,,,,,,,,,"153736,346405",150983.0,153736.0,346405.0,345038.0,345037.0,347294.0,888057604.0,888057605.0,888057597.0,888057619.0,888057616.0,,#29 Sandro Aeschlimann,#38 Lukas Frick,#18 Filip Zadina,#19 Adam Tambellini,#15 Simon Ryfors,#22 Brendan Lemieux,#2 Gavin McCartthy,#25 Abram Wiebe,#30 Adam Gajan,#6 Martins Lavins,#21 Ryan Walsh,,Away,Away,Away,Away,Away,Away,Home,Home,Home,Home,Home,,"26.1,0.4","-8.7,-7.1","-10.2,3.9","-21.2,9.9","-20.7,-9","-23.7,0.1","-21.9,-2.3","-21,4.4","-25.2,-0.7","-16.1,1.1","-14.8,-4.3",,0.25,2.151,2.045,0.701,1.507,1.116,0.705,1.606,0.566,1.676,1.749,,"-0.283,-0.959","-0.405,0.914","-0.27,0.963","-0.036,-0.999","0.342,-0.94","-0.324,-0.946","0.418,-0.909","-0.527,-0.85","0.961,-0.276","-0.523,0.852","0.815,-0.579",,AwayPowerplay,True,False,3.0
3,114,1767185822060,PuckControl,AwayPowerplay,4v5,True,True,HomeTeamZone,"-8.2,-6","-10.1,3.8",,,,,,,,,,,,,,,,,,,,,,,,,AwayControl,AwayTeamZone,AwayTeamZone,,,,,150983.0,153736.0,346405.0,345038.0,345037.0,347294.0,888057604.0,888057605.0,888057597.0,888057619.0,888057616.0,,#29 Sandro Aeschlimann,#38 Lukas Frick,#18 Filip Zadina,#19 Adam Tambellini,#15 Simon Ryfors,#22 Brendan Lemieux,#2 Gavin McCartthy,#25 Abram Wiebe,#30 Adam Gajan,#6 Martins Lavins,#21 Ryan Walsh,,Away,Away,Away,Away,Away,Away,Home,Home,Home,Home,Home,,"26.1,0.4","-8.7,-7","-10.3,3.9","-21.2,9.9","-20.7,-9","-23.7,0","-21.9,-2.3","-21,4.4","-25.1,-0.7","-16.1,1.1","-14.8,-4.3",,,,,,,,,,,,,,,,,,,,,,,,,,AwayPowerplay,True,False,3.0
3,114,1767185822780,PuckControl,AwayPowerplay,4v5,True,True,HomeTeamZone,"-10.1,3.8","-10.8,4.4",346405.0,#18 Filip Zadina,Away,,,,,,,,,,,,,,,,,,,,,,AwayControl,AwayTeamZone,AwayTeamZone,,,,346405,150983.0,153736.0,346405.0,345038.0,345037.0,347294.0,888057604.0,888057605.0,888057597.0,888057619.0,888057616.0,,#29 Sandro Aeschlimann,#38 Lukas Frick,#18 Filip Zadina,#19 Adam Tambellini,#15 Simon Ryfors,#22 Brendan Lemieux,#2 Gavin McCartthy,#25 Abram Wiebe,#30 Adam Gajan,#6 Martins Lavins,#21 Ryan Walsh,,Away,Away,Away,Away,Away,Away,Home,Home,Home,Home,Home,,"26.1,0.5","-9,-5.5","-11.1,5.5","-21.7,9","-20.8,-9.3","-23.8,-0.3","-21.5,-2.8","-21.5,4.1","-25,-0.3","-16.1,3","-14.1,-4.5",,,,,,,,,,,,,,,,,,,,,,,,,,AwayPowerplay,True,False,3.0
3,114,1767185822840,Shot,AwayPowerplay,4v5,True,True,HomeTeamZone,"-10.6,4.3",,346405.0,#18 Filip Zadina,Away,888057597.0,#30 Adam Gajan,Home,,Saved,143.4,"888057619,347294",0.031,,,,,,,,,,,,,,,,,,,,"346405,888057597,888057619,347294",150983.0,153736.0,346405.0,345038.0,345037.0,347294.0,888057604.0,888057605.0,888057597.0,888057619.0,888057616.0,,#29 Sandro Aeschlimann,#38 Lukas Frick,#18 Filip Zadina,#19 Adam Tambellini,#15 Simon Ryfors,#22 Brendan Lemieux,#2 Gavin McCartthy,#25 Abram Wiebe,#30 Adam Gajan,#6 Martins Lavins,#21 Ryan Walsh,,Away,Away,Away,Away,Away,Away,Home,Home,Home,Home,Home,,"26.1,0.5","-9,-5.4","-11.1,5.6","-21.7,8.9","-20.8,-9.3","-23.8,-0.3","-21.4,-2.8","-21.5,4.2","-25,-0.2","-16,3.2","-14.1,-4.5",,0.566,1.896,2.333,2.344,1.131,0.446,0.535,1.209,0.671,3.194,0.812,,"0.262,0.965","-0.16,0.987","-0.286,0.958","-0.698,-0.716","-0.613,0.79","0.559,0.829","0.97,-0.241","-0.487,0.873","-0.29,0.957","0.204,0.979","-0.169,0.986",,AwayPowerplay,True,False,3.0
3,114,1767185822860,PuckControl,AwayPowerplay,4v5,True,True,HomeTeamZone,"-10.8,4.4","-24.5,0",,,,,,,,,,,,,,,,,,,,,,,,,Loose,AwayTeamZone,AwayTeamZone,,,,,150983.0,153736.0,346405.0,345038.0,345037.0,347294.0,888057604.0,888057605.0,888057597.0,888057619.0,888057616.0,,#29 Sandro Aeschlimann,#38 Lukas Frick,#18 Filip Zadina,#19 Adam Tambellini,#15 Simon Ryfors,#22 Brendan Lemieux,#2 Gavin McCartthy,#25 Abram Wiebe,#30 Adam Gajan,#6 Martins Lavins,#21 Ryan Walsh,,Away,Away,Away,Away,Away,Away,Home,Home,Home,Home,Home,,"26.2,0.5","-9,-5.4","-11.1,5.7","-21.8,8.9","-20.9,-9.3","-23.8,-0.3","-21.4,-2.8","-21.5,4.2","-25,-0.2","-16,3.3","-14.1,-4.5",,,,,,,,,,,,,,,,,,,,,,,,,,AwayPowerplay,True,False,3.0
3,117,1767185824980,StoppageOfPlay,,,,,,,,,,,,,,,,,,,,,,,,,,,,,,,,,,,,Freeze,,,,,,,,,,,,,,,,,,,,,,,,,,,,,,,,,,,,,,,,,,,,,,,,,,,,,,,,,,,,,,,,,,,,,,,,,,,AwayPowerplay,True,False,3.0
3,117,1767185850060,Faceoff,AwayPowerplay,4v5,True,True,HomeTeamZone,,,143575.0,#70 Enzo Corvi,Away,143575.0,#70 Enzo Corvi,Away,HomeTeamZoneTop,,,,,,,,,,,,,,,,,,,,,,,,143575,150983.0,143575.0,337830.0,301617.0,347698.0,322236.0,888057606.0,888057597.0,888057602.0,888057599.0,888057614.0,,#29 Sandro Aeschlimann,#70 Enzo Corvi,#44 Matej Stransky,#72 Tino Kessler,#74 Rasmus Asplund,#55 Calle Andersson,#15 Charlie Cerrato,#30 Adam Gajan,#44 Vincent Borgesi,#5 Mac Gadowsky,#14 Matt Dimarsico,,Away,Away,Away,Away,Away,Away,Home,Home,Home,Home,Home,,"26.3,-0.2","-19.5,7.6","-18.4,1.5","-19.5,3.6","-18,11.4","-9,7.9","-20.3,7.7","-25.2,0.7","-21.5,11.2","-21.6,2.9","-20.4,2.1",,,,,,,,,,,,,,,,,,,,,,,,,,AwayPowerplay,True,False,3.0
3,117,1767185850060,PuckControl,AwayPowerplay,4v5,True,True,HomeTeamZone,"-17.9,7.5","-10.6,7.5",,,,,,,,,,,,,,,,,,,,,,,,,Loose,AwayTeamZone,AwayTeamZone,,,,,150983.0,143575.0,337830.0,301617.0,347698.0,322236.0,888057606.0,888057597.0,888057602.0,888057599.0,888057614.0,,#29 Sandro Aeschlimann,#70 Enzo Corvi,#44 Matej Stransky,#72 Tino Kessler,#74 Rasmus Asplund,#55 Calle Andersson,#15 Charlie Cerrato,#30 Adam Gajan,#44 Vincent Borgesi,#5 Mac Gadowsky,#14 Matt Dimarsico,,Away,Away,Away,Away,Away,Away,Home,Home,Home,Home,Home,,"26.2,-0.2","-19.5,7.8","-18.3,1.2","-19.7,3.9","-17.8,11.3","-9.1,7.8","-20.3,7.8","-25.3,0.6","-21.5,11.2","-21.6,3.1","-20.2,2.2",,,,,,,,,,,,,,,,,,,,,,,,,,AwayPowerplay,True,False,3.0
3,117,1767185851020,PuckControl,AwayPowerplay,4v5,True,True,HomeTeamZone,"-10.6,7.5","-13.6,5.9",322236.0,#55 Calle Andersson,Away,,,,,,,,,,,,,,,,,,,,,,AwayControl,AwayTeamZone,AwayTeamZone,,,,322236,150983.0,143575.0,337830.0,301617.0,347698.0,322236.0,888057606.0,888057597.0,888057602.0,888057599.0,888057614.0,,#29 Sandro Aeschlimann,#70 Enzo Corvi,#44 Matej Stransky,#72 Tino Kessler,#74 Rasmus Asplund,#55 Calle Andersson,#15 Charlie Cerrato,#30 Adam Gajan,#44 Vincent Borgesi,#5 Mac Gadowsky,#14 Matt Dimarsico,,Away,Away,Away,Away,Away,Away,Home,Home,Home,Home,Home,,"25.5,-0.1","-19.6,7.9","-17.3,-1.4","-21.1,5.4","-16.1,10.6","-9.5,6.8","-20.2,7.4","-24.9,0.3","-21.1,8.9","-21.4,3.6","-17.8,2.2",,,,,,,,,,,,,,,,,,,,,,,,,,AwayPowerplay,True,False,3.0
3,119,1767185852160,Shot,AwayPowerplay,4v5,True,True,HomeTeamZone,"-13.5,5.9",,322236.0,#55 Calle Andersson,Away,888057597.0,#30 Adam Gajan,Home,,Saved,126.4,,0.029,,,,,,,,,,,,,,,,,,,,"322236,888057597",150983.0,143575.0,337830.0,301617.0,347698.0,322236.0,888057606.0,888057597.0,888057602.0,888057599.0,888057614.0,,#29 Sandro Aeschlimann,#70 Enzo Corvi,#44 Matej Stransky,#72 Tino Kessler,#74 Rasmus Asplund,#55 Calle Andersson,#15 Charlie Cerrato,#30 Adam Gajan,#44 Vincent Borgesi,#5 Mac Gadowsky,#14 Matt Dimarsico,,Away,Away,Away,Away,Away,Away,Home,Home,Home,Home,Home,,"26.1,0.2","-20.7,6.7","-17.2,-5.1","-21.4,4.1","-16.3,11.2","-13.5,5.2","-20.7,5.6","-24.7,0","-21.9,3.9","-21.4,3.3","-16.6,1.6",,0.778,1.915,3.682,0.994,2.166,4.208,1.806,0.104,4.455,0.827,2.309,,"0.81,0.587","-0.752,-0.659","-0.369,-0.929","-0.201,-0.98","-0.998,0.07","-1,0.013","0.347,-0.938","-0.764,0.645","0.035,-0.999","0.884,-0.467","0.442,0.897",,AwayPowerplay,True,False,3.0
3,119,1767185852180,PuckControl,AwayPowerplay,4v5,True,True,HomeTeamZone,"-13.6,5.9","-23.5,-0.1",,,,,,,,,,,,,,,,,,,,,,,,,Loose,AwayTeamZone,AwayTeamZone,,,,,150983.0,143575.0,337830.0,301617.0,347698.0,322236.0,888057606.0,888057597.0,888057602.0,888057599.0,888057614.0,,#29 Sandro Aeschlimann,#70 Enzo Corvi,#44 Matej Stransky,#72 Tino Kessler,#74 Rasmus Asplund,#55 Calle Andersson,#15 Charlie Cerrato,#30 Adam Gajan,#44 Vincent Borgesi,#5 Mac Gadowsky,#14 Matt Dimarsico,,Away,Away,Away,Away,Away,Away,Home,Home,Home,Home,Home,,"26.1,0.2","-20.7,6.7","-17.3,-5.2","-21.4,4","-16.4,11.2","-13.6,5.2","-20.7,5.6","-24.7,0","-21.9,3.8","-21.4,3.3","-16.6,1.6",,,,,,,,,,,,,,,,,,,,,,,,,,AwayPowerplay,True,False,3.0
3,119,1767185852720,PuckControl,AwayPowerplay,4v5,True,True,HomeTeamZone,"-23.5,-0.1","-22.6,-0.6",888057597.0,#30 Adam Gajan,Home,,,,,,,,,,,,,,,,,,,,,,HomeControl,AwayTeamZone,AwayTeamZone,,,,888057597,150983.0,143575.0,337830.0,301617.0,347698.0,322236.0,888057606.0,888057597.0,888057602.0,888057599.0,888057614.0,,#29 Sandro Aeschlimann,#70 Enzo Corvi,#44 Matej Stransky,#72 Tino Kessler,#74 Rasmus Asplund,#55 Calle Andersson,#15 Charlie Cerrato,#30 Adam Gajan,#44 Vincent Borgesi,#5 Mac Gadowsky,#14 Matt Dimarsico,,Away,Away,Away,Away,Away,Away,Home,Home,Home,Home,Home,,"26.4,0.4","-21.7,6.4","-18.3,-6.9","-21.4,3.7","-17.8,11.1","-15.4,5.6","-20.3,4.5","-24.8,-0.1","-21.5,1.4","-21,3","-16.3,2.9",,,,,,,,,,,,,,,,,,,,,,,,,,AwayPowerplay,True,False,3.0
3,119,1767185852940,PuckControl,AwayPowerplay,4v5,True,True,HomeTeamZone,"-22.6,-0.6","-21,-1.2",,,,,,,,,,,,,,,,,,,,,,,,,Loose,AwayTeamZone,AwayTeamZone,,,,,150983.0,143575.0,337830.0,301617.0,347698.0,322236.0,888057606.0,888057597.0,888057602.0,888057599.0,888057614.0,,#29 Sandro Aeschlimann,#70 Enzo Corvi,#44 Matej Stransky,#72 Tino Kessler,#74 Rasmus Asplund,#55 Calle Andersson,#15 Charlie Cerrato,#30 Adam Gajan,#44 Vincent Borgesi,#5 Mac Gadowsky,#14 Matt Dimarsico,,Away,Away,Away,Away,Away,Away,Home,Home,Home,Home,Home,,"26.4,0.4","-22.1,6.5","-18.6,-7.5","-21.5,3.6","-18.4,11","-15.9,6.1","-20.1,4","-24.8,-0.1","-21.3,0.4","-20.9,2.8","-16.4,3.1",,,,,,,,,,,,,,,,,,,,,,,,,,AwayPowerplay,True,False,3.0
3,120,1767185853140,PuckControl,AwayPowerplay,4v5,True,True,HomeTeamZone,"-21,-1.2","-18.1,-2.2",888057602.0,#44 Vincent Borgesi,Home,,,,,,,,,,,,,,,,,,,,,,HomeControl,AwayTeamZone,AwayTeamZone,,,,888057602,150983.0,143575.0,337830.0,301617.0,347698.0,322236.0,888057606.0,888057597.0,888057602.0,888057599.0,888057614.0,,#29 Sandro Aeschlimann,#70 Enzo Corvi,#44 Matej Stransky,#72 Tino Kessler,#74 Rasmus Asplund,#55 Calle Andersson,#15 Charlie Cerrato,#30 Adam Gajan,#44 Vincent Borgesi,#5 Mac Gadowsky,#14 Matt Dimarsico,,Away,Away,Away,Away,Away,Away,Home,Home,Home,Home,Home,,"26.3,0.4","-22.5,6.7","-18.7,-8.1","-21.5,3.5","-18.9,10.7","-16,6.8","-19.8,3.5","-24.8,-0.2","-21.2,-0.5","-20.9,2.5","-16.6,3.1",,,,,,,,,,,,,,,,,,,,,,,,,,AwayPowerplay,True,False,3.0
3,120,1767185853600,PuckControl,AwayPowerplay,4v5,True,True,HomeTeamZone,"-18.1,-2.2","-9.1,-5.1",,,,,,,,,,,,,,,,,,,,,,,,,Loose,AwayTeamZone,AwayTeamZone,,,,,150983.0,143575.0,337830.0,301617.0,347698.0,322236.0,888057606.0,888057597.0,888057602.0,888057599.0,888057614.0,,#29 Sandro Aeschlimann,#70 Enzo Corvi,#44 Matej Stransky,#72 Tino Kessler,#74 Rasmus Asplund,#55 Calle Andersson,#15 Charlie Cerrato,#30 Adam Gajan,#44 Vincent Borgesi,#5 Mac Gadowsky,#14 Matt Dimarsico,,Away,Away,Away,Away,Away,Away,Home,Home,Home,Home,Home,,"25.9,0.2","-23.1,6.9","-18.1,-9.1","-21.6,2.9","-19.3,10","-15.4,8.4","-19.1,1.9","-25,-0.3","-20.6,-2.3","-21.1,1.8","-16.5,2.2",,,,,,,,,,,,,,,,,,,,,,,,,,AwayPowerplay,True,False,3.0
3,122,1767185855180,PuckControl,AwayPowerplay,4v5,True,True,HomeTeamZone,"-9.1,-5.1","-5.6,-4.6",888057614.0,#14 Matt Dimarsico,Home,,,,,,,,,,,,,,,,,,,,,,HomeControl,AwayTeamZone,NeutralZone,,,,888057614,150983.0,143575.0,337830.0,301617.0,347698.0,322236.0,888057606.0,888057597.0,888057602.0,888057599.0,888057614.0,,#29 Sandro Aeschlimann,#70 Enzo Corvi,#44 Matej Stransky,#72 Tino Kessler,#74 Rasmus Asplund,#55 Calle Andersson,#15 Charlie Cerrato,#30 Adam Gajan,#44 Vincent Borgesi,#5 Mac Gadowsky,#14 Matt Dimarsico,,Away,Away,Away,Away,Away,Away,Home,Home,Home,Home,Home,,"24.5,0.4","-20,5.7","-10.1,-7.7","-20.9,-1.4","-13.2,8.8","-7.2,6.8","-11.5,-1","-25.7,-0.5","-16.8,-4.5","-17.2,0.1","-10,-3",,,,,,,,,,,,,,,,,,,,,,,,,,AwayPowerplay,True,False,3.0
3,122,1767185855380,BluelineCrossing,AwayPowerplay,4v5,True,True,NeutralZone,"-7.1,-5",,888057614.0,#14 Matt Dimarsico,Home,,,,,,,,,,,,,PossessionMaintained,TowardsOpponent,,,,,,,,,,,,,,888057614,150983.0,143575.0,337830.0,301617.0,347698.0,322236.0,888057606.0,888057597.0,888057602.0,888057599.0,888057614.0,,#29 Sandro Aeschlimann,#70 Enzo Corvi,#44 Matej Stransky,#72 Tino Kessler,#74 Rasmus Asplund,#55 Calle Andersson,#15 Charlie Cerrato,#30 Adam Gajan,#44 Vincent Borgesi,#5 Mac Gadowsky,#14 Matt Dimarsico,,Away,Away,Away,Away,Away,Away,Home,Home,Home,Home,Home,,"24.5,0.4","-19.2,5.8","-8.7,-7.2","-20.3,-1.9","-12,8.7","-5.9,6.2","-10,-0.6","-25.8,-0.4","-16.2,-4.6","-16.3,0.3","-8.7,-3.4",,0.206,3.9,7.668,3.97,6.513,6.832,7.726,0.518,3.43,4.999,7.12,,"0.391,-0.921","0.99,0.14","0.925,0.381","0.751,-0.66","0.997,-0.076","0.909,-0.417","0.956,0.294","-0.813,0.582","0.994,-0.11","0.984,0.178","0.973,-0.231",,AwayPowerplay,True,False,3.0
3,122,1767185855560,Pass,AwayPowerplay,4v5,True,True,NeutralZone,"-5.7,-4.7","-0.8,3",888057614.0,#14 Matt Dimarsico,Home,888057606.0,#15 Charlie Cerrato,Home,,,,,,,,Successful,8.5,,,,,,,,,,,,,,,,"888057614,888057606",150983.0,143575.0,337830.0,301617.0,347698.0,322236.0,888057606.0,888057597.0,888057602.0,888057599.0,888057614.0,,#29 Sandro Aeschlimann,#70 Enzo Corvi,#44 Matej Stransky,#72 Tino Kessler,#74 Rasmus Asplund,#55 Calle Andersson,#15 Charlie Cerrato,#30 Adam Gajan,#44 Vincent Borgesi,#5 Mac Gadowsky,#14 Matt Dimarsico,,Away,Away,Away,Away,Away,Away,Home,Home,Home,Home,Home,,"24.5,0.4","-18.5,5.9","-7.4,-6.6","-19.7,-2.3","-10.8,8.6","-4.8,5.7","-8.7,-0.2","-25.9,-0.4","-15.6,-4.6","-15.4,0.5","-7.4,-3.7",,0.721,4.317,7.882,4.036,6.575,6.932,7.832,0.513,3.363,5.269,7.503,,"0.847,-0.532","0.987,0.164","0.88,0.474","0.842,-0.54","0.997,-0.081","0.912,-0.41","0.97,0.244","-0.72,0.694","0.997,-0.077","0.958,0.287","0.983,-0.184",,AwayPowerplay,True,False,3.0
3,122,1767185855580,PuckControl,AwayPowerplay,4v5,True,True,NeutralZone,"-5.6,-4.6","-0.8,3",,,,,,,,,,,,,,,,,,,,,,,,,HomeControl,NeutralZone,NeutralZone,,,,,150983.0,143575.0,337830.0,301617.0,347698.0,322236.0,888057606.0,888057597.0,888057602.0,888057599.0,888057614.0,,#29 Sandro Aeschlimann,#70 Enzo Corvi,#44 Matej Stransky,#72 Tino Kessler,#74 Rasmus Asplund,#55 Calle Andersson,#15 Charlie Cerrato,#30 Adam Gajan,#44 Vincent Borgesi,#5 Mac Gadowsky,#14 Matt Dimarsico,,Away,Away,Away,Away,Away,Away,Home,Home,Home,Home,Home,,"24.5,0.4","-18.4,5.9","-7.3,-6.5","-19.7,-2.4","-10.7,8.6","-4.7,5.7","-8.5,-0.2","-25.9,-0.4","-15.5,-4.6","-15.3,0.5","-7.3,-3.7",,,,,,,,,,,,,,,,,,,,,,,,,,AwayPowerplay,True,False,3.0
3,123,1767185856560,PuckControl,AwayPowerplay,4v5,True,True,NeutralZone,"-0.8,3","3.2,7.8",888057606.0,#15 Charlie Cerrato,Home,,,,,,,,,,,,,,,,,,,,,,HomeControl,NeutralZone,NeutralZone,,,,888057606,150983.0,143575.0,337830.0,301617.0,347698.0,322236.0,888057606.0,888057597.0,888057602.0,888057599.0,888057614.0,,#29 Sandro Aeschlimann,#70 Enzo Corvi,#44 Matej Stransky,#72 Tino Kessler,#74 Rasmus Asplund,#55 Calle Andersson,#15 Charlie Cerrato,#30 Adam Gajan,#44 Vincent Borgesi,#5 Mac Gadowsky,#14 Matt Dimarsico,,Away,Away,Away,Away,Away,Away,Home,Home,Home,Home,Home,,"25.3,0.5","-14,7.5","-1.5,-1.2","-15.6,-2.8","-3.7,8","1.8,2.8","-1.3,1.9","-26.1,-0.1","-12.1,-5.1","-10.8,2.7","0.3,-4.7",,,,,,,,,,,,,,,,,,,,,,,,,,AwayPowerplay,True,False,3.0
3,124,1767185857400,PuckControl,AwayPowerplay,4v5,True,True,NeutralZone,"3.2,7.8","7.2,13.2",,,,,,,,,,,,,,,,,,,,,,,,,Contested,NeutralZone,NeutralZone,"888057606,347698",,,,150983.0,143575.0,337830.0,301617.0,347698.0,322236.0,888057606.0,888057597.0,888057602.0,888057599.0,888057614.0,,#29 Sandro Aeschlimann,#70 Enzo Corvi,#44 Matej Stransky,#72 Tino Kessler,#74 Rasmus Asplund,#55 Calle Andersson,#15 Charlie Cerrato,#30 Adam Gajan,#44 Vincent Borgesi,#5 Mac Gadowsky,#14 Matt Dimarsico,,Away,Away,Away,Away,Away,Away,Home,Home,Home,Home,Home,,"24.7,0.9","-10.6,9.8","2.4,3.1","-11.5,-1.3","2.7,8.6","7.8,2.8","3.8,6","-26.1,-0.2","-8.8,-5","-7.9,5.8","6.4,-2.8",,,,,,,,,,,,,,,,,,,,,,,,,,AwayPowerplay,True,False,3.0
3,125,1767185858460,PuckControl,AwayPowerplay,4v5,True,True,AwayTeamZone,"7.2,13.2","12.1,14.1",347698.0,#74 Rasmus Asplund,Away,,,,,,,,,,,,,,,,,,,,,,AwayControl,HomeTeamZone,HomeTeamZone,,,,347698,150983.0,143575.0,337830.0,301617.0,347698.0,322236.0,888057606.0,888057597.0,888057602.0,888057599.0,888057614.0,,#29 Sandro Aeschlimann,#70 Enzo Corvi,#44 Matej Stransky,#72 Tino Kessler,#74 Rasmus Asplund,#55 Calle Andersson,#15 Charlie Cerrato,#30 Adam Gajan,#44 Vincent Borgesi,#5 Mac Gadowsky,#14 Matt Dimarsico,,Away,Away,Away,Away,Away,Away,Home,Home,Home,Home,Home,,"24.7,1.4","-6.3,12.6","4.4,8.4","-6.4,1.1","6.9,12.6","14,6.4","5.9,11.4","-26.2,-0.2","-5.5,-3.7","-6.3,10.8","8.6,5.4",,,,,,,,,,,,,,,,,,,,,,,,,,AwayPowerplay,True,False,3.0
3,125,1767185858460,BluelineCrossing,AwayPowerplay,4v5,True,True,AwayTeamZone,"7.2,13.2",,347698.0,#74 Rasmus Asplund,Away,,,,,,,,,,,,,,TowardsHome,,,,,,,,,,,,,,347698,150983.0,143575.0,337830.0,301617.0,347698.0,322236.0,888057606.0,888057597.0,888057602.0,888057599.0,888057614.0,,#29 Sandro Aeschlimann,#70 Enzo Corvi,#44 Matej Stransky,#72 Tino Kessler,#74 Rasmus Asplund,#55 Calle Andersson,#15 Charlie Cerrato,#30 Adam Gajan,#44 Vincent Borgesi,#5 Mac Gadowsky,#14 Matt Dimarsico,,Away,Away,Away,Away,Away,Away,Home,Home,Home,Home,Home,,"24.7,1.4","-6.3,12.6","4.4,8.4","-6.4,1.1","6.9,12.6","14,6.4","5.9,11.4","-26.2,-0.2","-5.5,-3.7","-6.3,10.8","8.6,5.4",,0.112,4.31,5.558,5.788,5.693,7.058,4.569,0.148,2.761,3.458,8.589,,"0.465,0.885","0.935,0.356","0.06,0.998","0.814,0.581","0.725,0.689","0.785,0.619","0.034,0.999","-0.007,1","0.633,0.774","0.083,0.997","0.053,0.999",,AwayPowerplay,True,False,3.0
3,126,1767185859320,Pass,AwayPowerplay,4v5,True,True,AwayTeamZone,"12,14","23.4,9.9",347698.0,#74 Rasmus Asplund,Away,322236.0,#55 Calle Andersson,Away,,,,,,,,Successful,19.0,,,,,,,,,,,,,,,,"347698,322236",150983.0,143575.0,337830.0,301617.0,347698.0,322236.0,888057606.0,888057597.0,888057602.0,888057599.0,888057614.0,,#29 Sandro Aeschlimann,#70 Enzo Corvi,#44 Matej Stransky,#72 Tino Kessler,#74 Rasmus Asplund,#55 Calle Andersson,#15 Charlie Cerrato,#30 Adam Gajan,#44 Vincent Borgesi,#5 Mac Gadowsky,#14 Matt Dimarsico,,Away,Away,Away,Away,Away,Away,Home,Home,Home,Home,Home,,"25.1,0.9","-2.5,13.2","6.9,11.8","-2.2,3.5","11.1,14.3","18.6,9.5","5.1,14.4","-26.4,-0.1","-3.6,-1.2","-5.7,12.9","10.9,10.6",,1.323,4.802,5.286,5.361,5.227,6.024,3.585,0.361,4.697,2.275,6.186,,"0.751,-0.661","1,-0.005","0.932,0.361","0.953,0.303","0.985,0.171","0.94,0.342","-0.707,0.708","-0.177,-0.984","0.653,0.757","0.485,0.875","0.789,0.614",,AwayPowerplay,True,False,3.0
3,126,1767185859340,PuckControl,AwayPowerplay,4v5,True,True,AwayTeamZone,"12.1,14.1","23.4,9.9",,,,,,,,,,,,,,,,,,,,,,,,,AwayControl,HomeTeamZone,HomeTeamZone,,,,,150983.0,143575.0,337830.0,301617.0,347698.0,322236.0,888057606.0,888057597.0,888057602.0,888057599.0,888057614.0,,#29 Sandro Aeschlimann,#70 Enzo Corvi,#44 Matej Stransky,#72 Tino Kessler,#74 Rasmus Asplund,#55 Calle Andersson,#15 Charlie Cerrato,#30 Adam Gajan,#44 Vincent Borgesi,#5 Mac Gadowsky,#14 Matt Dimarsico,,Away,Away,Away,Away,Away,Away,Home,Home,Home,Home,Home,,"25.1,0.9","-2.4,13.2","7,11.9","-2.1,3.5","11.3,14.4","18.7,9.5","5.1,14.4","-26.4,-0.1","-3.5,-1.1","-5.7,12.9","11,10.7",,,,,,,,,,,,,,,,,,,,,,,,,,AwayPowerplay,True,False,3.0
3,127,1767185860140,PuckControl,AwayPowerplay,4v5,True,True,AwayTeamZone,"23.4,9.9","8.4,4.6",322236.0,#55 Calle Andersson,Away,,,,,,,,,,,,,,,,,,,,,,AwayControl,HomeTeamZone,HomeTeamZone,,,,322236,150983.0,143575.0,337830.0,301617.0,347698.0,322236.0,888057606.0,888057597.0,888057602.0,888057599.0,888057614.0,,#29 Sandro Aeschlimann,#70 Enzo Corvi,#44 Matej Stransky,#72 Tino Kessler,#74 Rasmus Asplund,#55 Calle Andersson,#15 Charlie Cerrato,#30 Adam Gajan,#44 Vincent Borgesi,#5 Mac Gadowsky,#14 Matt Dimarsico,,Away,Away,Away,Away,Away,Away,Home,Home,Home,Home,Home,,"26.1,0.6","1.3,13.4","11.5,12.3","2.1,3","15.4,14.7","23.4,9.6","2.1,14.9","-26.4,-0.2","-0.3,0","-4.4,13.8","15.8,11.6",,,,,,,,,,,,,,,,,,,,,,,,,,AwayPowerplay,True,False,3.0
3,132,1767185865840,Pass,AwayPowerplay,4v5,True,True,AwayTeamZone,"8.4,4.6","11.7,6",322236.0,#55 Calle Andersson,Away,143575.0,#70 Enzo Corvi,Away,,,,,,,,Successful,3.0,,,,,,,,,,,,,,,,"322236,143575",150983.0,143575.0,301617.0,347698.0,322236.0,888057606.0,888057597.0,888057602.0,888057599.0,888057614.0,337830.0,,#29 Sandro Aeschlimann,#70 Enzo Corvi,#72 Tino Kessler,#74 Rasmus Asplund,#55 Calle Andersson,#15 Charlie Cerrato,#30 Adam Gajan,#44 Vincent Borgesi,#5 Mac Gadowsky,#14 Matt Dimarsico,#44 Matej Stransky,,Away,Away,Away,Away,Away,Home,Home,Home,Home,Home,Away,,"26.6,-0.2","22.5,3.3","-3.9,-13.8","22.5,-8","7.9,3.2","-3.6,3.1","-26.2,-0.7","-2.7,-6.3","-2.7,10.7","5.4,1.5","-0.7,14.9",,0.465,7.51,0.922,6.906,6.953,4.268,0.222,1.787,3.052,7.494,2.638,,"-0.859,0.512","-0.876,-0.482","0.417,-0.909","-0.948,-0.32","-0.936,0.352","-0.406,0.914","-0.972,0.235","0.298,0.955","-0.691,0.723","-0.43,0.903","-0.978,0.208",,AwayPowerplay,True,False,3.0
3,132,1767185865860,PuckControl,AwayPowerplay,4v5,True,True,AwayTeamZone,"8.4,4.6","11.7,6",,,,,,,,,,,,,,,,,,,,,,,,,AwayControl,HomeTeamZone,HomeTeamZone,,,,,150983.0,143575.0,301617.0,347698.0,322236.0,888057606.0,888057597.0,888057602.0,888057599.0,888057614.0,337830.0,,#29 Sandro Aeschlimann,#70 Enzo Corvi,#72 Tino Kessler,#74 Rasmus Asplund,#55 Calle Andersson,#15 Charlie Cerrato,#30 Adam Gajan,#44 Vincent Borgesi,#5 Mac Gadowsky,#14 Matt Dimarsico,#44 Matej Stransky,,Away,Away,Away,Away,Away,Home,Home,Home,Home,Home,Away,,"26.6,-0.2","22.4,3.2","-3.9,-13.9","22.3,-8.1","7.8,3.3","-3.6,3.2","-26.2,-0.7","-2.7,-6.3","-2.7,10.8","5.3,1.7","-0.7,14.9",,,,,,,,,,,,,,,,,,,,,,,,,,AwayPowerplay,True,False,3.0
3,134,1767185867140,PuckControl,AwayPowerplay,4v5,True,True,AwayTeamZone,"11.7,6","-0.2,2.9",143575.0,#70 Enzo Corvi,Away,,,,,,,,,,,,,,,,,,,,,,AwayControl,HomeTeamZone,NeutralZone,,,,143575,150983.0,143575.0,301617.0,347698.0,322236.0,888057606.0,888057597.0,888057602.0,888057599.0,888057614.0,337830.0,,#29 Sandro Aeschlimann,#70 Enzo Corvi,#72 Tino Kessler,#74 Rasmus Asplund,#55 Calle Andersson,#15 Charlie Cerrato,#30 Adam Gajan,#44 Vincent Borgesi,#5 Mac Gadowsky,#14 Matt Dimarsico,#44 Matej Stransky,,Away,Away,Away,Away,Away,Home,Home,Home,Home,Home,Away,,"26.5,0.3","12.6,4.3","-3,-14.6","13.2,-7.6","0.8,4.5","-5.3,6.4","-26.3,-0.6","-1.4,-3.6","-5.1,12.2","-0.2,5.5","-3.4,14.9",,,,,,,,,,,,,,,,,,,,,,,,,,AwayPowerplay,True,False,3.0
3,134,1767185867680,BluelineCrossing,AwayPowerplay,4v5,True,True,AwayTeamZone,"7.2,5.9",,143575.0,#70 Enzo Corvi,Away,,,,,,,,,,,,,PossessionMaintained,TowardsOpponent,,,,,,,,,,,,,,143575,150983.0,143575.0,301617.0,347698.0,322236.0,888057606.0,888057597.0,888057602.0,888057599.0,888057614.0,337830.0,,#29 Sandro Aeschlimann,#70 Enzo Corvi,#72 Tino Kessler,#74 Rasmus Asplund,#55 Calle Andersson,#15 Charlie Cerrato,#30 Adam Gajan,#44 Vincent Borgesi,#5 Mac Gadowsky,#14 Matt Dimarsico,#44 Matej Stransky,,Away,Away,Away,Away,Away,Home,Home,Home,Home,Home,Away,,"26.3,0.1","8.4,5.4","-3.1,-14.7","9.1,-7.6","-0.8,3","-6.5,6.2","-26.1,-0.3","-1.9,-2.2","-6.1,11.9","-2.3,3.9","-3.7,14.9",,0.586,7.909,1.002,8.056,4.352,2.956,0.617,2.815,2.121,4.607,0.696,,"-0.667,-0.745","-0.996,0.086","-0.962,-0.273","-0.999,-0.054","-0.626,-0.78","-0.821,-0.571","0.526,0.851","-0.861,0.509","-0.717,-0.697","-0.793,-0.609","-0.883,-0.47",,AwayPowerplay,True,False,3.0
3,135,1767185868620,Pass,AwayPowerplay,4v5,True,True,NeutralZone,"0,3.1","-7.5,-9.5",143575.0,#70 Enzo Corvi,Away,347698.0,#74 Rasmus Asplund,Away,,,,,,,,Successful,18.4,,,,,,,,,,,,,,,,"143575,347698",150983.0,143575.0,337830.0,301617.0,347698.0,322236.0,888057606.0,888057597.0,888057602.0,888057599.0,888057614.0,,#29 Sandro Aeschlimann,#70 Enzo Corvi,#44 Matej Stransky,#72 Tino Kessler,#74 Rasmus Asplund,#55 Calle Andersson,#15 Charlie Cerrato,#30 Adam Gajan,#44 Vincent Borgesi,#5 Mac Gadowsky,#14 Matt Dimarsico,,Away,Away,Away,Away,Away,Away,Home,Home,Home,Home,Home,,"25.7,0.2","1.3,4.2","-5.3,14.7","-4.4,-14.7","0.9,-8.1","-4.3,0.7","-8.6,3.5","-25.4,-0.1","-5.2,-3.2","-7.8,9.5","-5.6,1.9",,1.315,8.406,2.764,1.818,9.186,4.114,3.555,0.726,4.998,4.071,4.503,,"-0.816,0.578","-0.949,-0.316","-0.945,-0.327","-0.977,0.212","-1,-0.008","-0.966,-0.259","-0.651,-0.759","1,-0.013","-0.853,-0.522","-0.586,-0.81","-0.907,-0.421",,AwayPowerplay,True,False,3.0
3,135,1767185868640,PuckControl,AwayPowerplay,4v5,True,True,NeutralZone,"-0.2,2.9","-7.5,-9.5",,,,,,,,,,,,,,,,,,,,,,,,,AwayControl,NeutralZone,AwayTeamZone,,,,,150983.0,143575.0,337830.0,301617.0,347698.0,322236.0,888057606.0,888057597.0,888057602.0,888057599.0,888057614.0,,#29 Sandro Aeschlimann,#70 Enzo Corvi,#44 Matej Stransky,#72 Tino Kessler,#74 Rasmus Asplund,#55 Calle Andersson,#15 Charlie Cerrato,#30 Adam Gajan,#44 Vincent Borgesi,#5 Mac Gadowsky,#14 Matt Dimarsico,,Away,Away,Away,Away,Away,Away,Home,Home,Home,Home,Home,,"25.7,0.2","1.2,4.2","-5.3,14.7","-4.4,-14.7","0.7,-8.1","-4.4,0.7","-8.6,3.5","-25.4,-0.1","-5.3,-3.3","-7.8,9.4","-5.7,1.9",,,,,,,,,,,,,,,,,,,,,,,,,,AwayPowerplay,True,False,3.0
3,136,1767185869520,BluelineCrossing,AwayPowerplay,4v5,True,True,NeutralZone,"-7.1,-9.3",,347698.0,#74 Rasmus Asplund,Away,,,,,,,,,,,,,PossessionMaintained,TowardsOpponent,"143575,337830,301617,347698,322236","888057606,888057602,888057599,888057614",,,,,,,,,,,,"347698,143575,337830,301617,322236,888057606,888057602,888057599,888057614",150983.0,143575.0,337830.0,301617.0,347698.0,322236.0,888057606.0,888057597.0,888057602.0,888057599.0,888057614.0,,#29 Sandro Aeschlimann,#70 Enzo Corvi,#44 Matej Stransky,#72 Tino Kessler,#74 Rasmus Asplund,#55 Calle Andersson,#15 Charlie Cerrato,#30 Adam Gajan,#44 Vincent Borgesi,#5 Mac Gadowsky,#14 Matt Dimarsico,,Away,Away,Away,Away,Away,Away,Home,Home,Home,Home,Home,,"24.7,0.3","-6.4,2.7","-7.5,13.8","-6.8,-14.2","-6.9,-9.4","-6.5,0.1","-11.3,2.3","-25.1,-0.3","-9.7,-5.3","-10.8,6.9","-9.2,-1",,0.921,8.654,2.638,3.835,8.743,1.461,3.947,0.286,5.772,4.761,6.112,,"-0.949,-0.314","-1,-0.024","-0.875,-0.485","-0.998,0.059","-0.937,-0.35","-0.915,-0.404","-0.948,-0.318","0.299,-0.954","-0.952,-0.305","-0.887,-0.462","-0.524,-0.852",,AwayPowerplay,True,False,3.0
3,136,1767185869560,PuckControl,AwayPowerplay,4v5,True,True,HomeTeamZone,"-7.5,-9.5","-21.8,-14.9",347698.0,#74 Rasmus Asplund,Away,,,,,,,,,,,,,,,,,,,,,,AwayControl,AwayTeamZone,AwayTeamZone,,,,347698,150983.0,143575.0,337830.0,301617.0,347698.0,322236.0,888057606.0,888057597.0,888057602.0,888057599.0,888057614.0,,#29 Sandro Aeschlimann,#70 Enzo Corvi,#44 Matej Stransky,#72 Tino Kessler,#74 Rasmus Asplund,#55 Calle Andersson,#15 Charlie Cerrato,#30 Adam Gajan,#44 Vincent Borgesi,#5 Mac Gadowsky,#14 Matt Dimarsico,,Away,Away,Away,Away,Away,Away,Home,Home,Home,Home,Home,,"24.7,0.3","-6.7,2.7","-7.6,13.8","-6.9,-14.2","-7.3,-9.5","-6.5,0.1","-11.4,2.2","-25.1,-0.3","-10,-5.4","-11,6.8","-9.3,-1.2",,,,,,,,,,,,,,,,,,,,,,,,,,AwayPowerplay,True,False,3.0
3,140,1767185873700,Pass,AwayPowerplay,4v5,True,True,HomeTeamZone,"-21.7,-14.9","-29,-10",347698.0,#74 Rasmus Asplund,Away,143575.0,#70 Enzo Corvi,Away,,,,,,,,Successful,13.6,,,,,,,,,,,,,,,,"347698,143575",150983.0,143575.0,337830.0,301617.0,347698.0,322236.0,888057606.0,888057597.0,888057602.0,888057599.0,888057614.0,,#29 Sandro Aeschlimann,#70 Enzo Corvi,#44 Matej Stransky,#72 Tino Kessler,#74 Rasmus Asplund,#55 Calle Andersson,#15 Charlie Cerrato,#30 Adam Gajan,#44 Vincent Borgesi,#5 Mac Gadowsky,#14 Matt Dimarsico,,Away,Away,Away,Away,Away,Away,Home,Home,Home,Home,Home,,"24.5,0.1","-28.3,-6.4","-18.4,6.1","-13.1,-14.2","-21.9,-14.3","-8,-0.3","-18.4,-4.4","-26.4,-0.7","-22.4,-13","-22.1,1.9","-16.4,-11.5",,0.261,4.625,4.467,2.415,2.36,2.872,4.629,0.501,3.163,0.836,3.372,,"-0.752,-0.659","0.199,-0.98","-0.445,-0.895","0.995,0.099","0.942,-0.334","-0.092,-0.996","0.709,0.706","0.88,0.475","0.929,-0.37","0.703,-0.711","0.631,0.775",,AwayPowerplay,True,False,3.0
3,140,1767185873720,PuckControl,AwayPowerplay,4v5,True,True,HomeTeamZone,"-21.8,-14.9","-29,-10",,,,,,,,,,,,,,,,,,,,,,,,,AwayControl,AwayTeamZone,AwayTeamZone,,,,,150983.0,143575.0,337830.0,301617.0,347698.0,322236.0,888057606.0,888057597.0,888057602.0,888057599.0,888057614.0,,#29 Sandro Aeschlimann,#70 Enzo Corvi,#44 Matej Stransky,#72 Tino Kessler,#74 Rasmus Asplund,#55 Calle Andersson,#15 Charlie Cerrato,#30 Adam Gajan,#44 Vincent Borgesi,#5 Mac Gadowsky,#14 Matt Dimarsico,,Away,Away,Away,Away,Away,Away,Home,Home,Home,Home,Home,,"24.5,0.1","-28.3,-6.5","-18.4,6","-13.1,-14.2","-21.9,-14.3","-8,-0.4","-18.4,-4.3","-26.4,-0.7","-22.3,-13.1","-22.1,1.9","-16.4,-11.5",,,,,,,,,,,,,,,,,,,,,,,,,,AwayPowerplay,True,False,3.0
3,141,1767185874480,PuckControl,AwayPowerplay,4v5,True,True,HomeTeamZone,"-29,-10","-29.8,-9",143575.0,#70 Enzo Corvi,Away,,,,,,,,,,,,,,,,,,,,,,AwayControl,AwayTeamZone,AwayTeamZone,,,,143575,150983.0,143575.0,337830.0,301617.0,347698.0,322236.0,888057606.0,888057597.0,888057602.0,888057599.0,888057614.0,,#29 Sandro Aeschlimann,#70 Enzo Corvi,#44 Matej Stransky,#72 Tino Kessler,#74 Rasmus Asplund,#55 Calle Andersson,#15 Charlie Cerrato,#30 Adam Gajan,#44 Vincent Borgesi,#5 Mac Gadowsky,#14 Matt Dimarsico,,Away,Away,Away,Away,Away,Away,Home,Home,Home,Home,Home,,"24.3,0","-28,-9.8","-20.7,3.7","-11.6,-13.9","-20.5,-14.6","-8.8,-1.7","-16.4,-1.5","-25.9,-0.7","-20.6,-12.8","-22.1,1.3","-15.5,-8.8",,,,,,,,,,,,,,,,,,,,,,,,,,AwayPowerplay,True,False,3.0
3,141,1767185874780,PuckControl,AwayPowerplay,4v5,True,True,HomeTeamZone,"-29.8,-9","-29.9,-6.6",,,,,,,,,,,,,,,,,,,,,,,,,Loose,AwayTeamZone,AwayTeamZone,,,,,150983.0,143575.0,337830.0,301617.0,347698.0,322236.0,888057606.0,888057597.0,888057602.0,888057599.0,888057614.0,,#29 Sandro Aeschlimann,#70 Enzo Corvi,#44 Matej Stransky,#72 Tino Kessler,#74 Rasmus Asplund,#55 Calle Andersson,#15 Charlie Cerrato,#30 Adam Gajan,#44 Vincent Borgesi,#5 Mac Gadowsky,#14 Matt Dimarsico,,Away,Away,Away,Away,Away,Away,Home,Home,Home,Home,Home,,"24.2,0","-28.1,-10.6","-22,3.2","-11.2,-13.8","-19.9,-14.4","-9.2,-1.5","-16.3,-0.4","-25.9,-0.7","-20.6,-12.4","-22.4,1","-15.6,-7.8",,,,,,,,,,,,,,,,,,,,,,,,,,AwayPowerplay,True,False,3.0
3,142,1767185876000,PuckControl,AwayPowerplay,4v5,True,True,HomeTeamZone,"-29.9,-6.6","-29.9,-6.5",143575.0,#70 Enzo Corvi,Away,,,,,,,,,,,,,,,,,,,,,,AwayControl,AwayTeamZone,AwayTeamZone,,,,143575,150983.0,143575.0,337830.0,301617.0,347698.0,322236.0,888057606.0,888057597.0,888057602.0,888057599.0,888057614.0,,#29 Sandro Aeschlimann,#70 Enzo Corvi,#44 Matej Stransky,#72 Tino Kessler,#74 Rasmus Asplund,#55 Calle Andersson,#15 Charlie Cerrato,#30 Adam Gajan,#44 Vincent Borgesi,#5 Mac Gadowsky,#14 Matt Dimarsico,,Away,Away,Away,Away,Away,Away,Home,Home,Home,Home,Home,,"24.5,0.2","-28.6,-8.2","-27.2,3.9","-10.3,-13.3","-17.3,-12.3","-10.8,1.7","-18.2,1.9","-26,-0.7","-23.2,-8.6","-25.3,-1.3","-18.4,-4.7",,,,,,,,,,,,,,,,,,,,,,,,,,AwayPowerplay,True,False,3.0
3,143,1767185876200,Pass,AwayPowerplay,4v5,True,True,HomeTeamZone,"-29.9,-6.5","-29.7,9.5",143575.0,#70 Enzo Corvi,Away,337830.0,#44 Matej Stransky,Away,,,,,,,,Successful,13.5,,,,,,,,,,,,,,,,"143575,337830",150983.0,143575.0,337830.0,301617.0,347698.0,322236.0,888057606.0,888057597.0,888057602.0,888057599.0,888057614.0,,#29 Sandro Aeschlimann,#70 Enzo Corvi,#44 Matej Stransky,#72 Tino Kessler,#74 Rasmus Asplund,#55 Calle Andersson,#15 Charlie Cerrato,#30 Adam Gajan,#44 Vincent Borgesi,#5 Mac Gadowsky,#14 Matt Dimarsico,,Away,Away,Away,Away,Away,Away,Home,Home,Home,Home,Home,,"24.5,0.1","-28.7,-7.5","-27.7,4.5","-10.3,-13.3","-17,-11.7","-10.7,2.5","-18.8,1.9","-26,-0.7","-23.6,-7.8","-25.7,-1.8","-19,-4.7",,0.262,2.895,3.554,0.097,3.322,3.893,3.085,0.123,4.863,2.923,3.163,,"-0.438,-0.899","-0.113,0.994","-0.59,0.808","-0.925,-0.38","0.44,0.898","0.173,0.985","-0.98,0.197","-0.711,-0.703","-0.454,0.891","-0.703,-0.711","-0.999,-0.049",,AwayPowerplay,True,False,3.0
3,143,1767185876220,PuckControl,AwayPowerplay,4v5,True,True,HomeTeamZone,"-29.9,-6.5","-29.7,9.5",,,,,,,,,,,,,,,,,,,,,,,,,AwayControl,AwayTeamZone,AwayTeamZone,,,,,150983.0,143575.0,337830.0,301617.0,347698.0,322236.0,888057606.0,888057597.0,888057602.0,888057599.0,888057614.0,,#29 Sandro Aeschlimann,#70 Enzo Corvi,#44 Matej Stransky,#72 Tino Kessler,#74 Rasmus Asplund,#55 Calle Andersson,#15 Charlie Cerrato,#30 Adam Gajan,#44 Vincent Borgesi,#5 Mac Gadowsky,#14 Matt Dimarsico,,Away,Away,Away,Away,Away,Away,Home,Home,Home,Home,Home,,"24.5,0.1","-28.7,-7.5","-27.7,4.5","-10.3,-13.3","-17,-11.6","-10.7,2.6","-18.9,1.9","-26,-0.7","-23.7,-7.7","-25.8,-1.8","-19.1,-4.7",,,,,,,,,,,,,,,,,,,,,,,,,,AwayPowerplay,True,False,3.0
3,144,1767185877560,PuckControl,AwayPowerplay,4v5,True,True,HomeTeamZone,"-29.7,9.5","-21.6,14.9",337830.0,#44 Matej Stransky,Away,,,,,,,,,,,,,,,,,,,,,,AwayControl,AwayTeamZone,AwayTeamZone,,,,337830,150983.0,143575.0,337830.0,301617.0,347698.0,322236.0,888057606.0,888057597.0,888057602.0,888057599.0,888057614.0,,#29 Sandro Aeschlimann,#70 Enzo Corvi,#44 Matej Stransky,#72 Tino Kessler,#74 Rasmus Asplund,#55 Calle Andersson,#15 Charlie Cerrato,#30 Adam Gajan,#44 Vincent Borgesi,#5 Mac Gadowsky,#14 Matt Dimarsico,,Away,Away,Away,Away,Away,Away,Home,Home,Home,Home,Home,,"24.4,0.2","-28.5,-5.9","-28,8.8","-10.1,-12.1","-16.1,-7.3","-10.4,8.1","-22.9,5.6","-26.1,-0.1","-25.4,-4.2","-25.2,-0.7","-19.6,-5.9",,,,,,,,,,,,,,,,,,,,,,,,,,AwayPowerplay,True,False,3.0
3,145,1767185879000,Pass,AwayPowerplay,4v5,True,True,HomeTeamZone,"-21.7,14.9","-8.9,14.9",337830.0,#44 Matej Stransky,Away,322236.0,#55 Calle Andersson,Away,,,,,,,,Successful,8.1,,,,,,,,,,,,,,,,"337830,322236",150983.0,143575.0,337830.0,301617.0,347698.0,322236.0,888057606.0,888057597.0,888057602.0,888057599.0,888057614.0,,#29 Sandro Aeschlimann,#70 Enzo Corvi,#44 Matej Stransky,#72 Tino Kessler,#74 Rasmus Asplund,#55 Calle Andersson,#15 Charlie Cerrato,#30 Adam Gajan,#44 Vincent Borgesi,#5 Mac Gadowsky,#14 Matt Dimarsico,,Away,Away,Away,Away,Away,Away,Home,Home,Home,Home,Home,,"24.3,0","-28,-7.1","-23.2,13.9","-8.9,-8.5","-13.9,-1.7","-8.4,12.6","-22,13.3","-26.1,0","-23.6,-1.9","-24.7,5.5","-15.2,-1.2",,0.273,0.815,5.287,3.164,5.518,2.667,5.225,0.231,2.665,5.113,6.097,,"-0.66,-0.752","0.323,-0.947","0.84,0.542","0.589,0.808","0.684,0.73","0.649,0.76","0.732,0.681","-0.773,-0.634","0.618,0.786","0.046,0.999","0.653,0.758",,AwayPowerplay,True,False,3.0
3,145,1767185879020,PuckControl,AwayPowerplay,4v5,True,True,HomeTeamZone,"-21.6,14.9","-8.9,14.9",,,,,,,,,,,,,,,,,,,,,,,,,AwayControl,AwayTeamZone,AwayTeamZone,,,,,150983.0,143575.0,337830.0,301617.0,347698.0,322236.0,888057606.0,888057597.0,888057602.0,888057599.0,888057614.0,,#29 Sandro Aeschlimann,#70 Enzo Corvi,#44 Matej Stransky,#72 Tino Kessler,#74 Rasmus Asplund,#55 Calle Andersson,#15 Charlie Cerrato,#30 Adam Gajan,#44 Vincent Borgesi,#5 Mac Gadowsky,#14 Matt Dimarsico,,Away,Away,Away,Away,Away,Away,Home,Home,Home,Home,Home,,"24.3,0","-28,-7.1","-23.1,14","-8.8,-8.4","-13.9,-1.6","-8.4,12.7","-21.9,13.3","-26.1,0","-23.6,-1.8","-24.7,5.6","-15.1,-1.1",,,,,,,,,,,,,,,,,,,,,,,,,,AwayPowerplay,True,False,3.0
3,147,1767185880640,PuckControl,AwayPowerplay,4v5,True,True,HomeTeamZone,"-8.9,14.9","-9,14.9",322236.0,#55 Calle Andersson,Away,,,,,,,,,,,,,,,,,,,,,,AwayControl,AwayTeamZone,AwayTeamZone,,,,322236,150983.0,143575.0,337830.0,301617.0,347698.0,322236.0,888057606.0,888057597.0,888057602.0,888057599.0,888057614.0,,#29 Sandro Aeschlimann,#70 Enzo Corvi,#44 Matej Stransky,#72 Tino Kessler,#74 Rasmus Asplund,#55 Calle Andersson,#15 Charlie Cerrato,#30 Adam Gajan,#44 Vincent Borgesi,#5 Mac Gadowsky,#14 Matt Dimarsico,,Away,Away,Away,Away,Away,Away,Home,Home,Home,Home,Home,,"24.4,0.3","-27.3,-7.2","-17.5,14.9","-5.9,-4.6","-5.7,3.9","-8.3,13.8","-12.6,14.4","-25.8,0","-20.9,0.1","-19.6,11.7","-9.9,7.5",,,,,,,,,,,,,,,,,,,,,,,,,,AwayPowerplay,True,False,3.0
3,147,1767185880680,Dump,AwayPowerplay,4v5,True,True,HomeTeamZone,"-8.9,14.9","-29.7,-7.8",322236.0,#55 Calle Andersson,Away,143575.0,#70 Enzo Corvi,Away,,,,,,,,,,,,,,Possession,DumpIn,True,,,,,,,,,"322236,143575",150983.0,143575.0,337830.0,301617.0,347698.0,322236.0,888057606.0,888057597.0,888057602.0,888057599.0,888057614.0,,#29 Sandro Aeschlimann,#70 Enzo Corvi,#44 Matej Stransky,#72 Tino Kessler,#74 Rasmus Asplund,#55 Calle Andersson,#15 Charlie Cerrato,#30 Adam Gajan,#44 Vincent Borgesi,#5 Mac Gadowsky,#14 Matt Dimarsico,,Away,Away,Away,Away,Away,Away,Home,Home,Home,Home,Home,,"24.4,0.3","-27.3,-7.2","-17.3,14.9","-6,-4.6","-5.6,4.1","-8.3,13.8","-12.3,14.3","-25.7,0","-20.8,0.1","-19.4,11.8","-10,7.8",,0.317,0.425,3.011,1.939,5.533,1.436,6.193,0.684,1.63,5.334,5.1,,"-0.007,1","0.883,0.47","0.983,-0.185","-0.875,0.484","0.578,0.816","-0.973,0.23","0.979,-0.205","0.979,0.203","0.705,0.709","0.935,0.355","-0.139,0.99",,AwayPowerplay,True,False,3.0
3,147,1767185880700,PuckControl,AwayPowerplay,4v5,True,True,HomeTeamZone,"-9,14.9","-29.6,-7.9",,,,,,,,,,,,,,,,,,,,,,,,,Loose,AwayTeamZone,AwayTeamZone,,,,,150983.0,143575.0,337830.0,301617.0,347698.0,322236.0,888057606.0,888057597.0,888057602.0,888057599.0,888057614.0,,#29 Sandro Aeschlimann,#70 Enzo Corvi,#44 Matej Stransky,#72 Tino Kessler,#74 Rasmus Asplund,#55 Calle Andersson,#15 Charlie Cerrato,#30 Adam Gajan,#44 Vincent Borgesi,#5 Mac Gadowsky,#14 Matt Dimarsico,,Away,Away,Away,Away,Away,Away,Home,Home,Home,Home,Home,,"24.4,0.3","-27.3,-7.2","-17.3,14.9","-6,-4.6","-5.5,4.2","-8.4,13.8","-12.2,14.3","-25.7,0.1","-20.8,0.1","-19.3,11.8","-10,7.9",,,,,,,,,,,,,,,,,,,,,,,,,,AwayPowerplay,True,False,3.0
3,150,1767185883180,PuckControl,AwayPowerplay,4v5,True,True,HomeTeamZone,"-29.6,-7.9","-24.9,-14",143575.0,#70 Enzo Corvi,Away,,,,,,,,,,,,,,,,,,,,,,AwayControl,AwayTeamZone,AwayTeamZone,,,,143575,150983.0,143575.0,337830.0,301617.0,347698.0,322236.0,888057606.0,888057597.0,888057602.0,888057599.0,888057614.0,,#29 Sandro Aeschlimann,#70 Enzo Corvi,#44 Matej Stransky,#72 Tino Kessler,#74 Rasmus Asplund,#55 Calle Andersson,#15 Charlie Cerrato,#30 Adam Gajan,#44 Vincent Borgesi,#5 Mac Gadowsky,#14 Matt Dimarsico,,Away,Away,Away,Away,Away,Away,Home,Home,Home,Home,Home,,"24.5,0.4","-28.4,-8.6","-12.6,11.2","-12.8,-9.2","-10.1,10.9","-7.8,12.3","-10.3,3.9","-25.7,-0.5","-24.2,-2.3","-18.1,8.3","-16.6,4",,,,,,,,,,,,,,,,,,,,,,,,,,AwayPowerplay,True,False,3.0
3,152,1767185885180,Pass,AwayPowerplay,4v5,True,True,HomeTeamZone,"-25,-14","-10.2,-11.3",143575.0,#70 Enzo Corvi,Away,301617.0,#72 Tino Kessler,Away,,,,,,,,Successful,21.3,,,,,,,,,,,,,,,,"143575,301617",150983.0,143575.0,337830.0,301617.0,347698.0,322236.0,888057606.0,888057597.0,888057602.0,888057599.0,888057614.0,,#29 Sandro Aeschlimann,#70 Enzo Corvi,#44 Matej Stransky,#72 Tino Kessler,#74 Rasmus Asplund,#55 Calle Andersson,#15 Charlie Cerrato,#30 Adam Gajan,#44 Vincent Borgesi,#5 Mac Gadowsky,#14 Matt Dimarsico,,Away,Away,Away,Away,Away,Away,Home,Home,Home,Home,Home,,"24.4,0.2","-25.2,-12.8","-18.2,4.2","-14.7,-12.1","-17.6,10.7","-9.3,9","-19.4,4.3","-25.9,-0.9","-22.9,-9.1","-22.5,2","-18.1,-5.7",,0.596,3.464,4.236,3.081,3.553,1.562,3.641,0.343,2.846,2.066,4.102,,"-0.565,-0.825","0.791,-0.612","-0.638,-0.77","0.954,-0.301","-0.981,-0.193","-0.784,-0.621","-0.762,-0.648","0.535,0.845","0.722,-0.692","-0.588,-0.809","0.417,-0.909",,AwayPowerplay,True,False,3.0
3,152,1767185885200,PuckControl,AwayPowerplay,4v5,True,True,HomeTeamZone,"-24.9,-14","-10.2,-11.3",,,,,,,,,,,,,,,,,,,,,,,,,AwayControl,AwayTeamZone,AwayTeamZone,,,,,150983.0,143575.0,337830.0,301617.0,347698.0,322236.0,888057606.0,888057597.0,888057602.0,888057599.0,888057614.0,,#29 Sandro Aeschlimann,#70 Enzo Corvi,#44 Matej Stransky,#72 Tino Kessler,#74 Rasmus Asplund,#55 Calle Andersson,#15 Charlie Cerrato,#30 Adam Gajan,#44 Vincent Borgesi,#5 Mac Gadowsky,#14 Matt Dimarsico,,Away,Away,Away,Away,Away,Away,Home,Home,Home,Home,Home,,"24.4,0.2","-25.1,-12.8","-18.2,4.1","-14.6,-12.1","-17.7,10.7","-9.3,8.9","-19.4,4.2","-25.9,-0.9","-22.9,-9.2","-22.5,1.9","-18,-5.8",,,,,,,,,,,,,,,,,,,,,,,,,,AwayPowerplay,True,False,3.0
3,153,1767185886300,PuckControl,AwayPowerplay,4v5,True,True,HomeTeamZone,"-10.2,-11.3","-9.7,-10.9",301617.0,#72 Tino Kessler,Away,,,,,,,,,,,,,,,,,,,,,,AwayControl,AwayTeamZone,AwayTeamZone,,,,301617,150983.0,143575.0,337830.0,301617.0,347698.0,322236.0,888057606.0,888057597.0,888057602.0,888057599.0,888057614.0,,#29 Sandro Aeschlimann,#70 Enzo Corvi,#44 Matej Stransky,#72 Tino Kessler,#74 Rasmus Asplund,#55 Calle Andersson,#15 Charlie Cerrato,#30 Adam Gajan,#44 Vincent Borgesi,#5 Mac Gadowsky,#14 Matt Dimarsico,,Away,Away,Away,Away,Away,Away,Home,Home,Home,Home,Home,,"24.5,0.1","-21.8,-14","-20.4,-0.2","-11.2,-12","-20.9,8.8","-10,7.6","-20.5,1.4","-25.8,-0.2","-20.9,-9","-22.8,0.8","-14.6,-7.7",,,,,,,,,,,,,,,,,,,,,,,,,,AwayPowerplay,True,False,3.0
3,153,1767185886420,Pass,AwayPowerplay,4v5,True,True,HomeTeamZone,"-9.7,-11","-10.2,6.6",301617.0,#72 Tino Kessler,Away,322236.0,#55 Calle Andersson,Away,,,,,,,,Successful,21.3,,,,,,,,,,,,,,,,"301617,322236",150983.0,143575.0,337830.0,301617.0,347698.0,322236.0,888057606.0,888057597.0,888057602.0,888057599.0,888057614.0,,#29 Sandro Aeschlimann,#70 Enzo Corvi,#44 Matej Stransky,#72 Tino Kessler,#74 Rasmus Asplund,#55 Calle Andersson,#15 Charlie Cerrato,#30 Adam Gajan,#44 Vincent Borgesi,#5 Mac Gadowsky,#14 Matt Dimarsico,,Away,Away,Away,Away,Away,Away,Home,Home,Home,Home,Home,,"24.5,0.1","-21.4,-14","-20.6,-0.7","-10.9,-11.7","-21.2,8.5","-9.9,7.5","-20.5,1.2","-25.7,-0.1","-20.8,-8.7","-22.8,0.8","-14.2,-7.7",,0.093,3.047,4.5,3.103,2.722,1.124,1.67,0.327,2.26,0.165,3.16,,"0.293,0.956","0.999,0.036","-0.509,-0.861","0.736,0.677","-0.582,-0.813","0.471,-0.882","0.494,-0.87","0.683,0.73","0.366,0.931","-0.57,-0.822","1,0.027",,AwayPowerplay,True,False,3.0
3,153,1767185886440,PuckControl,AwayPowerplay,4v5,True,True,HomeTeamZone,"-9.7,-10.9","-10.2,6.6",,,,,,,,,,,,,,,,,,,,,,,,,AwayControl,AwayTeamZone,AwayTeamZone,,,,,150983.0,143575.0,337830.0,301617.0,347698.0,322236.0,888057606.0,888057597.0,888057602.0,888057599.0,888057614.0,,#29 Sandro Aeschlimann,#70 Enzo Corvi,#44 Matej Stransky,#72 Tino Kessler,#74 Rasmus Asplund,#55 Calle Andersson,#15 Charlie Cerrato,#30 Adam Gajan,#44 Vincent Borgesi,#5 Mac Gadowsky,#14 Matt Dimarsico,,Away,Away,Away,Away,Away,Away,Home,Home,Home,Home,Home,,"24.5,0.1","-21.3,-14","-20.7,-0.8","-10.8,-11.7","-21.2,8.5","-9.9,7.5","-20.4,1.2","-25.7,-0.1","-20.8,-8.7","-22.8,0.8","-14.1,-7.7",,,,,,,,,,,,,,,,,,,,,,,,,,AwayPowerplay,True,False,3.0
3,154,1767185887460,PuckControl,AwayPowerplay,4v5,True,True,HomeTeamZone,"-10.2,6.6","-12.3,7",322236.0,#55 Calle Andersson,Away,,,,,,,,,,,,,,,,,,,,,,AwayControl,AwayTeamZone,AwayTeamZone,,,,322236,150983.0,143575.0,337830.0,301617.0,347698.0,322236.0,888057606.0,888057597.0,888057602.0,888057599.0,888057614.0,,#29 Sandro Aeschlimann,#70 Enzo Corvi,#44 Matej Stransky,#72 Tino Kessler,#74 Rasmus Asplund,#55 Calle Andersson,#15 Charlie Cerrato,#30 Adam Gajan,#44 Vincent Borgesi,#5 Mac Gadowsky,#14 Matt Dimarsico,,Away,Away,Away,Away,Away,Away,Home,Home,Home,Home,Home,,"24.4,0.1","-19.1,-12.4","-23.7,-2.3","-9,-8.2","-22.1,7.6","-9.8,7","-18.9,1.8","-25.3,0","-20.6,-6.2","-22.6,1","-13,-5.8",,,,,,,,,,,,,,,,,,,,,,,,,,AwayPowerplay,True,False,3.0
3,155,1767185888340,Pass,AwayPowerplay,4v5,True,True,HomeTeamZone,"-12.2,7.2","-10.3,-6.1",322236.0,#55 Calle Andersson,Away,301617.0,#72 Tino Kessler,Away,,,,,,,,Successful,16.9,,,,,,,,,,,,,,,,"322236,301617",150983.0,143575.0,337830.0,301617.0,347698.0,322236.0,888057606.0,888057597.0,888057602.0,888057599.0,888057614.0,,#29 Sandro Aeschlimann,#70 Enzo Corvi,#44 Matej Stransky,#72 Tino Kessler,#74 Rasmus Asplund,#55 Calle Andersson,#15 Charlie Cerrato,#30 Adam Gajan,#44 Vincent Borgesi,#5 Mac Gadowsky,#14 Matt Dimarsico,,Away,Away,Away,Away,Away,Away,Home,Home,Home,Home,Home,,"24.4,0","-20,-10.1","-23.4,0.1","-8.8,-5.2","-22,8.1","-11.7,6.5","-16.5,4.4","-24.9,0.3","-21.4,-4.5","-22.1,2.3","-14.8,-2.8",,0.291,2.817,2.268,2.932,0.447,2.531,4.52,0.232,2.073,1.983,3.764,,"-0.936,0.353","-0.657,0.754","0.331,0.944","-0.381,0.925","0.873,0.488","-0.995,0.095","0.707,0.708","0.161,0.987","-0.549,0.836","0.193,0.981","-0.464,0.886",,AwayPowerplay,True,False,3.0
3,155,1767185888360,PuckControl,AwayPowerplay,4v5,True,True,HomeTeamZone,"-12.3,7","-10.3,-6.1",,,,,,,,,,,,,,,,,,,,,,,,,AwayControl,AwayTeamZone,AwayTeamZone,,,,,150983.0,143575.0,337830.0,301617.0,347698.0,322236.0,888057606.0,888057597.0,888057602.0,888057599.0,888057614.0,,#29 Sandro Aeschlimann,#70 Enzo Corvi,#44 Matej Stransky,#72 Tino Kessler,#74 Rasmus Asplund,#55 Calle Andersson,#15 Charlie Cerrato,#30 Adam Gajan,#44 Vincent Borgesi,#5 Mac Gadowsky,#14 Matt Dimarsico,,Away,Away,Away,Away,Away,Away,Home,Home,Home,Home,Home,,"24.4,0","-20,-10.1","-23.4,0.1","-8.9,-5.1","-22,8.1","-11.7,6.5","-16.4,4.5","-24.9,0.3","-21.4,-4.4","-22.1,2.4","-14.8,-2.7",,,,,,,,,,,,,,,,,,,,,,,,,,AwayPowerplay,True,False,3.0
3,156,1767185889360,PuckControl,AwayPowerplay,4v5,True,True,HomeTeamZone,"-10.3,-6.1","-8.8,-13.6",301617.0,#72 Tino Kessler,Away,,,,,,,,,,,,,,,,,,,,,,AwayControl,AwayTeamZone,AwayTeamZone,,,,301617,150983.0,143575.0,337830.0,301617.0,347698.0,322236.0,888057606.0,888057597.0,888057602.0,888057599.0,888057614.0,,#29 Sandro Aeschlimann,#70 Enzo Corvi,#44 Matej Stransky,#72 Tino Kessler,#74 Rasmus Asplund,#55 Calle Andersson,#15 Charlie Cerrato,#30 Adam Gajan,#44 Vincent Borgesi,#5 Mac Gadowsky,#14 Matt Dimarsico,,Away,Away,Away,Away,Away,Away,Home,Home,Home,Home,Home,,"24.5,0","-22.1,-8.9","-23.1,0.7","-10.1,-4.8","-21.5,7.6","-13,8","-13.5,5.5","-25.3,0.1","-21.5,-2.9","-21.6,3.4","-15.2,-1.6",,,,,,,,,,,,,,,,,,,,,,,,,,AwayPowerplay,True,False,3.0
3,158,1767185891940,Pass,AwayPowerplay,4v5,True,True,HomeTeamZone,"-8.8,-13.6","-9.7,6.4",301617.0,#72 Tino Kessler,Away,322236.0,#55 Calle Andersson,Away,,,,,,,,Successful,23.7,,,,,,,,,,,,,,,,"301617,322236",150983.0,143575.0,337830.0,301617.0,347698.0,322236.0,888057606.0,888057597.0,888057602.0,888057599.0,888057614.0,,#29 Sandro Aeschlimann,#70 Enzo Corvi,#44 Matej Stransky,#72 Tino Kessler,#74 Rasmus Asplund,#55 Calle Andersson,#15 Charlie Cerrato,#30 Adam Gajan,#44 Vincent Borgesi,#5 Mac Gadowsky,#14 Matt Dimarsico,,Away,Away,Away,Away,Away,Away,Home,Home,Home,Home,Home,,"24.5,0.2","-24.9,-12.9","-24.2,-2.6","-10.2,-12.7","-20.2,6.2","-8.7,7","-16.1,0.6","-25.1,-0.9","-20.7,-5.7","-21.7,2","-13.8,-11.6",,0.37,0.887,0.582,2.313,1.325,1.18,2.75,0.41,1.109,1.168,2.981,,"0.23,-0.973","-0.085,-0.996","-0.748,-0.664","0.925,-0.38","0.713,-0.701","0.67,-0.743","0.573,-0.819","-0.273,0.962","0.999,-0.044","0.074,-0.997","0.578,-0.816",,AwayPowerplay,True,False,3.0
3,158,1767185891960,PuckControl,AwayPowerplay,4v5,True,True,HomeTeamZone,"-8.8,-13.6","-9.7,6.4",,,,,,,,,,,,,,,,,,,,,,,,,AwayControl,AwayTeamZone,AwayTeamZone,,,,,150983.0,143575.0,337830.0,301617.0,347698.0,322236.0,888057606.0,888057597.0,888057602.0,888057599.0,888057614.0,,#29 Sandro Aeschlimann,#70 Enzo Corvi,#44 Matej Stransky,#72 Tino Kessler,#74 Rasmus Asplund,#55 Calle Andersson,#15 Charlie Cerrato,#30 Adam Gajan,#44 Vincent Borgesi,#5 Mac Gadowsky,#14 Matt Dimarsico,,Away,Away,Away,Away,Away,Away,Home,Home,Home,Home,Home,,"24.5,0.2","-24.9,-12.9","-24.2,-2.6","-10.2,-12.7","-20.2,6.2","-8.7,6.9","-16.1,0.5","-25.1,-0.9","-20.6,-5.7","-21.6,1.9","-13.8,-11.7",,,,,,,,,,,,,,,,,,,,,,,,,,AwayPowerplay,True,False,3.0
3,159,1767185892920,PuckControl,AwayPowerplay,4v5,True,True,HomeTeamZone,"-9.7,6.4","-11.6,9.2",322236.0,#55 Calle Andersson,Away,,,,,,,,,,,,,,,,,,,,,,AwayControl,AwayTeamZone,AwayTeamZone,,,,322236,150983.0,143575.0,337830.0,301617.0,347698.0,322236.0,888057606.0,888057597.0,888057602.0,888057599.0,888057614.0,,#29 Sandro Aeschlimann,#70 Enzo Corvi,#44 Matej Stransky,#72 Tino Kessler,#74 Rasmus Asplund,#55 Calle Andersson,#15 Charlie Cerrato,#30 Adam Gajan,#44 Vincent Borgesi,#5 Mac Gadowsky,#14 Matt Dimarsico,,Away,Away,Away,Away,Away,Away,Home,Home,Home,Home,Home,,"24.4,0.1","-25.2,-12.6","-24.3,-2.5","-8.4,-11.2","-19.3,5.8","-9,7.5","-14.5,1","-25.3,-0.4","-20.3,-4.6","-21.3,1.8","-12.3,-10.7",,,,,,,,,,,,,,,,,,,,,,,,,,AwayPowerplay,True,False,3.0
3,160,1767185893780,Shot,AwayPowerplay,4v5,True,True,HomeTeamZone,"-11.6,9.2",,322236.0,#55 Calle Andersson,Away,888057597.0,#30 Adam Gajan,Home,,Missed,113.8,888057599,0.006,,,,,,,,,,,,,,,,,,,,"322236,888057597,888057599",150983.0,143575.0,337830.0,301617.0,347698.0,322236.0,888057606.0,888057597.0,888057602.0,888057599.0,888057614.0,,#29 Sandro Aeschlimann,#70 Enzo Corvi,#44 Matej Stransky,#72 Tino Kessler,#74 Rasmus Asplund,#55 Calle Andersson,#15 Charlie Cerrato,#30 Adam Gajan,#44 Vincent Borgesi,#5 Mac Gadowsky,#14 Matt Dimarsico,,Away,Away,Away,Away,Away,Away,Home,Home,Home,Home,Home,,"24.6,0.2","-24.9,-11.1","-23.9,-0.5","-8.4,-8","-20.2,6.8","-11.4,8.8","-14.8,4.9","-25.2,0.3","-21.5,-3.3","-21,2.3","-14,-7.4",,0.203,2.524,2.327,3.7,2.183,3.457,4.708,0.52,2.573,1.034,4.444,,"0.373,-0.928","0.233,0.972","0.27,0.963","-0.167,0.986","-0.746,0.666","-0.912,0.411","-0.244,0.97","-0.06,0.998","-0.792,0.61","0.122,0.992","-0.662,0.75",,AwayPowerplay,True,False,3.0
3,160,1767185893800,PuckControl,AwayPowerplay,4v5,True,True,HomeTeamZone,"-11.6,9.2","-9,-14.1",,,,,,,,,,,,,,,,,,,,,,,,,Loose,AwayTeamZone,AwayTeamZone,,,,,150983.0,143575.0,337830.0,301617.0,347698.0,322236.0,888057606.0,888057597.0,888057602.0,888057599.0,888057614.0,,#29 Sandro Aeschlimann,#70 Enzo Corvi,#44 Matej Stransky,#72 Tino Kessler,#74 Rasmus Asplund,#55 Calle Andersson,#15 Charlie Cerrato,#30 Adam Gajan,#44 Vincent Borgesi,#5 Mac Gadowsky,#14 Matt Dimarsico,,Away,Away,Away,Away,Away,Away,Home,Home,Home,Home,Home,,"24.6,0.2","-24.9,-11.1","-23.9,-0.4","-8.4,-7.9","-20.2,6.8","-11.4,8.9","-14.8,5","-25.2,0.3","-21.5,-3.2","-21,2.3","-14,-7.4",,,,,,,,,,,,,,,,,,,,,,,,,,AwayPowerplay,True,False,3.0
3,164,1767185897560,PuckControl,AwayPowerplay,4v5,True,True,HomeTeamZone,"-9,-14.1","-11,-4.7",301617.0,#72 Tino Kessler,Away,,,,,,,,,,,,,,,,,,,,,,AwayControl,AwayTeamZone,AwayTeamZone,,,,301617,150983.0,143575.0,337830.0,301617.0,347698.0,322236.0,888057606.0,888057597.0,888057602.0,888057599.0,888057614.0,,#29 Sandro Aeschlimann,#70 Enzo Corvi,#44 Matej Stransky,#72 Tino Kessler,#74 Rasmus Asplund,#55 Calle Andersson,#15 Charlie Cerrato,#30 Adam Gajan,#44 Vincent Borgesi,#5 Mac Gadowsky,#14 Matt Dimarsico,,Away,Away,Away,Away,Away,Away,Home,Home,Home,Home,Home,,"25.7,-0.2","-21,-9.2","-27.7,-0.7","-8.2,-13.3","-18.5,12.3","-6.8,7.1","-17.6,3.4","-25.6,-0.4","-20.7,-4.9","-22,2.1","-16.4,-7.5",,,,,,,,,,,,,,,,,,,,,,,,,,AwayPowerplay,True,False,3.0
3,168,1767185901060,Pass,AwayPowerplay,4v5,True,True,HomeTeamZone,"-11,-4.7","-13.8,-10.4",301617.0,#72 Tino Kessler,Away,143575.0,#70 Enzo Corvi,Away,,,,,,,,Successful,11.4,,,,,,,,,,,,,,,,"301617,143575",150983.0,143575.0,337830.0,301617.0,347698.0,322236.0,888057606.0,888057597.0,888057602.0,888057599.0,888057614.0,,#29 Sandro Aeschlimann,#70 Enzo Corvi,#44 Matej Stransky,#72 Tino Kessler,#74 Rasmus Asplund,#55 Calle Andersson,#15 Charlie Cerrato,#30 Adam Gajan,#44 Vincent Borgesi,#5 Mac Gadowsky,#14 Matt Dimarsico,,Away,Away,Away,Away,Away,Away,Home,Home,Home,Home,Home,,"25.7,-0.2","-15.9,-12.1","-23.3,-0.1","-9.9,-4.4","-21.8,5.5","-7.1,1.2","-18,2","-25,-0.8","-19.6,-3.8","-22.3,1.3","-13.5,-2.9",,0.577,1.937,0.322,4.712,2.236,2.639,1.231,0.396,0.458,1.093,2.449,,"0.483,0.876","0.409,0.912","-0.958,-0.288","-0.517,0.856","-0.956,0.294","0.216,-0.976","-0.92,0.392","0.647,-0.762","0.814,-0.581","-0.996,-0.084","0.371,0.929",,AwayPowerplay,True,False,3.0
3,168,1767185901080,PuckControl,AwayPowerplay,4v5,True,True,HomeTeamZone,"-11,-4.7","-13.8,-10.4",,,,,,,,,,,,,,,,,,,,,,,,,AwayControl,AwayTeamZone,AwayTeamZone,,,,,150983.0,143575.0,337830.0,301617.0,347698.0,322236.0,888057606.0,888057597.0,888057602.0,888057599.0,888057614.0,,#29 Sandro Aeschlimann,#70 Enzo Corvi,#44 Matej Stransky,#72 Tino Kessler,#74 Rasmus Asplund,#55 Calle Andersson,#15 Charlie Cerrato,#30 Adam Gajan,#44 Vincent Borgesi,#5 Mac Gadowsky,#14 Matt Dimarsico,,Away,Away,Away,Away,Away,Away,Home,Home,Home,Home,Home,,"25.8,-0.1","-15.9,-12.1","-23.3,-0.1","-10,-4.3","-21.8,5.5","-7.1,1.1","-18,2","-25,-0.8","-19.6,-3.9","-22.3,1.3","-13.5,-2.9",,,,,,,,,,,,,,,,,,,,,,,,,,AwayPowerplay,True,False,3.0
3,168,1767185901720,PuckControl,AwayPowerplay,4v5,True,True,HomeTeamZone,"-13.8,-10.4","-14.6,-7.7",143575.0,#70 Enzo Corvi,Away,,,,,,,,,,,,,,,,,,,,,,AwayControl,AwayTeamZone,AwayTeamZone,,,,143575,150983.0,143575.0,337830.0,301617.0,347698.0,322236.0,888057606.0,888057597.0,888057602.0,888057599.0,888057614.0,,#29 Sandro Aeschlimann,#70 Enzo Corvi,#44 Matej Stransky,#72 Tino Kessler,#74 Rasmus Asplund,#55 Calle Andersson,#15 Charlie Cerrato,#30 Adam Gajan,#44 Vincent Borgesi,#5 Mac Gadowsky,#14 Matt Dimarsico,,Away,Away,Away,Away,Away,Away,Home,Home,Home,Home,Home,,"25.9,0.1","-15.3,-11","-23.8,-1","-11.8,-1.8","-22.9,6.2","-6.8,-0.7","-19.1,2","-25.2,-0.8","-19.3,-4.5","-23,1.1","-13.5,-1.4",,,,,,,,,,,,,,,,,,,,,,,,,,AwayPowerplay,True,False,3.0
3,169,1767185902600,Pass,AwayPowerplay,4v5,True,True,HomeTeamZone,"-14.5,-7.8","-24.2,-8.6",143575.0,#70 Enzo Corvi,Away,337830.0,#44 Matej Stransky,Away,,,,,,,,Successful,10.5,,,,,,,,,,,,,,,,"143575,337830",150983.0,143575.0,337830.0,301617.0,347698.0,322236.0,888057606.0,888057597.0,888057602.0,888057599.0,888057614.0,,#29 Sandro Aeschlimann,#70 Enzo Corvi,#44 Matej Stransky,#72 Tino Kessler,#74 Rasmus Asplund,#55 Calle Andersson,#15 Charlie Cerrato,#30 Adam Gajan,#44 Vincent Borgesi,#5 Mac Gadowsky,#14 Matt Dimarsico,,Away,Away,Away,Away,Away,Away,Home,Home,Home,Home,Home,,"25.2,0.2","-14.7,-9","-24.9,-3.8","-15.5,-0.4","-23.1,7.2","-8,-2.8","-19.8,1.6","-25.4,-1","-17.6,-5.8","-23.3,0.7","-15.2,-1",,1.002,2.732,3.421,4.765,1.979,2.673,0.452,0.111,2.613,0.248,2.65,,"-0.988,-0.152","-0.18,0.984","-0.181,-0.983","-0.997,-0.077","0.78,0.626","-0.841,-0.541","-0.64,-0.768","0.21,-0.978","0.889,-0.458","0.853,-0.521","-0.996,-0.084",,AwayPowerplay,True,False,3.0
3,169,1767185902620,PuckControl,AwayPowerplay,4v5,True,True,HomeTeamZone,"-14.6,-7.7","-24.2,-8.6",,,,,,,,,,,,,,,,,,,,,,,,,AwayControl,AwayTeamZone,AwayTeamZone,,,,,150983.0,143575.0,337830.0,301617.0,347698.0,322236.0,888057606.0,888057597.0,888057602.0,888057599.0,888057614.0,,#29 Sandro Aeschlimann,#70 Enzo Corvi,#44 Matej Stransky,#72 Tino Kessler,#74 Rasmus Asplund,#55 Calle Andersson,#15 Charlie Cerrato,#30 Adam Gajan,#44 Vincent Borgesi,#5 Mac Gadowsky,#14 Matt Dimarsico,,Away,Away,Away,Away,Away,Away,Home,Home,Home,Home,Home,,"25.2,0.2","-14.7,-9","-24.9,-3.8","-15.6,-0.4","-23.1,7.2","-8.1,-2.8","-19.8,1.6","-25.4,-1","-17.6,-5.8","-23.2,0.7","-15.3,-1",,,,,,,,,,,,,,,,,,,,,,,,,,AwayPowerplay,True,False,3.0
3,170,1767185903620,PuckControl,AwayPowerplay,4v5,True,True,HomeTeamZone,"-24.2,-8.6","-20.3,-10.8",337830.0,#44 Matej Stransky,Away,,,,,,,,,,,,,,,,,,,,,,AwayControl,AwayTeamZone,AwayTeamZone,,,,337830,150983.0,143575.0,337830.0,301617.0,347698.0,322236.0,888057606.0,888057597.0,888057602.0,888057599.0,888057614.0,,#29 Sandro Aeschlimann,#70 Enzo Corvi,#44 Matej Stransky,#72 Tino Kessler,#74 Rasmus Asplund,#55 Calle Andersson,#15 Charlie Cerrato,#30 Adam Gajan,#44 Vincent Borgesi,#5 Mac Gadowsky,#14 Matt Dimarsico,,Away,Away,Away,Away,Away,Away,Home,Home,Home,Home,Home,,"24.7,0.3","-16.4,-6.3","-24.6,-7.5","-19.7,-2","-20.7,7.3","-9.1,-2.4","-19.9,2.3","-25.7,-0.9","-17.7,-5.7","-23.1,-0.8","-17.8,-1.1",,,,,,,,,,,,,,,,,,,,,,,,,,AwayPowerplay,True,False,3.0
3,172,1767185905300,Pass,AwayPowerplay,4v5,True,True,HomeTeamZone,"-20.2,-10.9","-25.8,-9.4",337830.0,#44 Matej Stransky,Away,143575.0,#70 Enzo Corvi,Away,,,,,,,,Successful,5.3,,,,,,,,,,,,,,,,"337830,143575",150983.0,143575.0,337830.0,301617.0,347698.0,322236.0,888057606.0,888057597.0,888057602.0,888057599.0,888057614.0,,#29 Sandro Aeschlimann,#70 Enzo Corvi,#44 Matej Stransky,#72 Tino Kessler,#74 Rasmus Asplund,#55 Calle Andersson,#15 Charlie Cerrato,#30 Adam Gajan,#44 Vincent Borgesi,#5 Mac Gadowsky,#14 Matt Dimarsico,,Away,Away,Away,Away,Away,Away,Home,Home,Home,Home,Home,,"24.7,0.2","-22,-4.5","-21,-11.6","-23,-0.3","-18,3","-8.4,-1.2","-20.2,2.4","-25.8,-0.8","-20.4,-6.5","-23.2,-0.3","-16.2,-1.1",,0.482,3.484,3.022,0.544,3.477,0.593,0.361,0.216,0.652,1.264,0.59,,"-0.473,-0.881","-0.982,-0.191","0.993,0.122","-0.546,-0.838","0.153,-0.988","0.057,0.998","-0.367,-0.93","0.8,0.6","0.914,-0.405","0.424,0.906","0.402,-0.916",,AwayPowerplay,True,False,3.0
3,172,1767185905320,PuckControl,AwayPowerplay,4v5,True,True,HomeTeamZone,"-20.3,-10.8","-25.8,-9.4",,,,,,,,,,,,,,,,,,,,,,,,,AwayControl,AwayTeamZone,AwayTeamZone,,,,,150983.0,143575.0,337830.0,301617.0,347698.0,322236.0,888057606.0,888057597.0,888057602.0,888057599.0,888057614.0,,#29 Sandro Aeschlimann,#70 Enzo Corvi,#44 Matej Stransky,#72 Tino Kessler,#74 Rasmus Asplund,#55 Calle Andersson,#15 Charlie Cerrato,#30 Adam Gajan,#44 Vincent Borgesi,#5 Mac Gadowsky,#14 Matt Dimarsico,,Away,Away,Away,Away,Away,Away,Home,Home,Home,Home,Home,,"24.7,0.2","-22.1,-4.5","-20.9,-11.6","-23,-0.3","-18,3","-8.4,-1.2","-20.2,2.3","-25.8,-0.8","-20.4,-6.5","-23.2,-0.3","-16.2,-1.1",,,,,,,,,,,,,,,,,,,,,,,,,,AwayPowerplay,True,False,3.0
3,173,1767185906440,PuckControl,AwayPowerplay,4v5,True,True,HomeTeamZone,"-25.8,-9.4","-18.2,-6.3",143575.0,#70 Enzo Corvi,Away,,,,,,,,,,,,,,,,,,,,,,AwayControl,AwayTeamZone,AwayTeamZone,,,,143575,150983.0,143575.0,337830.0,301617.0,347698.0,322236.0,888057606.0,888057597.0,888057602.0,888057599.0,888057614.0,,#29 Sandro Aeschlimann,#70 Enzo Corvi,#44 Matej Stransky,#72 Tino Kessler,#74 Rasmus Asplund,#55 Calle Andersson,#15 Charlie Cerrato,#30 Adam Gajan,#44 Vincent Borgesi,#5 Mac Gadowsky,#14 Matt Dimarsico,,Away,Away,Away,Away,Away,Away,Home,Home,Home,Home,Home,,"24.5,0.3","-24.7,-7.7","-20.2,-8.8","-22.6,-0.3","-18.6,-1","-8.2,-0.7","-20.2,1.2","-25.7,-0.7","-20.5,-6.1","-22.8,-1.2","-16.1,-1.9",,,,,,,,,,,,,,,,,,,,,,,,,,AwayPowerplay,True,False,3.0
3,175,1767185908720,Pass,AwayPowerplay,4v5,True,True,HomeTeamZone,"-18.1,-6.3","-22.4,-8",143575.0,#70 Enzo Corvi,Away,337830.0,#44 Matej Stransky,Away,,,,,,,,Successful,8.4,,,,,,,,,,,,,,,,"143575,337830",150983.0,143575.0,337830.0,301617.0,347698.0,322236.0,888057606.0,888057597.0,888057602.0,888057599.0,888057614.0,,#29 Sandro Aeschlimann,#70 Enzo Corvi,#44 Matej Stransky,#72 Tino Kessler,#74 Rasmus Asplund,#55 Calle Andersson,#15 Charlie Cerrato,#30 Adam Gajan,#44 Vincent Borgesi,#5 Mac Gadowsky,#14 Matt Dimarsico,,Away,Away,Away,Away,Away,Away,Home,Home,Home,Home,Home,,"24.2,0.2","-18.5,-7.6","-23,-6.9","-23.2,1","-17.1,-3.9","-7.7,-1.1","-20.8,2","-25.4,-1","-20.8,-4.3","-22.9,-0.8","-16.5,-4.3",,0.157,4.895,2.231,0.502,0.58,0.532,0.749,0.41,1.578,1.13,2.618,,"-0.757,0.653","0.128,0.992","-0.866,-0.5","-0.983,-0.183","-0.557,-0.83","-0.896,-0.444","0.048,0.999","0.818,0.575","0.866,0.501","0.117,0.993","-0.569,-0.822",,AwayPowerplay,True,False,3.0
3,175,1767185908740,PuckControl,AwayPowerplay,4v5,True,True,HomeTeamZone,"-18.2,-6.3","-22.4,-8",,,,,,,,,,,,,,,,,,,,,,,,,AwayControl,AwayTeamZone,AwayTeamZone,,,,,150983.0,143575.0,337830.0,301617.0,347698.0,322236.0,888057606.0,888057597.0,888057602.0,888057599.0,888057614.0,,#29 Sandro Aeschlimann,#70 Enzo Corvi,#44 Matej Stransky,#72 Tino Kessler,#74 Rasmus Asplund,#55 Calle Andersson,#15 Charlie Cerrato,#30 Adam Gajan,#44 Vincent Borgesi,#5 Mac Gadowsky,#14 Matt Dimarsico,,Away,Away,Away,Away,Away,Away,Home,Home,Home,Home,Home,,"24.2,0.2","-18.5,-7.5","-23,-6.9","-23.2,1","-17.1,-3.9","-7.7,-1.1","-20.8,2.1","-25.4,-1","-20.8,-4.3","-22.9,-0.7","-16.5,-4.4",,,,,,,,,,,,,,,,,,,,,,,,,,AwayPowerplay,True,False,3.0
3,176,1767185909320,PuckControl,AwayPowerplay,4v5,True,True,HomeTeamZone,"-22.4,-8","-24,-6.3",337830.0,#44 Matej Stransky,Away,,,,,,,,,,,,,,,,,,,,,,AwayControl,AwayTeamZone,AwayTeamZone,,,,337830,150983.0,143575.0,337830.0,301617.0,347698.0,322236.0,888057606.0,888057597.0,888057602.0,888057599.0,888057614.0,,#29 Sandro Aeschlimann,#70 Enzo Corvi,#44 Matej Stransky,#72 Tino Kessler,#74 Rasmus Asplund,#55 Calle Andersson,#15 Charlie Cerrato,#30 Adam Gajan,#44 Vincent Borgesi,#5 Mac Gadowsky,#14 Matt Dimarsico,,Away,Away,Away,Away,Away,Away,Home,Home,Home,Home,Home,,"24.2,0.2","-18.8,-4.7","-24,-7.9","-23.4,1.1","-17.3,-4.4","-8,-1.3","-20.8,2.3","-25.6,-0.9","-20.5,-4.3","-22.8,-0.2","-17.5,-5.4",,,,,,,,,,,,,,,,,,,,,,,,,,AwayPowerplay,True,False,3.0
3,176,1767185909560,Clear,AwayPowerplay,4v5,True,True,HomeTeamZone,"-24,-6.3","7.4,12.4",888057602.0,#44 Vincent Borgesi,Home,150983.0,#29 Sandro Aeschlimann,Away,,,,,,,,,,,,,,,,,OffensiveZone,False,,,,,,,"888057602,150983",150983.0,143575.0,337830.0,301617.0,347698.0,322236.0,888057606.0,888057597.0,888057602.0,888057599.0,888057614.0,,#29 Sandro Aeschlimann,#70 Enzo Corvi,#44 Matej Stransky,#72 Tino Kessler,#74 Rasmus Asplund,#55 Calle Andersson,#15 Charlie Cerrato,#30 Adam Gajan,#44 Vincent Borgesi,#5 Mac Gadowsky,#14 Matt Dimarsico,,Away,Away,Away,Away,Away,Away,Home,Home,Home,Home,Home,,"24.3,0.2","-19.1,-3.6","-24.1,-8.4","-23.5,1.2","-17.3,-4.4","-8.1,-1.3","-20.9,2.4","-25.9,-1","-20.7,-4.4","-22.9,-0.1","-17.8,-5.5",,0.419,4.578,2.325,0.197,0.157,0.167,0.091,1.318,1.177,0.911,0.979,,"0.708,-0.706","-0.216,0.976","-0.102,-0.995","-0.692,0.722","0.748,-0.663","-0.581,0.814","-0.676,0.737","-0.978,-0.207","-0.915,-0.405","-0.802,0.597","-0.992,-0.126",,AwayPowerplay,True,False,3.0
3,176,1767185909560,PuckControl,AwayPowerplay,4v5,True,True,HomeTeamZone,"-24,-6.3","-24.2,-5.8",888057602.0,#44 Vincent Borgesi,Home,,,,,,,,,,,,,,,,,,,,,,HomeControl,AwayTeamZone,AwayTeamZone,,,,888057602,150983.0,143575.0,337830.0,301617.0,347698.0,322236.0,888057606.0,888057597.0,888057602.0,888057599.0,888057614.0,,#29 Sandro Aeschlimann,#70 Enzo Corvi,#44 Matej Stransky,#72 Tino Kessler,#74 Rasmus Asplund,#55 Calle Andersson,#15 Charlie Cerrato,#30 Adam Gajan,#44 Vincent Borgesi,#5 Mac Gadowsky,#14 Matt Dimarsico,,Away,Away,Away,Away,Away,Away,Home,Home,Home,Home,Home,,"24.3,0.2","-19.1,-3.6","-24.1,-8.4","-23.5,1.2","-17.3,-4.4","-8.1,-1.3","-20.9,2.4","-25.9,-1","-20.7,-4.4","-22.9,-0.1","-17.8,-5.5",,,,,,,,,,,,,,,,,,,,,,,,,,AwayPowerplay,True,False,3.0
3,176,1767185909580,PuckControl,AwayPowerplay,4v5,True,True,HomeTeamZone,"-24.2,-5.8","26.5,4.5",,,,,,,,,,,,,,,,,,,,,,,,,Loose,AwayTeamZone,HomeTeamZone,,,,,150983.0,143575.0,337830.0,301617.0,347698.0,322236.0,888057606.0,888057597.0,888057602.0,888057599.0,888057614.0,,#29 Sandro Aeschlimann,#70 Enzo Corvi,#44 Matej Stransky,#72 Tino Kessler,#74 Rasmus Asplund,#55 Calle Andersson,#15 Charlie Cerrato,#30 Adam Gajan,#44 Vincent Borgesi,#5 Mac Gadowsky,#14 Matt Dimarsico,,Away,Away,Away,Away,Away,Away,Home,Home,Home,Home,Home,,"24.3,0.2","-19.1,-3.6","-24.1,-8.5","-23.5,1.2","-17.3,-4.4","-8.1,-1.3","-20.9,2.4","-25.9,-1","-20.7,-4.4","-22.9,-0.1","-17.8,-5.5",,,,,,,,,,,,,,,,,,,,,,,,,,AwayPowerplay,True,False,3.0
3,178,1767185911540,BluelineCrossing,AwayPowerplay,4v5,True,True,NeutralZone,"-7.1,13.9",,337830.0,#44 Matej Stransky,Away,,,,,,,,,,,,,,TowardsOpponent,,,,,,,,,,,,,,337830,150983.0,143575.0,337830.0,301617.0,347698.0,322236.0,888057606.0,888057597.0,888057602.0,888057599.0,888057614.0,,#29 Sandro Aeschlimann,#70 Enzo Corvi,#44 Matej Stransky,#72 Tino Kessler,#74 Rasmus Asplund,#55 Calle Andersson,#15 Charlie Cerrato,#30 Adam Gajan,#44 Vincent Borgesi,#5 Mac Gadowsky,#14 Matt Dimarsico,,Away,Away,Away,Away,Away,Away,Home,Home,Home,Home,Home,,"24.8,0.9","-18.5,5.7","-22.4,-10.6","-23.1,1.9","-16.2,-2.4","-5.6,2.4","-19.4,4.5","-25.9,-0.1","-22.5,-2.3","-23.6,2.5","-16.7,-1.8",,1.076,5.135,2.285,2.707,3.368,5.166,4.132,0.471,2.855,4.015,3.423,,"0.339,0.941","0.711,0.703","0.949,0.316","0.778,0.629","0.789,0.614","0.744,0.669","0.612,0.791","0.766,0.643","0.465,0.885","0.573,0.82","0.69,0.724",,AwayPowerplay,True,False,3.0
3,179,1767185912820,BluelineCrossing,AwayPowerplay,4v5,True,True,AwayTeamZone,"7.2,12.4",,337830.0,#44 Matej Stransky,Away,,,,,,,,,,,,,,TowardsOpponent,,"143575,347698,322236",,,,,,,,,,,,"337830,143575,347698,322236",150983.0,143575.0,337830.0,301617.0,347698.0,322236.0,888057606.0,888057597.0,888057602.0,888057599.0,888057614.0,,#29 Sandro Aeschlimann,#70 Enzo Corvi,#44 Matej Stransky,#72 Tino Kessler,#74 Rasmus Asplund,#55 Calle Andersson,#15 Charlie Cerrato,#30 Adam Gajan,#44 Vincent Borgesi,#5 Mac Gadowsky,#14 Matt Dimarsico,,Away,Away,Away,Away,Away,Away,Home,Home,Home,Home,Home,,"25.2,2.3","-12.4,8.7","-18.5,-9.2","-19,4.4","-12.4,1.2","-0.5,7.1","-15.2,8","-25.9,-0.1","-19.6,1.6","-19.7,7.6","-13.4,2.1",,1.09,5.324,4.102,4.841,4.726,5.153,4.319,0.323,4.209,5.309,4.248,,"0.97,0.242","0.915,0.404","0.935,0.356","0.921,0.39","0.715,0.699","0.74,0.672","0.724,0.69","-0.575,0.819","0.54,0.842","0.604,0.797","0.409,0.912",,AwayPowerplay,True,False,3.0
3,184,1767185917140,PuckControl,AwayPowerplay,4v5,True,True,AwayTeamZone,"26.5,4.5","27.9,3.5",150983.0,#29 Sandro Aeschlimann,Away,,,,,,,,,,,,,,,,,,,,,,AwayControl,HomeTeamZone,HomeTeamZone,,,,150983,150983.0,337830.0,301617.0,153736.0,345037.0,888057603.0,888057597.0,888057607.0,888057608.0,888057601.0,346405.0,,#29 Sandro Aeschlimann,#44 Matej Stransky,#72 Tino Kessler,#38 Lukas Frick,#15 Simon Ryfors,#17 Larry Keenan,#30 Adam Gajan,#22 Cole Knuble,#11 Danny Nelson,#23 Eric Pohlkamp,#18 Filip Zadina,,Away,Away,Away,Away,Away,Home,Home,Home,Home,Home,Away,,"26.4,2.3","-3.9,6.3","-0.8,13.2","20.2,10.1","17.2,11.8","-9.2,10.7","-26.4,-0.2","-6.5,11.2","4.5,10","-6,2.9","11.2,12.9",,,,,,,,,,,,,,,,,,,,,,,,,,AwayPowerplay,True,False,3.0
3,185,1767185918500,PuckControl,AwayPowerplay,4v5,True,True,AwayTeamZone,"27.9,3.5","22.1,-3",153736.0,#38 Lukas Frick,Away,,,,,,,,,,,,,,,,,,,,,,AwayControl,HomeTeamZone,HomeTeamZone,,,,153736,150983.0,337830.0,153736.0,346405.0,345037.0,347294.0,888057603.0,888057597.0,888057607.0,888057608.0,888057601.0,,#29 Sandro Aeschlimann,#44 Matej Stransky,#38 Lukas Frick,#18 Filip Zadina,#15 Simon Ryfors,#22 Brendan Lemieux,#17 Larry Keenan,#30 Adam Gajan,#22 Cole Knuble,#11 Danny Nelson,#23 Eric Pohlkamp,,Away,Away,Away,Away,Away,Away,Home,Home,Home,Home,Home,,"26.2,1.9","0.6,10.5","27,5.4","18.3,13.7","24.5,11.7","-3.4,14.3","-6,7.9","-26.3,-0.2","-4.1,8.9","9.1,6","-2.2,0.3",,,,,,,,,,,,,,,,,,,,,,,,,,AwayPowerplay,True,False,3.0
3,187,1767185920640,Pass,AwayPowerplay,4v5,True,True,AwayTeamZone,"22.1,-3.1","24.2,6.3",153736.0,#38 Lukas Frick,Away,346405.0,#18 Filip Zadina,Away,,,,,,,,Successful,9.2,,,,,,,,,,,,,,,,"153736,346405",150983.0,153736.0,346405.0,345038.0,345037.0,347294.0,888057603.0,888057597.0,888057607.0,888057608.0,888057601.0,,#29 Sandro Aeschlimann,#38 Lukas Frick,#18 Filip Zadina,#19 Adam Tambellini,#15 Simon Ryfors,#22 Brendan Lemieux,#17 Larry Keenan,#30 Adam Gajan,#22 Cole Knuble,#11 Danny Nelson,#23 Eric Pohlkamp,,Away,Away,Away,Away,Away,Away,Home,Home,Home,Home,Home,,"26.6,0","22.9,-4.4","27.8,10.2","-7.1,13.9","29.9,1.9","-1,4.7","-4,0.8","-26.4,-0.2","0.3,8.3","17.5,1.3","0.5,-6.6",,0.876,6.144,4.519,1.087,6.342,6.169,4.441,0.071,1.116,4.883,2.417,,"0.182,-0.983","-0.958,-0.288","0.341,-0.94","-0.807,0.59","0.001,-1","0.772,-0.636","0.102,-0.995","0.17,0.985","0.978,0.21","0.381,-0.925","0.814,-0.581",,AwayPowerplay,True,False,3.0
3,187,1767185920660,PuckControl,AwayPowerplay,4v5,True,True,AwayTeamZone,"22.1,-3","24.2,6.3",,,,,,,,,,,,,,,,,,,,,,,,,AwayControl,HomeTeamZone,HomeTeamZone,,,,,150983.0,153736.0,346405.0,345038.0,345037.0,347294.0,888057603.0,888057597.0,888057607.0,888057608.0,888057601.0,,#29 Sandro Aeschlimann,#38 Lukas Frick,#18 Filip Zadina,#19 Adam Tambellini,#15 Simon Ryfors,#22 Brendan Lemieux,#17 Larry Keenan,#30 Adam Gajan,#22 Cole Knuble,#11 Danny Nelson,#23 Eric Pohlkamp,,Away,Away,Away,Away,Away,Away,Home,Home,Home,Home,Home,,"26.6,0","22.8,-4.4","27.8,10.1","-7.1,13.9","29.9,1.8","-0.9,4.6","-4,0.8","-26.4,-0.2","0.3,8.3","17.5,1.2","0.6,-6.6",,,,,,,,,,,,,,,,,,,,,,,,,,AwayPowerplay,True,False,3.0
3,188,1767185921780,PuckControl,AwayPowerplay,4v5,True,True,AwayTeamZone,"24.2,6.3","10,6.2",346405.0,#18 Filip Zadina,Away,,,,,,,,,,,,,,,,,,,,,,AwayControl,HomeTeamZone,HomeTeamZone,,,,346405,150983.0,153736.0,346405.0,345038.0,345037.0,347294.0,888057603.0,888057597.0,888057607.0,888057608.0,888057601.0,,#29 Sandro Aeschlimann,#38 Lukas Frick,#18 Filip Zadina,#19 Adam Tambellini,#15 Simon Ryfors,#22 Brendan Lemieux,#17 Larry Keenan,#30 Adam Gajan,#22 Cole Knuble,#11 Danny Nelson,#23 Eric Pohlkamp,,Away,Away,Away,Away,Away,Away,Home,Home,Home,Home,Home,,"26.5,-0.3","16.3,-5.1","25.6,6.9","-6.9,14.9","29.2,-4.9","3.6,-0.8","-3.6,-2.1","-26.5,-0.5","-0.1,9.5","15.4,-2.8","1.5,-8",,,,,,,,,,,,,,,,,,,,,,,,,,AwayPowerplay,True,False,3.0
3,191,1767185924360,Pass,AwayPowerplay,4v5,True,True,AwayTeamZone,"10.1,6.2","0.4,-12.8",346405.0,#18 Filip Zadina,Away,347294.0,#22 Brendan Lemieux,Away,,,,,,,,Successful,22.0,,,,,,,,,,,,,,,,"346405,347294",150983.0,153736.0,346405.0,345037.0,347294.0,888057603.0,888057597.0,888057607.0,888057608.0,888057601.0,345038.0,,#29 Sandro Aeschlimann,#38 Lukas Frick,#18 Filip Zadina,#15 Simon Ryfors,#22 Brendan Lemieux,#17 Larry Keenan,#30 Adam Gajan,#22 Cole Knuble,#11 Danny Nelson,#23 Eric Pohlkamp,#19 Adam Tambellini,,Away,Away,Away,Away,Away,Home,Home,Home,Home,Home,Away,,"26.3,-0.3","0.7,3","9.4,6.9","12.4,-7","4.1,-13.7","-5.8,0.9","-26.1,-0.1","-4.1,9","4.8,3.4","-3.5,-5.8","-4.3,14.9",,0.362,7.812,8.036,8.342,2.612,2.73,0.27,2.123,5.291,3.412,0.731,,"-0.986,0.164","-0.816,0.578","-0.779,-0.627","-0.996,0.084","-0.963,-0.268","-0.535,0.845","0.759,0.651","-0.984,0.178","-1,-0.009","-0.777,0.629","0.97,-0.244",,AwayPowerplay,True,False,3.0
3,191,1767185924380,PuckControl,AwayPowerplay,4v5,True,True,AwayTeamZone,"10,6.2","0.4,-12.8",,,,,,,,,,,,,,,,,,,,,,,,,AwayControl,HomeTeamZone,NeutralZone,,,,,150983.0,153736.0,346405.0,345037.0,347294.0,888057603.0,888057597.0,888057607.0,888057608.0,888057601.0,345038.0,,#29 Sandro Aeschlimann,#38 Lukas Frick,#18 Filip Zadina,#15 Simon Ryfors,#22 Brendan Lemieux,#17 Larry Keenan,#30 Adam Gajan,#22 Cole Knuble,#11 Danny Nelson,#23 Eric Pohlkamp,#19 Adam Tambellini,,Away,Away,Away,Away,Away,Home,Home,Home,Home,Home,Away,,"26.3,-0.3","0.6,3.1","9.2,6.8","12.3,-7","4.1,-13.7","-5.8,0.9","-26.1,-0.1","-4.1,9.1","4.7,3.4","-3.5,-5.7","-4.3,14.9",,,,,,,,,,,,,,,,,,,,,,,,,,AwayPowerplay,True,False,3.0
3,191,1767185924760,BluelineCrossing,AwayPowerplay,4v5,True,True,AwayTeamZone,"7.2,2.2",,346405.0,#18 Filip Zadina,Away,,,,,,,,,,,,,PossessionMaintained,TowardsOpponent,,,,,,,,,,,,,,346405,150983.0,153736.0,346405.0,345037.0,347294.0,888057603.0,888057597.0,888057607.0,888057608.0,888057601.0,345038.0,,#29 Sandro Aeschlimann,#38 Lukas Frick,#18 Filip Zadina,#15 Simon Ryfors,#22 Brendan Lemieux,#17 Larry Keenan,#30 Adam Gajan,#22 Cole Knuble,#11 Danny Nelson,#23 Eric Pohlkamp,#19 Adam Tambellini,,Away,Away,Away,Away,Away,Home,Home,Home,Home,Home,Away,,"26.2,-0.1","-1.6,4.3","7,4.9","9.1,-7","3,-14","-6.3,1.6","-25.9,-0.1","-5,9.1","2.8,3.1","-4.5,-5.3","-3.9,14.9",,0.557,5.58,7.202,8.468,2.819,1.938,0.698,2.243,4.679,2.866,1.222,,"-0.661,0.751","-0.916,0.402","-0.762,-0.648","-1,0.02","-0.961,-0.277","-0.748,0.664","0.999,0.05","-0.996,0.09","-0.95,-0.313","-0.996,0.087","0.85,-0.527",,AwayPowerplay,True,False,3.0
3,192,1767185925380,PuckControl,AwayPowerplay,4v5,True,True,NeutralZone,"0.4,-12.8","-8.7,-14.3",347294.0,#22 Brendan Lemieux,Away,,,,,,,,,,,,,,,,,,,,,,AwayControl,NeutralZone,AwayTeamZone,,,,347294,150983.0,153736.0,346405.0,345038.0,345037.0,347294.0,888057603.0,888057597.0,888057607.0,888057608.0,888057601.0,,#29 Sandro Aeschlimann,#38 Lukas Frick,#18 Filip Zadina,#19 Adam Tambellini,#15 Simon Ryfors,#22 Brendan Lemieux,#17 Larry Keenan,#30 Adam Gajan,#22 Cole Knuble,#11 Danny Nelson,#23 Eric Pohlkamp,,Away,Away,Away,Away,Away,Away,Home,Home,Home,Home,Home,,"26.2,0.2","-4.3,4.6","3.3,3.1","-3.7,14.9","3.6,-7.2","0.8,-14.1","-8,1","-25.3,0","-6.4,8.5","0,1.2","-6.4,-5.9",,,,,,,,,,,,,,,,,,,,,,,,,,AwayPowerplay,True,False,3.0
3,193,1767185926460,BluelineCrossing,AwayPowerplay,4v5,True,True,NeutralZone,"-7.1,-13.2",,347294.0,#22 Brendan Lemieux,Away,,,,,,,,,,,,,PossessionLost,TowardsOpponent,"153736,346405,345038,345037,347294","888057603,888057607,888057608,888057601",,,,,,,,,,,,"347294,153736,346405,345038,345037,888057603,888057607,888057608,888057601",150983.0,153736.0,346405.0,345038.0,345037.0,347294.0,888057603.0,888057597.0,888057607.0,888057608.0,888057601.0,,#29 Sandro Aeschlimann,#38 Lukas Frick,#18 Filip Zadina,#19 Adam Tambellini,#15 Simon Ryfors,#22 Brendan Lemieux,#17 Larry Keenan,#30 Adam Gajan,#22 Cole Knuble,#11 Danny Nelson,#23 Eric Pohlkamp,,Away,Away,Away,Away,Away,Away,Home,Home,Home,Home,Home,,"26.6,0.5","-6.8,2.4","-4.5,3.4","-5.6,13.7","-6.2,-8.8","-6,-13.9","-12.3,-1","-25.3,-0.8","-9.6,5.7","-5.6,-4.4","-8.9,-10.5",,0.451,3.11,7.169,3.311,9.262,6.455,4.485,0.694,4.292,7.316,5.023,,"-0.9,-0.436","-0.245,-0.969","-0.996,0.094","-0.933,-0.359","-0.956,-0.292","-1,-0.013","-0.958,-0.286","-0.516,-0.857","-0.834,-0.552","-0.827,-0.562","-0.594,-0.804",,AwayPowerplay,True,False,3.0
3,193,1767185926680,Pass,AwayPowerplay,4v5,True,True,HomeTeamZone,"-8.6,-14.3","-11.8,-13.1",347294.0,#22 Brendan Lemieux,Away,888057601.0,#23 Eric Pohlkamp,Home,,,,,,,,Intercepted,10.3,,,,,,,,,,,,,,,,"347294,888057601",150983.0,153736.0,346405.0,345038.0,345037.0,347294.0,888057603.0,888057597.0,888057607.0,888057608.0,888057601.0,,#29 Sandro Aeschlimann,#38 Lukas Frick,#18 Filip Zadina,#19 Adam Tambellini,#15 Simon Ryfors,#22 Brendan Lemieux,#17 Larry Keenan,#30 Adam Gajan,#22 Cole Knuble,#11 Danny Nelson,#23 Eric Pohlkamp,,Away,Away,Away,Away,Away,Away,Home,Home,Home,Home,Home,,"26.5,0.4","-6.8,1.7","-6.1,3.6","-6.4,13.5","-8.2,-9.5","-7.4,-13.9","-13.3,-1.3","-25.4,-0.9","-10.4,5.2","-7,-5.3","-9.7,-11.2",,0.833,3.579,6.908,4.231,9.429,6.284,4.56,0.336,4.318,7.546,4.676,,"-0.733,-0.68","0.002,-1","-0.995,0.098","-0.976,-0.217","-0.951,-0.308","-0.998,-0.059","-0.965,-0.262","-0.103,-0.995","-0.842,-0.539","-0.87,-0.493","-0.811,-0.585",,AwayPowerplay,True,False,3.0
3,193,1767185926700,PuckControl,AwayPowerplay,4v5,True,True,HomeTeamZone,"-8.7,-14.3","-11.8,-13.1",,,,,,,,,,,,,,,,,,,,,,,,,Loose,AwayTeamZone,AwayTeamZone,,,,,150983.0,153736.0,346405.0,345038.0,345037.0,347294.0,888057603.0,888057597.0,888057607.0,888057608.0,888057601.0,,#29 Sandro Aeschlimann,#38 Lukas Frick,#18 Filip Zadina,#19 Adam Tambellini,#15 Simon Ryfors,#22 Brendan Lemieux,#17 Larry Keenan,#30 Adam Gajan,#22 Cole Knuble,#11 Danny Nelson,#23 Eric Pohlkamp,,Away,Away,Away,Away,Away,Away,Home,Home,Home,Home,Home,,"26.5,0.4","-6.8,1.6","-6.2,3.6","-6.5,13.5","-8.4,-9.5","-7.5,-13.9","-13.4,-1.3","-25.4,-0.9","-10.5,5.1","-7.1,-5.3","-9.7,-11.3",,,,,,,,,,,,,,,,,,,,,,,,,,AwayPowerplay,True,False,3.0
3,193,1767185927020,PuckControl,AwayPowerplay,4v5,True,True,HomeTeamZone,"-11.8,-13.1","-15.2,-14",888057601.0,#23 Eric Pohlkamp,Home,,,,,,,,,,,,,,,,,,,,,,HomeControl,AwayTeamZone,AwayTeamZone,,,,888057601,150983.0,153736.0,346405.0,345038.0,345037.0,347294.0,888057603.0,888057597.0,888057607.0,888057608.0,888057601.0,,#29 Sandro Aeschlimann,#38 Lukas Frick,#18 Filip Zadina,#19 Adam Tambellini,#15 Simon Ryfors,#22 Brendan Lemieux,#17 Larry Keenan,#30 Adam Gajan,#22 Cole Knuble,#11 Danny Nelson,#23 Eric Pohlkamp,,Away,Away,Away,Away,Away,Away,Home,Home,Home,Home,Home,,"26.3,0.2","-6.8,0.4","-8.4,3.7","-8,13.3","-11.2,-10.3","-9.5,-14.1","-14.8,-1.8","-25.4,-1","-11.7,4.5","-9.3,-6.4","-11.1,-11.9",,,,,,,,,,,,,,,,,,,,,,,,,,AwayPowerplay,True,False,3.0
3,194,1767185927480,PuckControl,AwayPowerplay,4v5,True,True,HomeTeamZone,"-15.2,-14","-20.7,-14.8",,,,,,,,,,,,,,,,,,,,,,,,,Loose,AwayTeamZone,AwayTeamZone,,,,,150983.0,153736.0,346405.0,345038.0,345037.0,347294.0,888057603.0,888057597.0,888057607.0,888057608.0,888057601.0,,#29 Sandro Aeschlimann,#38 Lukas Frick,#18 Filip Zadina,#19 Adam Tambellini,#15 Simon Ryfors,#22 Brendan Lemieux,#17 Larry Keenan,#30 Adam Gajan,#22 Cole Knuble,#11 Danny Nelson,#23 Eric Pohlkamp,,Away,Away,Away,Away,Away,Away,Home,Home,Home,Home,Home,,"25.8,0.1","-6.6,-1.9","-11.5,3.6","-10.1,13.3","-14.8,-11.5","-12.2,-14.4","-17.2,-2.9","-25.5,-0.8","-13.8,3.5","-12.3,-7.2","-13.4,-12.3",,,,,,,,,,,,,,,,,,,,,,,,,,AwayPowerplay,True,False,3.0
3,195,1767185928280,PuckControl,AwayPowerplay,4v5,True,True,HomeTeamZone,"-20.7,-14.8","-26.2,-10.9",345037.0,#15 Simon Ryfors,Away,,,,,,,,,,,,,,,,,,,,,,AwayControl,AwayTeamZone,AwayTeamZone,,,,345037,150983.0,153736.0,346405.0,345038.0,345037.0,347294.0,888057603.0,888057597.0,888057607.0,888057608.0,888057601.0,,#29 Sandro Aeschlimann,#38 Lukas Frick,#18 Filip Zadina,#19 Adam Tambellini,#15 Simon Ryfors,#22 Brendan Lemieux,#17 Larry Keenan,#30 Adam Gajan,#22 Cole Knuble,#11 Danny Nelson,#23 Eric Pohlkamp,,Away,Away,Away,Away,Away,Away,Home,Home,Home,Home,Home,,"25,0.4","-7.5,-5.9","-15.8,1.1","-13.4,13.5","-19.9,-13.8","-16.7,-14","-21.1,-4.3","-25.8,-0.5","-17.2,1.6","-16.9,-7.6","-17.8,-13.6",,,,,,,,,,,,,,,,,,,,,,,,,,AwayPowerplay,True,False,3.0
3,198,1767185932000,Pass,AwayPowerplay,4v5,True,True,HomeTeamZone,"-26.3,-10.8","-12.7,-13.4",345037.0,#15 Simon Ryfors,Away,346405.0,#18 Filip Zadina,Away,,,,,,,,Successful,18.1,,,,,,,,,,,,,,,,"345037,346405",150983.0,153736.0,346405.0,345038.0,345037.0,347294.0,888057603.0,888057597.0,888057607.0,888057608.0,888057601.0,,#29 Sandro Aeschlimann,#38 Lukas Frick,#18 Filip Zadina,#19 Adam Tambellini,#15 Simon Ryfors,#22 Brendan Lemieux,#17 Larry Keenan,#30 Adam Gajan,#22 Cole Knuble,#11 Danny Nelson,#23 Eric Pohlkamp,,Away,Away,Away,Away,Away,Away,Home,Home,Home,Home,Home,,"24.6,0.1","-8.4,-6.3","-13.2,-13.8","-24.6,10","-26.5,-11.2","-26,-3.1","-24.3,-1.3","-25.9,-0.6","-21.3,-1.7","-18.5,-6.4","-28.1,-6.7",,0.512,3.421,2.074,3.717,4.087,1.655,0.104,0.349,0.862,0.985,2.99,,"0.141,-0.99","-0.118,0.993","1,0.024","0.721,-0.693","0.818,-0.575","-0.113,0.994","-0.209,0.978","-0.968,0.252","0.788,-0.615","0.474,-0.881","0.958,-0.287",,AwayPowerplay,True,False,3.0
3,198,1767185932020,PuckControl,AwayPowerplay,4v5,True,True,HomeTeamZone,"-26.2,-10.9","-12.7,-13.4",,,,,,,,,,,,,,,,,,,,,,,,,AwayControl,AwayTeamZone,AwayTeamZone,,,,,150983.0,153736.0,346405.0,345038.0,345037.0,347294.0,888057603.0,888057597.0,888057607.0,888057608.0,888057601.0,,#29 Sandro Aeschlimann,#38 Lukas Frick,#18 Filip Zadina,#19 Adam Tambellini,#15 Simon Ryfors,#22 Brendan Lemieux,#17 Larry Keenan,#30 Adam Gajan,#22 Cole Knuble,#11 Danny Nelson,#23 Eric Pohlkamp,,Away,Away,Away,Away,Away,Away,Home,Home,Home,Home,Home,,"24.6,0.1","-8.4,-6.2","-13.1,-13.8","-24.6,9.9","-26.4,-11.2","-26,-3.1","-24.3,-1.3","-25.9,-0.6","-21.2,-1.7","-18.5,-6.5","-28.1,-6.8",,,,,,,,,,,,,,,,,,,,,,,,,,AwayPowerplay,True,False,3.0
3,199,1767185932840,PuckControl,AwayPowerplay,4v5,True,True,HomeTeamZone,"-12.7,-13.4","-10.4,-10.2",346405.0,#18 Filip Zadina,Away,,,,,,,,,,,,,,,,,,,,,,AwayControl,AwayTeamZone,AwayTeamZone,,,,346405,150983.0,153736.0,346405.0,345038.0,345037.0,347294.0,888057603.0,888057597.0,888057607.0,888057608.0,888057601.0,,#29 Sandro Aeschlimann,#38 Lukas Frick,#18 Filip Zadina,#19 Adam Tambellini,#15 Simon Ryfors,#22 Brendan Lemieux,#17 Larry Keenan,#30 Adam Gajan,#22 Cole Knuble,#11 Danny Nelson,#23 Eric Pohlkamp,,Away,Away,Away,Away,Away,Away,Home,Home,Home,Home,Home,,"24.5,0","-9.2,-2.2","-11.3,-13.1","-21.9,8.7","-23.3,-12.8","-25.6,-1.6","-24.2,-1.1","-26.1,-0.5","-20.3,-1.7","-17.4,-6.5","-25.1,-7.2",,,,,,,,,,,,,,,,,,,,,,,,,,AwayPowerplay,True,False,3.0
3,200,1767185933660,Pass,AwayPowerplay,4v5,True,True,HomeTeamZone,"-10.4,-10.3","-10.5,3.3",346405.0,#18 Filip Zadina,Away,153736.0,#38 Lukas Frick,Away,,,,,,,,Successful,22.8,,,,,,,,,,,,,,,,"346405,153736",150983.0,153736.0,346405.0,345038.0,345037.0,347294.0,888057603.0,888057597.0,888057607.0,888057608.0,888057601.0,,#29 Sandro Aeschlimann,#38 Lukas Frick,#18 Filip Zadina,#19 Adam Tambellini,#15 Simon Ryfors,#22 Brendan Lemieux,#17 Larry Keenan,#30 Adam Gajan,#22 Cole Knuble,#11 Danny Nelson,#23 Eric Pohlkamp,,Away,Away,Away,Away,Away,Away,Home,Home,Home,Home,Home,,"24.6,0.2","-10.3,1.9","-9.9,-10.2","-19.8,8.5","-20.4,-13.5","-24.5,-0.4","-23.8,-0.5","-25.7,-0.4","-18.9,-0.8","-15.3,-6.1","-22.7,-5.3",,0.262,4.486,4.667,1.216,3.203,1.258,1.531,0.855,2.721,2.261,3.531,,"-0.047,-0.999","-0.284,0.959","0.364,0.932","0.988,0.152","0.985,0.171","0.837,0.547","0.449,0.893","0.978,0.21","0.823,0.567","0.993,-0.118","0.611,0.792",,AwayPowerplay,True,False,3.0
3,200,1767185933680,PuckControl,AwayPowerplay,4v5,True,True,HomeTeamZone,"-10.4,-10.2","-10.5,3.3",,,,,,,,,,,,,,,,,,,,,,,,,AwayControl,AwayTeamZone,AwayTeamZone,,,,,150983.0,153736.0,346405.0,345038.0,345037.0,347294.0,888057603.0,888057597.0,888057607.0,888057608.0,888057601.0,,#29 Sandro Aeschlimann,#38 Lukas Frick,#18 Filip Zadina,#19 Adam Tambellini,#15 Simon Ryfors,#22 Brendan Lemieux,#17 Larry Keenan,#30 Adam Gajan,#22 Cole Knuble,#11 Danny Nelson,#23 Eric Pohlkamp,,Away,Away,Away,Away,Away,Away,Home,Home,Home,Home,Home,,"24.6,0.2","-10.3,1.9","-9.9,-10.1","-19.8,8.5","-20.4,-13.4","-24.4,-0.4","-23.8,-0.5","-25.7,-0.4","-18.9,-0.7","-15.3,-6.2","-22.6,-5.2",,,,,,,,,,,,,,,,,,,,,,,,,,AwayPowerplay,True,False,3.0
3,201,1767185934360,Shot,AwayPowerplay,4v5,True,True,HomeTeamZone,"-10.5,3.3",,153736.0,#38 Lukas Frick,Away,888057597.0,#30 Adam Gajan,Home,,Blocked,113.2,"888057603,888057607,347294",0.03,,,,,,,,,,,,,,,,,,,,"153736,888057597,888057603,888057607,347294",150983.0,153736.0,346405.0,345038.0,345037.0,347294.0,888057603.0,888057597.0,888057607.0,888057608.0,888057601.0,,#29 Sandro Aeschlimann,#38 Lukas Frick,#18 Filip Zadina,#19 Adam Tambellini,#15 Simon Ryfors,#22 Brendan Lemieux,#17 Larry Keenan,#30 Adam Gajan,#22 Cole Knuble,#11 Danny Nelson,#23 Eric Pohlkamp,,Away,Away,Away,Away,Away,Away,Home,Home,Home,Home,Home,,"24.5,0.1","-11.1,4","-8.7,-7.3","-19.8,8.7","-19,-12.3","-24,0","-23.3,1","-25.3,-0.3","-17.1,1.3","-14.2,-6.3","-22,-3.7",,0.133,2.964,4.46,0.812,2.978,1.228,3.002,0.512,5.294,0.728,1.575,,"0.938,-0.347","-0.26,0.966","0.362,0.932","-0.932,0.362","0.31,0.951","0.337,0.941","0.277,0.961","0.898,0.44","0.541,0.841","0.999,-0.05","0.006,1",,AwayPowerplay,True,False,3.0
3,201,1767185934360,PuckControl,AwayPowerplay,4v5,True,True,HomeTeamZone,"-10.5,3.3","-10.8,3.3",153736.0,#38 Lukas Frick,Away,,,,,,,,,,,,,,,,,,,,,,AwayControl,AwayTeamZone,AwayTeamZone,,,,153736,150983.0,153736.0,346405.0,345038.0,345037.0,347294.0,888057603.0,888057597.0,888057607.0,888057608.0,888057601.0,,#29 Sandro Aeschlimann,#38 Lukas Frick,#18 Filip Zadina,#19 Adam Tambellini,#15 Simon Ryfors,#22 Brendan Lemieux,#17 Larry Keenan,#30 Adam Gajan,#22 Cole Knuble,#11 Danny Nelson,#23 Eric Pohlkamp,,Away,Away,Away,Away,Away,Away,Home,Home,Home,Home,Home,,"24.5,0.1","-11.1,4","-8.7,-7.3","-19.8,8.7","-19,-12.3","-24,0","-23.3,1","-25.3,-0.3","-17.1,1.3","-14.2,-6.3","-22,-3.7",,,,,,,,,,,,,,,,,,,,,,,,,,AwayPowerplay,True,False,3.0
3,201,1767185934380,PuckControl,AwayPowerplay,4v5,True,True,HomeTeamZone,"-10.8,3.3","-26.3,9",,,,,,,,,,,,,,,,,,,,,,,,,Loose,AwayTeamZone,AwayTeamZone,,,,,150983.0,153736.0,346405.0,345038.0,345037.0,347294.0,888057603.0,888057597.0,888057607.0,888057608.0,888057601.0,,#29 Sandro Aeschlimann,#38 Lukas Frick,#18 Filip Zadina,#19 Adam Tambellini,#15 Simon Ryfors,#22 Brendan Lemieux,#17 Larry Keenan,#30 Adam Gajan,#22 Cole Knuble,#11 Danny Nelson,#23 Eric Pohlkamp,,Away,Away,Away,Away,Away,Away,Home,Home,Home,Home,Home,,"24.5,0.1","-11.2,4","-8.7,-7.2","-19.8,8.7","-19,-12.2","-24,0","-23.3,1","-25.3,-0.3","-17,1.3","-14.2,-6.3","-22,-3.7",,,,,,,,,,,,,,,,,,,,,,,,,,AwayPowerplay,True,False,3.0
3,203,1767185936200,PuckControl,AwayPowerplay,4v5,True,True,HomeTeamZone,"-26.3,9","-28.7,9.1",888057603.0,#17 Larry Keenan,Home,,,,,,,,,,,,,,,,,,,,,,HomeControl,AwayTeamZone,AwayTeamZone,,,,888057603,150983.0,153736.0,346405.0,345038.0,345037.0,347294.0,888057603.0,888057597.0,888057607.0,888057608.0,888057601.0,,#29 Sandro Aeschlimann,#38 Lukas Frick,#18 Filip Zadina,#19 Adam Tambellini,#15 Simon Ryfors,#22 Brendan Lemieux,#17 Larry Keenan,#30 Adam Gajan,#22 Cole Knuble,#11 Danny Nelson,#23 Eric Pohlkamp,,Away,Away,Away,Away,Away,Away,Home,Home,Home,Home,Home,,"24.4,0","-9.8,7.5","-8.4,0","-23.2,10.1","-23.1,-7.1","-23,4.8","-24.8,7.4","-25.6,-0.1","-16.1,8.8","-15.4,-2.6","-23.4,-1",,,,,,,,,,,,,,,,,,,,,,,,,,AwayPowerplay,True,False,3.0
3,203,1767185936760,Pass,AwayPowerplay,4v5,True,True,HomeTeamZone,"-28.6,9","-7.2,14.8",888057603.0,#17 Larry Keenan,Home,,,,,,,,,,,Failed,13.7,,,,,,,,,,,,,,,,888057603,150983.0,153736.0,346405.0,345038.0,345037.0,347294.0,888057603.0,888057597.0,888057607.0,888057608.0,888057601.0,,#29 Sandro Aeschlimann,#38 Lukas Frick,#18 Filip Zadina,#19 Adam Tambellini,#15 Simon Ryfors,#22 Brendan Lemieux,#17 Larry Keenan,#30 Adam Gajan,#22 Cole Knuble,#11 Danny Nelson,#23 Eric Pohlkamp,,Away,Away,Away,Away,Away,Away,Home,Home,Home,Home,Home,,"24.4,0","-8.9,8.1","-9.9,1.6","-25.2,9.9","-25.3,-6.4","-24.2,5.9","-27.2,8.2","-26.1,0","-16.9,10.9","-16.3,-1.6","-24.4,0.2",,0.266,2.025,3.918,3.678,4.102,3.273,4.008,0.578,3.417,2.545,2.672,,"-0.163,0.987","0.652,0.758","-0.581,0.814","-0.979,-0.206","-0.89,0.456","-0.884,0.467","-0.939,0.344","-0.998,0.056","-0.106,0.994","-0.335,0.942","-0.721,0.693",,AwayPowerplay,True,False,3.0
3,203,1767185936780,PuckControl,AwayPowerplay,4v5,True,True,HomeTeamZone,"-28.7,9.1","-6.9,14.9",,,,,,,,,,,,,,,,,,,,,,,,,Loose,AwayTeamZone,NeutralZone,,,,,150983.0,153736.0,346405.0,345038.0,345037.0,347294.0,888057603.0,888057597.0,888057607.0,888057608.0,888057601.0,,#29 Sandro Aeschlimann,#38 Lukas Frick,#18 Filip Zadina,#19 Adam Tambellini,#15 Simon Ryfors,#22 Brendan Lemieux,#17 Larry Keenan,#30 Adam Gajan,#22 Cole Knuble,#11 Danny Nelson,#23 Eric Pohlkamp,,Away,Away,Away,Away,Away,Away,Home,Home,Home,Home,Home,,"24.4,0","-8.9,8.1","-9.9,1.7","-25.3,9.9","-25.4,-6.3","-24.3,6","-27.3,8.3","-26.1,0","-16.9,11","-16.3,-1.5","-24.4,0.2",,,,,,,,,,,,,,,,,,,,,,,,,,AwayPowerplay,True,False,3.0
3,205,1767185939000,BluelineCrossing,AwayPowerplay,4v5,True,True,NeutralZone,"-7.1,14.8",,888057607.0,#22 Cole Knuble,Home,,,,,,,,,,,,,PossessionLost,TowardsOpponent,,,,,,,,,,,,,,888057607,150983.0,153736.0,346405.0,345038.0,345037.0,347294.0,888057603.0,888057597.0,888057608.0,888057601.0,888057607.0,,#29 Sandro Aeschlimann,#38 Lukas Frick,#18 Filip Zadina,#19 Adam Tambellini,#15 Simon Ryfors,#22 Brendan Lemieux,#17 Larry Keenan,#30 Adam Gajan,#11 Danny Nelson,#23 Eric Pohlkamp,#22 Cole Knuble,,Away,Away,Away,Away,Away,Away,Home,Home,Home,Home,Home,,"24.5,0.3","-8.4,14.4","-5.4,8","-24.2,13.4","-20.1,-1","-21.7,11.4","-27.7,8.6","-26.2,0.2","-11.8,4.8","-22.2,3.2","-9.7,14.9",,0.379,1.465,5.397,4.409,4.957,5.039,2.877,0.261,4.385,3.195,3.826,,"0.22,0.976","-0.209,0.978","0.851,0.526","0.929,0.37","0.972,0.234","0.996,0.086","0.997,-0.082","-0.984,0.176","0.956,0.294","0.995,-0.102","0.973,0.229",,AwayPowerplay,True,False,3.0
3,206,1767185939100,PuckControl,AwayPowerplay,4v5,True,True,NeutralZone,"-6.9,14.9","-5.7,14.9",,,,,,,,,,,,,,,,,,,,,,,,,Contested,NeutralZone,NeutralZone,"888057607,153736",,,,150983.0,153736.0,346405.0,345038.0,345037.0,347294.0,888057603.0,888057597.0,888057608.0,888057601.0,888057607.0,,#29 Sandro Aeschlimann,#38 Lukas Frick,#18 Filip Zadina,#19 Adam Tambellini,#15 Simon Ryfors,#22 Brendan Lemieux,#17 Larry Keenan,#30 Adam Gajan,#11 Danny Nelson,#23 Eric Pohlkamp,#22 Cole Knuble,,Away,Away,Away,Away,Away,Away,Home,Home,Home,Home,Home,,"24.6,0.3","-8.4,14.5","-4.9,8.3","-23.8,13.6","-19.6,-0.9","-21.2,11.4","-27.4,8.6","-26.2,0.2","-11.3,4.9","-21.9,3.1","-9.3,14.9",,,,,,,,,,,,,,,,,,,,,,,,,,AwayPowerplay,True,False,3.0
3,206,1767185939520,PuckControl,AwayPowerplay,4v5,True,True,NeutralZone,"-5.7,14.9","-1.6,14.5",,,,,,,,,,,,,,,,,,,,,,,,,Loose,NeutralZone,NeutralZone,,,,,150983.0,153736.0,346405.0,345038.0,345037.0,347294.0,888057603.0,888057597.0,888057608.0,888057601.0,888057607.0,,#29 Sandro Aeschlimann,#38 Lukas Frick,#18 Filip Zadina,#19 Adam Tambellini,#15 Simon Ryfors,#22 Brendan Lemieux,#17 Larry Keenan,#30 Adam Gajan,#11 Danny Nelson,#23 Eric Pohlkamp,#22 Cole Knuble,,Away,Away,Away,Away,Away,Away,Home,Home,Home,Home,Home,,"24.7,0.5","-8.1,14.8","-3.1,9.8","-21.9,14.2","-17.2,-0.5","-18.9,11.5","-25.9,8.6","-26.3,0.2","-9.5,5.6","-20.6,2.8","-8.2,14.9",,,,,,,,,,,,,,,,,,,,,,,,,,AwayPowerplay,True,False,3.0
3,207,1767185940540,PuckControl,AwayPowerplay,4v5,True,True,NeutralZone,"-1.6,14.5","4,12.1",346405.0,#18 Filip Zadina,Away,,,,,,,,,,,,,,,,,,,,,,AwayControl,NeutralZone,NeutralZone,,,,346405,150983.0,153736.0,346405.0,345038.0,345037.0,347294.0,888057603.0,888057597.0,888057608.0,888057601.0,888057607.0,,#29 Sandro Aeschlimann,#38 Lukas Frick,#18 Filip Zadina,#19 Adam Tambellini,#15 Simon Ryfors,#22 Brendan Lemieux,#17 Larry Keenan,#30 Adam Gajan,#11 Danny Nelson,#23 Eric Pohlkamp,#22 Cole Knuble,,Away,Away,Away,Away,Away,Away,Home,Home,Home,Home,Home,,"24.6,0.7","-5,14.3","-0.4,13.9","-16.5,14.1","-11,-1.5","-12.9,11.1","-21.5,8.9","-26,0.1","-4.9,8.2","-17.2,2.2","-5,14.9",,,,,,,,,,,,,,,,,,,,,,,,,,AwayPowerplay,True,False,3.0
3,208,1767185941540,Pass,AwayPowerplay,4v5,True,True,NeutralZone,"4,12.2","-5.8,-12.1",346405.0,#18 Filip Zadina,Away,345037.0,#15 Simon Ryfors,Away,,,,,,,,Successful,19.4,,,,,,,,,,,,,,,,"346405,345037",150983.0,153736.0,346405.0,345038.0,345037.0,347294.0,888057603.0,888057597.0,888057608.0,888057601.0,888057607.0,,#29 Sandro Aeschlimann,#38 Lukas Frick,#18 Filip Zadina,#19 Adam Tambellini,#15 Simon Ryfors,#22 Brendan Lemieux,#17 Larry Keenan,#30 Adam Gajan,#11 Danny Nelson,#23 Eric Pohlkamp,#22 Cole Knuble,,Away,Away,Away,Away,Away,Away,Home,Home,Home,Home,Home,,"24.8,1.1","-1.2,12.2","2.5,13","-10.6,13.6","-6.7,-5.5","-7.3,8.7","-16.7,9.1","-26.3,-0.5","-0.3,10.3","-13.3,0.7","-0.6,14",,0.233,4.624,5.069,5.749,6.715,6.117,4.636,0.487,4.805,4.261,4.617,,"-0.443,-0.897","0.609,-0.793","0.64,-0.768","0.957,-0.292","0.54,-0.842","0.888,-0.46","1,0.014","-0.961,-0.277","0.991,-0.13","0.921,-0.389","0.843,-0.539",,AwayPowerplay,True,False,3.0
3,208,1767185941560,PuckControl,AwayPowerplay,4v5,True,True,NeutralZone,"4,12.1","-5.8,-12.1",,,,,,,,,,,,,,,,,,,,,,,,,AwayControl,NeutralZone,NeutralZone,,,,,150983.0,153736.0,346405.0,345038.0,345037.0,347294.0,888057603.0,888057597.0,888057608.0,888057601.0,888057607.0,,#29 Sandro Aeschlimann,#38 Lukas Frick,#18 Filip Zadina,#19 Adam Tambellini,#15 Simon Ryfors,#22 Brendan Lemieux,#17 Larry Keenan,#30 Adam Gajan,#11 Danny Nelson,#23 Eric Pohlkamp,#22 Cole Knuble,,Away,Away,Away,Away,Away,Away,Home,Home,Home,Home,Home,,"24.8,1.1","-1.2,12.1","2.6,12.9","-10.5,13.5","-6.6,-5.6","-7.2,8.6","-16.6,9.1","-26.3,-0.5","-0.2,10.3","-13.2,0.6","-0.5,14",,,,,,,,,,,,,,,,,,,,,,,,,,AwayPowerplay,True,False,3.0
3,209,1767185942920,PuckControl,AwayPowerplay,4v5,True,True,NeutralZone,"-5.8,-12.1","-19.8,-11.9",345037.0,#15 Simon Ryfors,Away,,,,,,,,,,,,,,,,,,,,,,AwayControl,NeutralZone,AwayTeamZone,,,,345037,150983.0,153736.0,346405.0,345038.0,345037.0,347294.0,888057603.0,888057597.0,888057607.0,888057608.0,888057601.0,,#29 Sandro Aeschlimann,#38 Lukas Frick,#18 Filip Zadina,#19 Adam Tambellini,#15 Simon Ryfors,#22 Brendan Lemieux,#17 Larry Keenan,#30 Adam Gajan,#22 Cole Knuble,#11 Danny Nelson,#23 Eric Pohlkamp,,Away,Away,Away,Away,Away,Away,Home,Home,Home,Home,Home,,"25.3,0.7","-0.5,5.8","4.7,7","-5.6,8.7","-5.9,-12.5","-3,1.5","-11.5,6.1","-26.2,0","-1.3,8.5","1.1,5.2","-8.8,-3.1",,,,,,,,,,,,,,,,,,,,,,,,,,AwayPowerplay,True,False,3.0
3,210,1767185943140,BluelineCrossing,AwayPowerplay,4v5,True,True,NeutralZone,"-7.1,-12.8",,345037.0,#15 Simon Ryfors,Away,,,,,,,,,,,,,PossessionMaintained,TowardsOpponent,"345038,345037","888057603,888057601",,,,,,,,,,,,"345037,345038,888057603,888057601",150983.0,153736.0,346405.0,345038.0,345037.0,347294.0,888057603.0,888057597.0,888057607.0,888057608.0,888057601.0,,#29 Sandro Aeschlimann,#38 Lukas Frick,#18 Filip Zadina,#19 Adam Tambellini,#15 Simon Ryfors,#22 Brendan Lemieux,#17 Larry Keenan,#30 Adam Gajan,#22 Cole Knuble,#11 Danny Nelson,#23 Eric Pohlkamp,,Away,Away,Away,Away,Away,Away,Home,Home,Home,Home,Home,,"25.5,0.8","-0.6,4.8","4.5,6","-5.8,7.5","-6.7,-13.4","-3.3,-0.3","-11.1,5.1","-26.1,-0.1","-2.3,7.7","0.3,4.3","-8.8,-3.9",,1.392,4.808,4.352,5.6,5.22,8.016,4.948,0.69,5.722,5.607,4.058,,"0.985,0.173","-0.039,-0.999","-0.32,-0.948","-0.301,-0.954","-0.747,-0.665","-0.304,-0.953","0.233,-0.972","0.842,-0.539","-0.825,-0.565","-0.693,-0.721","-0.125,-0.992",,AwayPowerplay,True,False,3.0
3,212,1767185945260,PuckControl,AwayPowerplay,4v5,True,True,HomeTeamZone,"-19.8,-11.9","-27.7,-11.8",,,,,,,,,,,,,,,,,,,,,,,,,Loose,AwayTeamZone,AwayTeamZone,,,,,150983.0,153736.0,346405.0,345038.0,345037.0,347294.0,888057603.0,888057597.0,888057607.0,888057608.0,888057601.0,,#29 Sandro Aeschlimann,#38 Lukas Frick,#18 Filip Zadina,#19 Adam Tambellini,#15 Simon Ryfors,#22 Brendan Lemieux,#17 Larry Keenan,#30 Adam Gajan,#22 Cole Knuble,#11 Danny Nelson,#23 Eric Pohlkamp,,Away,Away,Away,Away,Away,Away,Home,Home,Home,Home,Home,,"26.5,-0.4","-5.6,-6.7","-6,4.6","-17.8,4.9","-18.7,-13.4","-18.1,-6.6","-18.7,-3.2","-25.7,-1.3","-16,2.9","-9.1,-2.7","-18.4,-9.9",,,,,,,,,,,,,,,,,,,,,,,,,,AwayPowerplay,True,False,3.0
3,213,1767185946920,PuckControl,AwayPowerplay,4v5,True,True,HomeTeamZone,"-27.7,-11.8","-16.8,-13",345037.0,#15 Simon Ryfors,Away,,,,,,,,,,,,,,,,,,,,,,AwayControl,AwayTeamZone,AwayTeamZone,,,,345037,150983.0,153736.0,346405.0,345038.0,345037.0,347294.0,888057603.0,888057597.0,888057607.0,888057608.0,888057601.0,,#29 Sandro Aeschlimann,#38 Lukas Frick,#18 Filip Zadina,#19 Adam Tambellini,#15 Simon Ryfors,#22 Brendan Lemieux,#17 Larry Keenan,#30 Adam Gajan,#22 Cole Knuble,#11 Danny Nelson,#23 Eric Pohlkamp,,Away,Away,Away,Away,Away,Away,Home,Home,Home,Home,Home,,"26.6,0.8","-9.5,-11.5","-14.8,5.2","-27,6.7","-25.8,-11.9","-28.1,-4.8","-26.5,-3.5","-26.7,-0.8","-26,3.3","-17.3,-4.2","-26.1,-9",,,,,,,,,,,,,,,,,,,,,,,,,,AwayPowerplay,True,False,3.0
3,216,1767185949560,Pass,AwayPowerplay,4v5,True,True,HomeTeamZone,"-16.9,-13","-8.7,-11.4",345037.0,#15 Simon Ryfors,Away,153736.0,#38 Lukas Frick,Away,,,,,,,,Successful,14.1,,,,,,,,,,,,,,,,"345037,153736",150983.0,153736.0,346405.0,345038.0,345037.0,347294.0,888057603.0,888057597.0,888057607.0,888057608.0,888057601.0,,#29 Sandro Aeschlimann,#38 Lukas Frick,#18 Filip Zadina,#19 Adam Tambellini,#15 Simon Ryfors,#22 Brendan Lemieux,#17 Larry Keenan,#30 Adam Gajan,#22 Cole Knuble,#11 Danny Nelson,#23 Eric Pohlkamp,,Away,Away,Away,Away,Away,Away,Home,Home,Home,Home,Home,,"26.3,0.1","-8,-12.7","-10.7,2.6","-21.6,10.3","-17.7,-13.4","-25.5,-1.9","-24.5,-2.7","-25.5,-0.3","-19.3,0.8","-15.2,-7.4","-21.6,-8.3",,1.148,1.515,2.482,3.124,3.807,3.008,0.879,0.328,3.741,2.859,3.543,,"-0.942,-0.335","0.29,0.957","0.985,0.172","0.893,-0.449","0.982,0.19","0.779,0.627","0.993,0.117","0.87,-0.493","0.943,-0.332","0.804,0.595","0.57,0.822",,AwayPowerplay,True,False,3.0
3,216,1767185949580,PuckControl,AwayPowerplay,4v5,True,True,HomeTeamZone,"-16.8,-13","-8.7,-11.4",,,,,,,,,,,,,,,,,,,,,,,,,AwayControl,AwayTeamZone,AwayTeamZone,,,,,150983.0,153736.0,346405.0,345038.0,345037.0,347294.0,888057603.0,888057597.0,888057607.0,888057608.0,888057601.0,,#29 Sandro Aeschlimann,#38 Lukas Frick,#18 Filip Zadina,#19 Adam Tambellini,#15 Simon Ryfors,#22 Brendan Lemieux,#17 Larry Keenan,#30 Adam Gajan,#22 Cole Knuble,#11 Danny Nelson,#23 Eric Pohlkamp,,Away,Away,Away,Away,Away,Away,Home,Home,Home,Home,Home,,"26.3,0.1","-8,-12.6","-10.6,2.6","-21.6,10.2","-17.6,-13.3","-25.5,-1.9","-24.5,-2.7","-25.5,-0.3","-19.2,0.8","-15.2,-7.3","-21.5,-8.3",,,,,,,,,,,,,,,,,,,,,,,,,,AwayPowerplay,True,False,3.0
3,217,1767185950260,PuckControl,AwayPowerplay,4v5,True,True,HomeTeamZone,"-8.7,-11.4","-8,-10.6",153736.0,#38 Lukas Frick,Away,,,,,,,,,,,,,,,,,,,,,,AwayControl,AwayTeamZone,AwayTeamZone,,,,153736,150983.0,153736.0,346405.0,345038.0,345037.0,347294.0,888057603.0,888057597.0,888057607.0,888057608.0,888057601.0,,#29 Sandro Aeschlimann,#38 Lukas Frick,#18 Filip Zadina,#19 Adam Tambellini,#15 Simon Ryfors,#22 Brendan Lemieux,#17 Larry Keenan,#30 Adam Gajan,#22 Cole Knuble,#11 Danny Nelson,#23 Eric Pohlkamp,,Away,Away,Away,Away,Away,Away,Home,Home,Home,Home,Home,,"25.5,0.1","-7.7,-11.4","-9.4,3.4","-20.7,9","-16,-12.8","-24.5,-0.8","-24.1,-2.1","-25.4,-0.6","-16.8,0.7","-13.9,-6.4","-20.6,-6.4",,,,,,,,,,,,,,,,,,,,,,,,,,AwayPowerplay,True,False,3.0
3,217,1767185950660,Pass,AwayPowerplay,4v5,True,True,HomeTeamZone,"-7.9,-10.6","-9.4,4.5",153736.0,#38 Lukas Frick,Away,346405.0,#18 Filip Zadina,Away,,,,,,,,Successful,18.2,,,,,,,,,,,,,,,,"153736,346405",150983.0,153736.0,346405.0,345038.0,345037.0,347294.0,888057603.0,888057597.0,888057607.0,888057608.0,888057601.0,,#29 Sandro Aeschlimann,#38 Lukas Frick,#18 Filip Zadina,#19 Adam Tambellini,#15 Simon Ryfors,#22 Brendan Lemieux,#17 Larry Keenan,#30 Adam Gajan,#22 Cole Knuble,#11 Danny Nelson,#23 Eric Pohlkamp,,Away,Away,Away,Away,Away,Away,Home,Home,Home,Home,Home,,"25.1,0.3","-7.4,-10.5","-9.2,4.3","-20.9,8.2","-16.1,-12.4","-24.4,-0.6","-23.9,-1.5","-25.4,-0.7","-15.6,1.1","-13.4,-6.2","-20.3,-5.4",,1.006,2.168,2.122,1.614,1.278,0.25,1.629,0.128,2.777,0.885,2.264,,"-0.828,0.561","0.226,0.974","0.104,0.995","-0.411,-0.912","-0.718,0.696","0.077,0.997","0.561,0.828","0.371,-0.929","0.951,0.308","0.995,-0.095","0.267,0.964",,AwayPowerplay,True,False,3.0
3,217,1767185950680,PuckControl,AwayPowerplay,4v5,True,True,HomeTeamZone,"-8,-10.6","-9.4,4.5",,,,,,,,,,,,,,,,,,,,,,,,,AwayControl,AwayTeamZone,AwayTeamZone,,,,,150983.0,153736.0,346405.0,345038.0,345037.0,347294.0,888057603.0,888057597.0,888057607.0,888057608.0,888057601.0,,#29 Sandro Aeschlimann,#38 Lukas Frick,#18 Filip Zadina,#19 Adam Tambellini,#15 Simon Ryfors,#22 Brendan Lemieux,#17 Larry Keenan,#30 Adam Gajan,#22 Cole Knuble,#11 Danny Nelson,#23 Eric Pohlkamp,,Away,Away,Away,Away,Away,Away,Home,Home,Home,Home,Home,,"25.1,0.3","-7.4,-10.5","-9.2,4.3","-20.9,8.2","-16.1,-12.4","-24.4,-0.6","-23.9,-1.5","-25.4,-0.7","-15.6,1.1","-13.4,-6.2","-20.3,-5.4",,,,,,,,,,,,,,,,,,,,,,,,,,AwayPowerplay,True,False,3.0
3,218,1767185951640,PuckControl,AwayPowerplay,4v5,True,True,HomeTeamZone,"-9.4,4.5","-10.3,3.8",346405.0,#18 Filip Zadina,Away,,,,,,,,,,,,,,,,,,,,,,AwayControl,AwayTeamZone,AwayTeamZone,,,,346405,150983.0,153736.0,346405.0,345038.0,345037.0,347294.0,888057603.0,888057597.0,888057607.0,888057608.0,888057601.0,,#29 Sandro Aeschlimann,#38 Lukas Frick,#18 Filip Zadina,#19 Adam Tambellini,#15 Simon Ryfors,#22 Brendan Lemieux,#17 Larry Keenan,#30 Adam Gajan,#22 Cole Knuble,#11 Danny Nelson,#23 Eric Pohlkamp,,Away,Away,Away,Away,Away,Away,Home,Home,Home,Home,Home,,"24.9,0.6","-7,-7.9","-10.1,5.6","-22,8","-17.9,-11.1","-24.4,-0.3","-23.2,-0.3","-25.1,-0.2","-14.7,2.6","-13.4,-6.5","-20.3,-3.3",,,,,,,,,,,,,,,,,,,,,,,,,,AwayPowerplay,True,False,3.0
3,219,1767185952100,Pass,AwayPowerplay,4v5,True,True,HomeTeamZone,"-10.2,3.9","-21.5,7.5",346405.0,#18 Filip Zadina,Away,345038.0,#19 Adam Tambellini,Away,,,,,,,,Successful,16.9,,,,,,,,,,,,,,,,"346405,345038",150983.0,153736.0,346405.0,345038.0,345037.0,347294.0,888057603.0,888057597.0,888057607.0,888057608.0,888057601.0,,#29 Sandro Aeschlimann,#38 Lukas Frick,#18 Filip Zadina,#19 Adam Tambellini,#15 Simon Ryfors,#22 Brendan Lemieux,#17 Larry Keenan,#30 Adam Gajan,#22 Cole Knuble,#11 Danny Nelson,#23 Eric Pohlkamp,,Away,Away,Away,Away,Away,Away,Home,Home,Home,Home,Home,,"24.9,0.6","-7.1,-6.4","-11.2,5.2","-22.4,8.3","-19,-10","-24.2,0.1","-23.3,0.6","-25.2,-0.1","-14.4,3.2","-13.9,-5.5","-20.7,-2.7",,0.328,2.964,2.89,0.811,3.776,1.125,2.354,0.34,1.09,3.072,1.326,,"-0.448,-0.894","-0.145,0.989","-0.71,-0.704","-0.656,0.755","-0.711,0.703","0.483,0.876","-0.015,1","-0.402,0.916","0.943,0.332","-0.377,0.926","-0.899,0.438",,AwayPowerplay,True,False,3.0
3,219,1767185952120,PuckControl,AwayPowerplay,4v5,True,True,HomeTeamZone,"-10.3,3.8","-21.5,7.5",,,,,,,,,,,,,,,,,,,,,,,,,AwayControl,AwayTeamZone,AwayTeamZone,,,,,150983.0,153736.0,346405.0,345038.0,345037.0,347294.0,888057603.0,888057597.0,888057607.0,888057608.0,888057601.0,,#29 Sandro Aeschlimann,#38 Lukas Frick,#18 Filip Zadina,#19 Adam Tambellini,#15 Simon Ryfors,#22 Brendan Lemieux,#17 Larry Keenan,#30 Adam Gajan,#22 Cole Knuble,#11 Danny Nelson,#23 Eric Pohlkamp,,Away,Away,Away,Away,Away,Away,Home,Home,Home,Home,Home,,"24.8,0.6","-7.1,-6.4","-11.2,5.1","-22.4,8.3","-19.1,-10","-24.2,0.1","-23.3,0.6","-25.2,-0.1","-14.4,3.2","-13.9,-5.5","-20.7,-2.7",,,,,,,,,,,,,,,,,,,,,,,,,,AwayPowerplay,True,False,3.0
3,219,1767185952880,PuckControl,AwayPowerplay,4v5,True,True,HomeTeamZone,"-21.5,7.5","-23.3,7.6",345038.0,#19 Adam Tambellini,Away,,,,,,,,,,,,,,,,,,,,,,AwayControl,AwayTeamZone,AwayTeamZone,,,,345038,150983.0,153736.0,346405.0,345038.0,345037.0,347294.0,888057603.0,888057597.0,888057607.0,888057608.0,888057601.0,,#29 Sandro Aeschlimann,#38 Lukas Frick,#18 Filip Zadina,#19 Adam Tambellini,#15 Simon Ryfors,#22 Brendan Lemieux,#17 Larry Keenan,#30 Adam Gajan,#22 Cole Knuble,#11 Danny Nelson,#23 Eric Pohlkamp,,Away,Away,Away,Away,Away,Away,Home,Home,Home,Home,Home,,"24.6,0.2","-7.8,-4","-11.8,3","-22.9,8.9","-20.9,-7.9","-23.7,0.3","-23.1,2.8","-25.5,0.1","-13.9,2.2","-15.1,-3.5","-21.9,-2.7",,,,,,,,,,,,,,,,,,,,,,,,,,AwayPowerplay,True,False,3.0
3,219,1767185952980,Shot,AwayPowerplay,4v5,True,True,HomeTeamZone,"-23.1,8",,345038.0,#19 Adam Tambellini,Away,888057597.0,#30 Adam Gajan,Home,,Missed,120.5,,0.037,,,,,,,,,,,,,,,,,,,,"345038,888057597",150983.0,153736.0,346405.0,345038.0,345037.0,347294.0,888057603.0,888057597.0,888057607.0,888057608.0,888057601.0,,#29 Sandro Aeschlimann,#38 Lukas Frick,#18 Filip Zadina,#19 Adam Tambellini,#15 Simon Ryfors,#22 Brendan Lemieux,#17 Larry Keenan,#30 Adam Gajan,#22 Cole Knuble,#11 Danny Nelson,#23 Eric Pohlkamp,,Away,Away,Away,Away,Away,Away,Home,Home,Home,Home,Home,,"24.6,0.2","-7.9,-3.7","-11.8,2.7","-23,9","-21.2,-7.6","-23.7,0.3","-23.1,3","-25.6,0.2","-13.9,2","-15.2,-3.3","-22.1,-2.6",,0.114,3.451,3.427,1.228,3.734,0.363,2.105,1.314,2.376,2.953,2.2,,"1,-0.024","-0.28,0.96","0.062,-0.998","-0.69,0.724","-0.654,0.756","0.93,-0.368","0.111,0.994","-0.926,0.378","-0.213,-0.977","-0.656,0.755","-0.901,0.434",,AwayPowerplay,True,False,3.0
3,219,1767185953000,PuckControl,AwayPowerplay,4v5,True,True,HomeTeamZone,"-23.3,7.6","-5.8,-14.9",,,,,,,,,,,,,,,,,,,,,,,,,Loose,AwayTeamZone,NeutralZone,,,,,150983.0,153736.0,346405.0,345038.0,345037.0,347294.0,888057603.0,888057597.0,888057607.0,888057608.0,888057601.0,,#29 Sandro Aeschlimann,#38 Lukas Frick,#18 Filip Zadina,#19 Adam Tambellini,#15 Simon Ryfors,#22 Brendan Lemieux,#17 Larry Keenan,#30 Adam Gajan,#22 Cole Knuble,#11 Danny Nelson,#23 Eric Pohlkamp,,Away,Away,Away,Away,Away,Away,Home,Home,Home,Home,Home,,"24.6,0.2","-7.9,-3.6","-11.8,2.6","-23,9","-21.2,-7.5","-23.7,0.3","-23.1,3","-25.6,0.2","-13.9,1.9","-15.3,-3.2","-22.2,-2.6",,,,,,,,,,,,,,,,,,,,,,,,,,AwayPowerplay,True,False,3.0
3,221,1767185954880,BluelineCrossing,AwayPowerplay,4v5,True,True,NeutralZone,"-7.1,-14.9",,346405.0,#18 Filip Zadina,Away,,,,,,,,,,,,,,TowardsHome,,,,,,,,,,,,,,346405,150983.0,153736.0,346405.0,345038.0,345037.0,347294.0,888057603.0,888057597.0,888057607.0,888057608.0,888057601.0,,#29 Sandro Aeschlimann,#38 Lukas Frick,#18 Filip Zadina,#19 Adam Tambellini,#15 Simon Ryfors,#22 Brendan Lemieux,#17 Larry Keenan,#30 Adam Gajan,#22 Cole Knuble,#11 Danny Nelson,#23 Eric Pohlkamp,,Away,Away,Away,Away,Away,Away,Home,Home,Home,Home,Home,,"24.6,-0.2","-6.9,2.9","-11.6,-3.2","-23.7,8.9","-26.5,-5.2","-24,0.8","-22.6,4","-26.4,0.9","-16.8,1.6","-17.2,-6.1","-25.3,-2.4",,0.931,3.49,3.161,0.279,2.76,1.113,0.842,0.395,1.681,3.875,1.829,,"0.489,-0.872","0.535,0.845","-0.009,-1","-0.855,-0.518","-0.772,-0.635","0.312,-0.95","0.223,-0.975","0.039,0.999","-0.987,0.159","0.414,-0.91","0.326,-0.945",,AwayPowerplay,True,False,3.0
3,221,1767185954920,StoppageOfPlay,,,,,,,,,,,,,,,,,,,,,,,,,,,,,,,,,,,,Other,,,,,,,,,,,,,,,,,,,,,,,,,,,,,,,,,,,,,,,,,,,,,,,,,,,,,,,,,,,,,,,,,,,,,,,,,,,AwayPowerplay,True,False,3.0
3,221,1767186026400,Faceoff,AwayPowerplay,4v5,True,True,HomeTeamZone,,,888057608.0,#11 Danny Nelson,Home,888057608.0,#11 Danny Nelson,Home,HomeTeamZoneTop,,,,,,,,,,,,,,,,,,,,,,,,888057608,150983.0,340162.0,312365.0,308175.0,309618.0,154648.0,888057603.0,888057597.0,888057607.0,888057608.0,888057601.0,,#29 Sandro Aeschlimann,#6 Klas Dahlbeck,#36 Simon Knak,#77 Nico Gross,#66 Valentin Nussbaumer,#96 Chris Egli,#17 Larry Keenan,#30 Adam Gajan,#22 Cole Knuble,#11 Danny Nelson,#23 Eric Pohlkamp,,Away,Away,Away,Away,Away,Away,Home,Home,Home,Home,Home,,"24.6,0.4","-8.4,1.4","-18.5,2.1","-10,14.5","-19.6,7.3","-19,11.2","-21.2,3.4","-25.5,0.9","-20.9,2.2","-20.4,7.5","-21,11.5",,,,,,,,,,,,,,,,,,,,,,,,,,AwayPowerplay,True,False,3.0
3,221,1767186026400,PuckControl,AwayPowerplay,4v5,True,True,HomeTeamZone,"-20,7.3","-1.8,-14.3",,,,,,,,,,,,,,,,,,,,,,,,,Loose,AwayTeamZone,NeutralZone,,,,,150983.0,340162.0,312365.0,308175.0,309618.0,154648.0,888057603.0,888057597.0,888057607.0,888057608.0,888057601.0,,#29 Sandro Aeschlimann,#6 Klas Dahlbeck,#36 Simon Knak,#77 Nico Gross,#66 Valentin Nussbaumer,#96 Chris Egli,#17 Larry Keenan,#30 Adam Gajan,#22 Cole Knuble,#11 Danny Nelson,#23 Eric Pohlkamp,,Away,Away,Away,Away,Away,Away,Home,Home,Home,Home,Home,,"24.6,0.4","-8.4,1.4","-18.5,2.1","-10,14.5","-19.6,7.3","-19.1,11.2","-21.2,3.4","-25.5,0.9","-20.8,2.3","-20.4,7.5","-21,11.4",,,,,,,,,,,,,,,,,,,,,,,,,,AwayPowerplay,True,False,3.0
3,225,1767186030200,BluelineCrossing,AwayPowerplay,4v5,True,True,NeutralZone,"-7.1,-14.6",,888057601.0,#23 Eric Pohlkamp,Home,,,,,,,,,,,,,,TowardsOpponent,,,,,,,,,,,,,,888057601,150983.0,340162.0,312365.0,308175.0,309618.0,154648.0,888057603.0,888057597.0,888057607.0,888057608.0,888057601.0,,#29 Sandro Aeschlimann,#6 Klas Dahlbeck,#36 Simon Knak,#77 Nico Gross,#66 Valentin Nussbaumer,#96 Chris Egli,#17 Larry Keenan,#30 Adam Gajan,#22 Cole Knuble,#11 Danny Nelson,#23 Eric Pohlkamp,,Away,Away,Away,Away,Away,Away,Home,Home,Home,Home,Home,,"24.3,0","-3.9,-11.8","-14.5,-4.3","-3.2,8.2","-20.4,4","-27.7,-1.1","-21.5,-1.3","-26,-0.3","-13.9,-1.8","-17.4,3.1","-26.6,7.3",,0.114,5.966,4.432,5.314,4.033,5.928,3.431,0.601,3.933,3.807,3.784,,"0.494,-0.87","0.897,-0.443","0.745,-0.667","0.812,-0.583","0.626,-0.78","0.503,-0.864","0.756,-0.654","0.539,-0.842","0.981,-0.194","0.955,-0.296","0.995,0.098",,AwayPowerplay,True,False,3.0
3,226,1767186030540,PuckControl,AwayPowerplay,4v5,True,True,NeutralZone,"-1.8,-14.3","5.9,-7.5",340162.0,#6 Klas Dahlbeck,Away,,,,,,,,,,,,,,,,,,,,,,AwayControl,NeutralZone,NeutralZone,,,,340162,150983.0,340162.0,312365.0,308175.0,309618.0,154648.0,888057603.0,888057597.0,888057607.0,888057608.0,888057601.0,,#29 Sandro Aeschlimann,#6 Klas Dahlbeck,#36 Simon Knak,#77 Nico Gross,#66 Valentin Nussbaumer,#96 Chris Egli,#17 Larry Keenan,#30 Adam Gajan,#22 Cole Knuble,#11 Danny Nelson,#23 Eric Pohlkamp,,Away,Away,Away,Away,Away,Away,Home,Home,Home,Home,Home,,"24.3,0","-2,-12.4","-13.5,-5.4","-1.7,7.1","-19.4,2.9","-26.4,-2.6","-20.5,-1.9","-26,-0.5","-12.7,-2.3","-16,2.9","-25.2,7.5",,,,,,,,,,,,,,,,,,,,,,,,,,AwayPowerplay,True,False,3.0
