Period,MatchClock,Timestamp,EventType,TeamStrengthType,TeamStrength,HomeGoalieOnIce,AwayGoalieOnIce,EventPosition,EventStartCoordinate,EventEndCoordinate,EventPrimaryPlayerId,EventPrimaryPlayerName,EventPrimaryTeam,EventSecondaryPlayerId,EventSecondaryPlayerName,EventSecondaryTeam,FaceoffSpot,ShotResult,ShotSpeed,ShotScreeningPlayerIds,ShotXG,GoalAssist1Id,GoalAssist2Id,PassResult,PassSpeed,BluelineCrossingResult,BluelineCrossingDirection,BluelineCrossingAttackerIds,BluelineCrossingDefenderIds,DumpResult,DumpType,DumpAlongTheBoards,ClearType,ClearAlongTheBoards,PuckControlState,PuckControlStartZone,PuckControlEndZone,PuckControlContestingPlayerIds,StoppageOfPlayReason,PenaltyReason,ParticipatingPlayerIds,StartPlayerId1,StartPlayerId2,StartPlayerId3,StartPlayerId4,StartPlayerId5,StartPlayerId6,StartPlayerId7,StartPlayerId8,StartPlayerId9,StartPlayerId10,StartPlayerId11,StartPlayerId12,StartPlayerName1,StartPlayerName2,StartPlayerName3,StartPlayerName4,StartPlayerName5,StartPlayerName6,StartPlayerName7,StartPlayerName8,StartPlayerName9,StartPlayerName10,StartPlayerName11,StartPlayerName12,StartPlayerTeam1,StartPlayerTeam2,StartPlayerTeam3,StartPlayerTeam4,StartPlayerTeam5,StartPlayerTeam6,StartPlayerTeam7,StartPlayerTeam8,StartPlayerTeam9,StartPlayerTeam10,StartPlayerTeam11,StartPlayerTeam12,StartPlayerCoordinates1,StartPlayerCoordinates2,StartPlayerCoordinates3,StartPlayerCoordinates4,StartPlayerCoordinates5,StartPlayerCoordinates6,StartPlayerCoordinates7,StartPlayerCoordinates8,StartPlayerCoordinates9,StartPlayerCoordinates10,StartPlayerCoordinates11,StartPlayerCoordinates12,StartPlayerVelocity1,StartPlayerVelocity2,StartPlayerVelocity3,StartPlayerVelocity4,StartPlayerVelocity5,StartPlayerVelocity6,StartPlayerVelocity7,StartPlayerVelocity8,StartPlayerVelocity9,StartPlayerVelocity10,StartPlayerVelocity11,StartPlayerVelocity12,StartPlayerDirection1,StartPlayerDirection2,StartPlayerDirection3,StartPlayerDirection4,StartPlayerDirection5,StartPlayerDirection6,StartPlayerDirection7,StartPlayerDirection8,StartPlayerDirection9,StartPlayerDirection10,StartPlayerDirection11,StartPlayerDirection12,strength_type_state,is_powerplay,pp_start,pp_phase_id
3,1008,1767187643040,Faceoff,AwayPowerplay,4v5,True,True,NeutralZone,,,888057609.0,#13 T.J. Hughes,Home,888057609.0,#13 T.J. Hughes,Home,Center,,,,,,,,,,,,,,,,,,,,,,,,888057609,150983.0,153736.0,346405.0,345038.0,345037.0,347294.0,888057605.0,888057597.0,888057609.0,888057601.0,888057610.0,,#29 Sandro Aeschlimann,#38 Lukas Frick,#18 Filip Zadina,#19 Adam Tambellini,#15 Simon Ryfors,#22 Brendan Lemieux,#25 Abram Wiebe,#30 Adam Gajan,#13 T.J. Hughes,#23 Eric Pohlkamp,#18 Aiden Fink,,Away,Away,Away,Away,Away,Away,Home,Home,Home,Home,Home,,"24.6,0.4","5.8,2.1","7.2,-2","1,5.2","-1.3,-0.8","1.4,-4.1","-0.4,5.7","-26.3,-0.3","0,1.3","-6.8,-1.8","-1.2,-5.7",,,,,,,,,,,,,,,,,,,,,,,,,,AwayPowerplay,True,True,4.0
3,1008,1767187643040,PuckControl,AwayPowerplay,4v5,True,True,NeutralZone,"-2.4,-1","-6.1,-3.4",,,,,,,,,,,,,,,,,,,,,,,,,Loose,NeutralZone,NeutralZone,,,,,150983.0,153736.0,346405.0,345038.0,345037.0,347294.0,888057605.0,888057597.0,888057609.0,888057601.0,888057610.0,,#29 Sandro Aeschlimann,#38 Lukas Frick,#18 Filip Zadina,#19 Adam Tambellini,#15 Simon Ryfors,#22 Brendan Lemieux,#25 Abram Wiebe,#30 Adam Gajan,#13 T.J. Hughes,#23 Eric Pohlkamp,#18 Aiden Fink,,Away,Away,Away,Away,Away,Away,Home,Home,Home,Home,Home,,"24.5,0.4","5.8,1.2","7.5,-2","0.9,4.6","-0.2,-1","0.3,-3.2","-0.9,5.2","-26.2,-0.2","-0.2,0.6","-7.1,-2.2","-0.4,-5.2",,,,,,,,,,,,,,,,,,,,,,,,,,AwayPowerplay,True,False,4.0
3,1008,1767187643440,PuckControl,AwayPowerplay,4v5,True,True,NeutralZone,"-6.1,-3.4","-9.3,-10.5",888057601.0,#23 Eric Pohlkamp,Home,,,,,,,,,,,,,,,,,,,,,,HomeControl,NeutralZone,AwayTeamZone,,,,888057601,150983.0,153736.0,346405.0,345038.0,345037.0,347294.0,888057605.0,888057597.0,888057609.0,888057601.0,888057610.0,,#29 Sandro Aeschlimann,#38 Lukas Frick,#18 Filip Zadina,#19 Adam Tambellini,#15 Simon Ryfors,#22 Brendan Lemieux,#25 Abram Wiebe,#30 Adam Gajan,#13 T.J. Hughes,#23 Eric Pohlkamp,#18 Aiden Fink,,Away,Away,Away,Away,Away,Away,Home,Home,Home,Home,Home,,"24.5,0.6","6.2,1.2","7.6,-2.7","0.7,3.9","1,-0.5","-0.6,-2.7","-1.8,4.8","-26,-0.2","-0.3,0.6","-7.4,-2.6","-0.1,-5.1",,,,,,,,,,,,,,,,,,,,,,,,,,AwayPowerplay,True,False,4.0
3,1008,1767187643580,BluelineCrossing,AwayPowerplay,4v5,True,True,NeutralZone,"-7.1,-4.1",,888057601.0,#23 Eric Pohlkamp,Home,,,,,,,,,,,,,,TowardsHome,,,,,,,,,,,,,,888057601,150983.0,153736.0,346405.0,345038.0,345037.0,347294.0,888057605.0,888057597.0,888057609.0,888057601.0,888057610.0,,#29 Sandro Aeschlimann,#38 Lukas Frick,#18 Filip Zadina,#19 Adam Tambellini,#15 Simon Ryfors,#22 Brendan Lemieux,#25 Abram Wiebe,#30 Adam Gajan,#13 T.J. Hughes,#23 Eric Pohlkamp,#18 Aiden Fink,,Away,Away,Away,Away,Away,Away,Home,Home,Home,Home,Home,,"24.5,0.7","6.5,1.1","7.6,-3.2","0.5,3.7","1.3,-0.4","-1,-2.6","-2.1,4.6","-26,-0.1","-0.5,0.5","-7.5,-2.9","0.2,-5",,0.515,1.836,3.894,2.34,1.793,2.398,2.853,0.427,1.521,2.607,2.026,,"-0.226,0.974","0.987,-0.16","0.011,-1","-0.512,-0.859","0.985,0.171","-0.993,0.121","-0.857,-0.516","0.647,0.762","-0.729,-0.684","-0.353,-0.936","0.901,0.433",,AwayPowerplay,True,False,4.0
3,1010,1767187644880,Clear,AwayPowerplay,4v5,True,True,HomeTeamZone,"-9.3,-10.4","7.5,-12.8",888057601.0,#23 Eric Pohlkamp,Home,346405.0,#18 Filip Zadina,Away,,,,,,,,,,,,,,,,,OffensiveZone,False,,,,,,,"888057601,346405",150983.0,153736.0,346405.0,345038.0,345037.0,347294.0,888057605.0,888057597.0,888057609.0,888057601.0,888057610.0,,#29 Sandro Aeschlimann,#38 Lukas Frick,#18 Filip Zadina,#19 Adam Tambellini,#15 Simon Ryfors,#22 Brendan Lemieux,#25 Abram Wiebe,#30 Adam Gajan,#13 T.J. Hughes,#23 Eric Pohlkamp,#18 Aiden Fink,,Away,Away,Away,Away,Away,Away,Home,Home,Home,Home,Home,,"25,0.2","8.9,0.4","8.1,-8.1","-2.7,3.7","3.1,-3.2","-3.8,-6.4","-6.1,3.4","-24.1,1","-1.4,-2.5","-9.3,-8.8","2.8,-5.8",,1.301,3.005,3.745,2.831,3.108,6.209,3.203,3.272,3.426,5.367,4.031,,"0.492,-0.871","0.955,-0.296","0.458,-0.889","-0.24,0.971","0.662,-0.749","-0.407,-0.914","-0.974,-0.227","0.804,0.595","-0.068,-0.998","-0.169,-0.986","0.992,-0.126",,AwayPowerplay,True,False,4.0
3,1010,1767187644900,PuckControl,AwayPowerplay,4v5,True,True,HomeTeamZone,"-9.3,-10.5","8.5,-12.6",,,,,,,,,,,,,,,,,,,,,,,,,Loose,AwayTeamZone,HomeTeamZone,,,,,150983.0,153736.0,346405.0,345038.0,345037.0,347294.0,888057605.0,888057597.0,888057609.0,888057601.0,888057610.0,,#29 Sandro Aeschlimann,#38 Lukas Frick,#18 Filip Zadina,#19 Adam Tambellini,#15 Simon Ryfors,#22 Brendan Lemieux,#25 Abram Wiebe,#30 Adam Gajan,#13 T.J. Hughes,#23 Eric Pohlkamp,#18 Aiden Fink,,Away,Away,Away,Away,Away,Away,Home,Home,Home,Home,Home,,"25,0.1","9,0.4","8.1,-8.1","-2.7,3.8","3.2,-3.3","-3.8,-6.5","-6.1,3.4","-24,1.1","-1.4,-2.5","-9.3,-8.9","2.9,-5.8",,,,,,,,,,,,,,,,,,,,,,,,,,AwayPowerplay,True,False,4.0
3,1010,1767187645400,BluelineCrossing,AwayPowerplay,4v5,True,True,NeutralZone,"-7.1,-12.9",,888057601.0,#23 Eric Pohlkamp,Home,,,,,,,,,,,,,,TowardsOpponent,,,,,,,,,,,,,,888057601,150983.0,153736.0,346405.0,345038.0,345037.0,347294.0,888057605.0,888057597.0,888057609.0,888057601.0,888057610.0,,#29 Sandro Aeschlimann,#38 Lukas Frick,#18 Filip Zadina,#19 Adam Tambellini,#15 Simon Ryfors,#22 Brendan Lemieux,#25 Abram Wiebe,#30 Adam Gajan,#13 T.J. Hughes,#23 Eric Pohlkamp,#18 Aiden Fink,,Away,Away,Away,Away,Away,Away,Home,Home,Home,Home,Home,,"25.3,-0.2","10.7,-0.4","8.8,-9.9","-2.3,5","4.6,-4.4","-4.9,-9.1","-7.6,3","-22.5,2.3","-1.2,-4.3","-9.4,-11.2","4.8,-6.5",,0.641,4.153,4.04,2.864,3.846,5.381,2.594,4.39,3.613,3.772,4.507,,"0.93,-0.369","0.893,-0.449","0.306,-0.952","0.538,0.843","0.827,-0.562","-0.352,-0.936","-0.929,-0.37","0.707,0.707","0.395,-0.919","-0.06,-0.998","0.867,-0.498",,AwayPowerplay,True,False,4.0
3,1011,1767187645880,BluelineCrossing,AwayPowerplay,4v5,True,True,AwayTeamZone,"7.2,-12.8",,888057601.0,#23 Eric Pohlkamp,Home,,,,,,,,,,,,,,TowardsOpponent,888057610,"153736,346405,345037",,,,,,,,,,,,"888057601,888057610,153736,346405,345037",150983.0,153736.0,346405.0,345038.0,345037.0,347294.0,888057605.0,888057597.0,888057609.0,888057601.0,888057610.0,,#29 Sandro Aeschlimann,#38 Lukas Frick,#18 Filip Zadina,#19 Adam Tambellini,#15 Simon Ryfors,#22 Brendan Lemieux,#25 Abram Wiebe,#30 Adam Gajan,#13 T.J. Hughes,#23 Eric Pohlkamp,#18 Aiden Fink,,Away,Away,Away,Away,Away,Away,Home,Home,Home,Home,Home,,"25.8,-0.2","12.4,-1.5","9.6,-11.7","-1.3,6.1","6.5,-5.2","-5.3,-11.4","-8.7,2.1","-20.9,4.2","-0.1,-5.7","-9.7,-12.3","7.2,-8",,1.255,4.362,3.036,3.399,4.709,4.559,2.981,6.164,3.866,1.168,6.518,,"0.998,-0.062","0.917,-0.398","0.428,-0.904","0.821,0.572","0.937,-0.349","0.085,-0.996","-0.569,-0.822","0.632,0.775","0.801,-0.599","-0.74,-0.672","0.816,-0.578",,AwayPowerplay,True,False,4.0
3,1011,1767187645940,PuckControl,AwayPowerplay,4v5,True,True,AwayTeamZone,"8.5,-12.6","7.7,-11.8",346405.0,#18 Filip Zadina,Away,,,,,,,,,,,,,,,,,,,,,,AwayControl,HomeTeamZone,HomeTeamZone,,,,346405,150983.0,153736.0,346405.0,345038.0,345037.0,347294.0,888057605.0,888057597.0,888057609.0,888057601.0,888057610.0,,#29 Sandro Aeschlimann,#38 Lukas Frick,#18 Filip Zadina,#19 Adam Tambellini,#15 Simon Ryfors,#22 Brendan Lemieux,#25 Abram Wiebe,#30 Adam Gajan,#13 T.J. Hughes,#23 Eric Pohlkamp,#18 Aiden Fink,,Away,Away,Away,Away,Away,Away,Home,Home,Home,Home,Home,,"25.9,-0.2","12.6,-1.6","9.6,-11.8","-1.1,6.2","6.8,-5.3","-5.2,-11.7","-8.8,2","-20.6,4.5","0.1,-5.8","-9.8,-12.3","7.5,-8.2",,,,,,,,,,,,,,,,,,,,,,,,,,AwayPowerplay,True,False,4.0
3,1012,1767187646800,PuckControl,AwayPowerplay,5v5,False,True,AwayTeamZone,"7.7,-11.8","5.3,-14.9",346405.0,#18 Filip Zadina,Away,,,,,,,,,,,,,,,,,,,,,,AwayControl,HomeTeamZone,NeutralZone,,,,346405,150983.0,153736.0,346405.0,345038.0,345037.0,347294.0,888057605.0,888057609.0,888057601.0,888057610.0,888057597.0,,#29 Sandro Aeschlimann,#38 Lukas Frick,#18 Filip Zadina,#19 Adam Tambellini,#15 Simon Ryfors,#22 Brendan Lemieux,#25 Abram Wiebe,#13 T.J. Hughes,#23 Eric Pohlkamp,#18 Aiden Fink,#30 Adam Gajan,,Away,Away,Away,Away,Away,Away,Home,Home,Home,Home,Home,,"26.3,-0.7","16.2,-2.4","9.1,-13.4","2.2,7.1","11.6,-5.8","-2.6,-13.7","-8,-1.1","3.5,-7.8","-10.3,-11.7","12.1,-10.3","-17.2,9",,,,,,,,,,,,,,,,,,,,,,,,,,AwayPowerplay,True,False,4.0
3,1012,1767187646940,BluelineCrossing,AwayPowerplay,5v5,False,True,AwayTeamZone,"7.2,-12",,346405.0,#18 Filip Zadina,Away,,,,,,,,,,,,,PossessionLost,TowardsOpponent,,,,,,,,,,,,,,346405,150983.0,153736.0,346405.0,345038.0,345037.0,347294.0,888057605.0,888057609.0,888057601.0,888057610.0,888057597.0,,#29 Sandro Aeschlimann,#38 Lukas Frick,#18 Filip Zadina,#19 Adam Tambellini,#15 Simon Ryfors,#22 Brendan Lemieux,#25 Abram Wiebe,#13 T.J. Hughes,#23 Eric Pohlkamp,#18 Aiden Fink,#30 Adam Gajan,,Away,Away,Away,Away,Away,Away,Home,Home,Home,Home,Home,,"26.2,-0.7","16.7,-2.5","8.6,-13.7","2.7,6.9","12.2,-6.1","-1.9,-13.6","-7.6,-1.4","4.1,-8.3","-10.2,-11.4","12.9,-10.4","-16.7,9.7",,0.646,3.8,4.246,4.128,4.727,4.512,3.405,5.325,1.844,5.499,6.237,,"-0.417,-0.909","0.985,-0.174","-0.895,-0.446","0.884,-0.467","0.785,-0.619","0.978,0.208","0.879,-0.477","0.62,-0.785","0.424,0.906","1,0.025","0.564,0.826",,AwayPowerplay,True,False,4.0
3,1012,1767187647500,Pass,AwayPowerplay,5v5,False,True,NeutralZone,"5.4,-14.9","-6.8,-9.4",346405.0,#18 Filip Zadina,Away,888057601.0,#23 Eric Pohlkamp,Home,,,,,,,,Intercepted,17.6,,,,,,,,,,,,,,,,"346405,888057601",150983.0,153736.0,346405.0,345038.0,345037.0,347294.0,888057605.0,888057609.0,888057601.0,888057610.0,888057597.0,,#29 Sandro Aeschlimann,#38 Lukas Frick,#18 Filip Zadina,#19 Adam Tambellini,#15 Simon Ryfors,#22 Brendan Lemieux,#25 Abram Wiebe,#13 T.J. Hughes,#23 Eric Pohlkamp,#18 Aiden Fink,#30 Adam Gajan,,Away,Away,Away,Away,Away,Away,Home,Home,Home,Home,Home,,"26.2,-0.8","18.7,-2.3","6.3,-14.7","4.1,4.5","12.9,-8.8","0.4,-11.5","-5.9,-1.5","4.6,-11.2","-9.3,-10.5","14.9,-9.1","-14.9,12.6",,0.999,3.464,4.588,5.914,5.843,7.482,2.963,4.877,2.648,5.077,5.741,,"0.32,0.947","0.924,0.384","-0.952,-0.305","0.185,-0.983","-0.068,-0.998","0.496,0.869","0.965,0.263","-0.206,-0.979","0.87,0.493","0.475,0.88","0.558,0.83",,AwayPowerplay,True,False,4.0
3,1012,1767187647520,PuckControl,AwayPowerplay,5v5,False,True,NeutralZone,"5.3,-14.9","-6.8,-9.4",,,,,,,,,,,,,,,,,,,,,,,,,Loose,NeutralZone,NeutralZone,,,,,150983.0,153736.0,346405.0,345038.0,345037.0,347294.0,888057605.0,888057609.0,888057601.0,888057610.0,888057597.0,,#29 Sandro Aeschlimann,#38 Lukas Frick,#18 Filip Zadina,#19 Adam Tambellini,#15 Simon Ryfors,#22 Brendan Lemieux,#25 Abram Wiebe,#13 T.J. Hughes,#23 Eric Pohlkamp,#18 Aiden Fink,#30 Adam Gajan,,Away,Away,Away,Away,Away,Away,Home,Home,Home,Home,Home,,"26.2,-0.8","18.8,-2.3","6.2,-14.7","4.1,4.4","12.8,-8.9","0.5,-11.4","-5.8,-1.5","4.6,-11.3","-9.3,-10.5","14.9,-9","-14.8,12.7",,,,,,,,,,,,,,,,,,,,,,,,,,AwayPowerplay,True,False,4.0
3,1013,1767187648400,PuckControl,AwayPowerplay,5v5,False,True,NeutralZone,"-6.8,-9.4","-6.8,-9.5",888057601.0,#23 Eric Pohlkamp,Home,,,,,,,,,,,,,,,,,,,,,,HomeControl,NeutralZone,NeutralZone,,,,888057601,150983.0,153736.0,346405.0,345038.0,345037.0,347294.0,888057605.0,888057609.0,888057601.0,888057610.0,888057597.0,,#29 Sandro Aeschlimann,#38 Lukas Frick,#18 Filip Zadina,#19 Adam Tambellini,#15 Simon Ryfors,#22 Brendan Lemieux,#25 Abram Wiebe,#13 T.J. Hughes,#23 Eric Pohlkamp,#18 Aiden Fink,#30 Adam Gajan,,Away,Away,Away,Away,Away,Away,Home,Home,Home,Home,Home,,"26.3,0.4","19.9,0","2.3,-14.9","2.4,-1","11,-12.3","1.5,-6.6","-5.5,-0.2","1.9,-13.2","-7.3,-9.6","12.9,-3.4","-12.6,14.9",,,,,,,,,,,,,,,,,,,,,,,,,,AwayPowerplay,True,False,4.0
3,1014,1767187649060,Pass,AwayPowerplay,5v5,False,True,NeutralZone,"-6.7,-9.4","5.2,-6.5",888057601.0,#23 Eric Pohlkamp,Home,888057610.0,#18 Aiden Fink,Home,,,,,,,,Successful,20.6,,,,,,,,,,,,,,,,"888057601,888057610",150983.0,153736.0,346405.0,345038.0,345037.0,347294.0,888057605.0,888057609.0,888057601.0,888057610.0,888057617.0,,#29 Sandro Aeschlimann,#38 Lukas Frick,#18 Filip Zadina,#19 Adam Tambellini,#15 Simon Ryfors,#22 Brendan Lemieux,#25 Abram Wiebe,#13 T.J. Hughes,#23 Eric Pohlkamp,#18 Aiden Fink,#19 Quinn Finley,,Away,Away,Away,Away,Away,Away,Home,Home,Home,Home,Home,,"26.4,0.1","18.6,2.5","0.8,-14.2","-2.4,-3","8.2,-12.6","-1.1,-4.7","-7.3,0.9","-0.9,-14.1","-6.4,-8.9","8.7,-2.2","-7.4,14.1",,0.635,4.591,2.967,8.173,2.926,5.216,3.585,4.891,1.037,6.278,3.316,,"0.154,-0.988","-0.754,0.657","-0.131,0.991","-0.996,-0.089","-0.988,0.152","-0.942,0.335","-0.914,0.405","-0.983,-0.182","0.759,0.651","-0.992,-0.129","0.769,-0.639",,AwayPowerplay,True,False,4.0
3,1014,1767187649080,PuckControl,AwayPowerplay,5v5,False,True,NeutralZone,"-6.8,-9.5","5.2,-6.5",,,,,,,,,,,,,,,,,,,,,,,,,HomeControl,NeutralZone,NeutralZone,,,,,150983.0,153736.0,346405.0,345038.0,345037.0,347294.0,888057605.0,888057609.0,888057601.0,888057610.0,888057617.0,,#29 Sandro Aeschlimann,#38 Lukas Frick,#18 Filip Zadina,#19 Adam Tambellini,#15 Simon Ryfors,#22 Brendan Lemieux,#25 Abram Wiebe,#13 T.J. Hughes,#23 Eric Pohlkamp,#18 Aiden Fink,#19 Quinn Finley,,Away,Away,Away,Away,Away,Away,Home,Home,Home,Home,Home,,"26.4,0.1","18.5,2.6","0.8,-14.2","-2.6,-3","8.1,-12.5","-1.2,-4.7","-7.4,0.9","-1,-14.1","-6.4,-8.9","8.6,-2.2","-7.4,14.1",,,,,,,,,,,,,,,,,,,,,,,,,,AwayPowerplay,True,False,4.0
3,1015,1767187649880,PuckControl,AwayPowerplay,5v5,False,True,NeutralZone,"5.2,-6.5","6.4,-7.7",888057610.0,#18 Aiden Fink,Home,,,,,,,,,,,,,,,,,,,,,,HomeControl,NeutralZone,NeutralZone,,,,888057610,150983.0,153736.0,346405.0,345038.0,345037.0,347294.0,888057605.0,888057609.0,888057601.0,888057610.0,888057617.0,,#29 Sandro Aeschlimann,#38 Lukas Frick,#18 Filip Zadina,#19 Adam Tambellini,#15 Simon Ryfors,#22 Brendan Lemieux,#25 Abram Wiebe,#13 T.J. Hughes,#23 Eric Pohlkamp,#18 Aiden Fink,#19 Quinn Finley,,Away,Away,Away,Away,Away,Away,Home,Home,Home,Home,Home,,"26.2,-0.1","15.4,2.2","0.4,-12.2","-6.6,0","7.9,-11.3","-3.7,-5.3","-9.5,1.7","-2.9,-12","-6.4,-8.5","5.5,-5.5","-4.4,12.7",,,,,,,,,,,,,,,,,,,,,,,,,,AwayPowerplay,True,False,4.0
3,1015,1767187650080,Dump,AwayPowerplay,5v5,False,True,NeutralZone,"6.4,-7.6","19.7,-12.3",888057610.0,#18 Aiden Fink,Home,153736.0,#38 Lukas Frick,Away,,,,,,,,,,,,,,Possession,DumpIn,False,,,,,,,,,"888057610,153736",150983.0,153736.0,346405.0,345038.0,345037.0,347294.0,888057605.0,888057617.0,888057609.0,888057601.0,888057610.0,,#29 Sandro Aeschlimann,#38 Lukas Frick,#18 Filip Zadina,#19 Adam Tambellini,#15 Simon Ryfors,#22 Brendan Lemieux,#25 Abram Wiebe,#19 Quinn Finley,#13 T.J. Hughes,#23 Eric Pohlkamp,#18 Aiden Fink,,Away,Away,Away,Away,Away,Away,Home,Home,Home,Home,Home,,"26.1,-0.2","14.9,1.4","0.6,-11.8","-6.8,1.3","8,-11","-3.6,-6.1","-9.8,1.9","-3.5,12.2","-2.5,-11","-6.5,-8.3","5.2,-6.6",,0.831,4.696,2.228,6.86,0.813,4.373,1.383,5.512,5.909,0.875,4.906,,"-0.744,-0.668","-0.459,-0.889","0.542,0.841","0.019,1","0.077,0.997","0.3,-0.954","-0.847,0.531","0.899,-0.439","0.435,0.901","-0.478,0.878","-0.163,-0.987",,AwayPowerplay,True,False,4.0
3,1015,1767187650100,PuckControl,AwayPowerplay,5v5,False,True,NeutralZone,"6.4,-7.7","20.6,-11.7",,,,,,,,,,,,,,,,,,,,,,,,,Loose,NeutralZone,HomeTeamZone,,,,,150983.0,153736.0,346405.0,345038.0,345037.0,347294.0,888057605.0,888057617.0,888057609.0,888057601.0,888057610.0,,#29 Sandro Aeschlimann,#38 Lukas Frick,#18 Filip Zadina,#19 Adam Tambellini,#15 Simon Ryfors,#22 Brendan Lemieux,#25 Abram Wiebe,#19 Quinn Finley,#13 T.J. Hughes,#23 Eric Pohlkamp,#18 Aiden Fink,,Away,Away,Away,Away,Away,Away,Home,Home,Home,Home,Home,,"26.1,-0.2","14.9,1.3","0.6,-11.8","-6.7,1.5","8,-11","-3.5,-6.2","-9.9,1.9","-3.4,12.1","-2.4,-10.9","-6.5,-8.3","5.2,-6.7",,,,,,,,,,,,,,,,,,,,,,,,,,AwayPowerplay,True,False,4.0
3,1016,1767187650960,BluelineCrossing,AwayPowerplay,5v5,False,True,AwayTeamZone,"7.2,-13.3",,888057610.0,#18 Aiden Fink,Home,,,,,,,,,,,,,PossessionLost,TowardsOpponent,888057610,"153736,346405,345037",,,,,,,,,,,,"888057610,153736,346405,345037",150983.0,153736.0,346405.0,345038.0,345037.0,347294.0,888057605.0,888057617.0,888057609.0,888057601.0,888057610.0,,#29 Sandro Aeschlimann,#38 Lukas Frick,#18 Filip Zadina,#19 Adam Tambellini,#15 Simon Ryfors,#22 Brendan Lemieux,#25 Abram Wiebe,#19 Quinn Finley,#13 T.J. Hughes,#23 Eric Pohlkamp,#18 Aiden Fink,,Away,Away,Away,Away,Away,Away,Home,Home,Home,Home,Home,,"25.3,-0.3","14.6,-2.3","3.8,-10.3","-4.2,5.9","9.3,-11.6","-0.9,-8.8","-10,3.2","1.8,9.9","2.3,-7.6","-6.5,-8.2","6.3,-10.3",,0.633,4.39,5.511,5.915,2.372,4.698,2.006,7.261,6.812,0.633,4.848,,"-0.985,-0.17","0.205,-0.979","0.991,0.132","0.881,0.473","0.447,-0.894","0.95,-0.313","0.57,0.821","0.911,-0.412","0.978,0.21","-0.084,-0.996","0.592,-0.806",,AwayPowerplay,True,False,4.0
3,1018,1767187652780,PuckControl,AwayPowerplay,5v5,False,True,AwayTeamZone,"20.6,-11.7","29.2,-6.7",153736.0,#38 Lukas Frick,Away,,,,,,,,,,,,,,,,,,,,,,AwayControl,HomeTeamZone,HomeTeamZone,,,,153736,150983.0,153736.0,346405.0,345038.0,345037.0,347294.0,888057605.0,888057617.0,888057609.0,888057601.0,888057610.0,,#29 Sandro Aeschlimann,#38 Lukas Frick,#18 Filip Zadina,#19 Adam Tambellini,#15 Simon Ryfors,#22 Brendan Lemieux,#25 Abram Wiebe,#19 Quinn Finley,#13 T.J. Hughes,#23 Eric Pohlkamp,#18 Aiden Fink,,Away,Away,Away,Away,Away,Away,Home,Home,Home,Home,Home,,"26.1,-0.3","20.7,-9.5","13.5,-9.8","8.1,4.7","8.8,-11.4","6.8,-10.4","-4.7,4.6","10.8,1.6","14.9,-6.7","-3.2,-8.3","9.6,-11.6",,,,,,,,,,,,,,,,,,,,,,,,,,AwayPowerplay,True,False,4.0
3,1019,1767187654340,Pass,AwayPowerplay,5v5,False,True,AwayTeamZone,"29.1,-6.6","25.8,-12.1",153736.0,#38 Lukas Frick,Away,346405.0,#18 Filip Zadina,Away,,,,,,,,Successful,6.4,,,,,,,,,,,,,,,,"153736,346405",150983.0,153736.0,346405.0,345038.0,345037.0,347294.0,888057605.0,888057617.0,888057609.0,888057601.0,888057610.0,,#29 Sandro Aeschlimann,#38 Lukas Frick,#18 Filip Zadina,#19 Adam Tambellini,#15 Simon Ryfors,#22 Brendan Lemieux,#25 Abram Wiebe,#19 Quinn Finley,#13 T.J. Hughes,#23 Eric Pohlkamp,#18 Aiden Fink,,Away,Away,Away,Away,Away,Away,Home,Home,Home,Home,Home,,"26.6,0.4","28,-6.2","18.5,-14.1","16.4,7","8.1,-13.3","14.1,-4.9","0.5,5.4","17.5,-3.5","26.6,-6.1","1.1,-9.7","10.2,-9.5",,0.484,6.345,4.954,5.73,1.022,5.109,3.612,6.111,6.075,2.972,0.569,,"0.203,0.979","0.481,0.877","0.985,0.174","0.679,0.734","0.759,-0.651","0.755,0.656","0.831,0.557","0.999,0.042","0.927,0.375","0.954,-0.299","0.131,0.991",,AwayPowerplay,True,False,4.0
3,1019,1767187654360,PuckControl,AwayPowerplay,5v5,False,True,AwayTeamZone,"29.2,-6.7","25.8,-12.1",,,,,,,,,,,,,,,,,,,,,,,,,AwayControl,HomeTeamZone,HomeTeamZone,,,,,150983.0,153736.0,346405.0,345038.0,345037.0,347294.0,888057605.0,888057617.0,888057609.0,888057601.0,888057610.0,,#29 Sandro Aeschlimann,#38 Lukas Frick,#18 Filip Zadina,#19 Adam Tambellini,#15 Simon Ryfors,#22 Brendan Lemieux,#25 Abram Wiebe,#19 Quinn Finley,#13 T.J. Hughes,#23 Eric Pohlkamp,#18 Aiden Fink,,Away,Away,Away,Away,Away,Away,Home,Home,Home,Home,Home,,"26.6,0.4","28,-6.1","18.6,-14.1","16.5,7.1","8.1,-13.3","14.2,-4.9","0.6,5.5","17.6,-3.5","26.8,-6","1.2,-9.7","10.2,-9.5",,,,,,,,,,,,,,,,,,,,,,,,,,AwayPowerplay,True,False,4.0
3,1021,1767187655860,PuckControl,AwayPowerplay,5v5,False,True,AwayTeamZone,"25.8,-12.1","29.8,-3.8",346405.0,#18 Filip Zadina,Away,,,,,,,,,,,,,,,,,,,,,,AwayControl,HomeTeamZone,HomeTeamZone,,,,346405,150983.0,153736.0,346405.0,345038.0,345037.0,347294.0,888057605.0,888057617.0,888057609.0,888057601.0,888057610.0,,#29 Sandro Aeschlimann,#38 Lukas Frick,#18 Filip Zadina,#19 Adam Tambellini,#15 Simon Ryfors,#22 Brendan Lemieux,#25 Abram Wiebe,#19 Quinn Finley,#13 T.J. Hughes,#23 Eric Pohlkamp,#18 Aiden Fink,,Away,Away,Away,Away,Away,Away,Home,Home,Home,Home,Home,,"26.4,0.2","28.4,2.5","24.8,-11.6","22.7,7","12.1,-12.5","19.3,-3.5","5.9,6.1","24.4,-7","28.7,0.7","5,-8.2","13.3,-10.1",,,,,,,,,,,,,,,,,,,,,,,,,,AwayPowerplay,True,False,4.0
3,1023,1767187658320,Dump,AwayPowerplay,5v5,False,True,AwayTeamZone,"29.8,-3.7","15.3,-14.2",346405.0,#18 Filip Zadina,Away,888057605.0,#25 Abram Wiebe,Home,,,,,,,,,,,,,,Turnover,DumpOut,True,,,,,,,,,"346405,888057605",150983.0,153736.0,346405.0,345038.0,345037.0,347294.0,888057605.0,888057617.0,888057609.0,888057601.0,888057610.0,,#29 Sandro Aeschlimann,#38 Lukas Frick,#18 Filip Zadina,#19 Adam Tambellini,#15 Simon Ryfors,#22 Brendan Lemieux,#25 Abram Wiebe,#19 Quinn Finley,#13 T.J. Hughes,#23 Eric Pohlkamp,#18 Aiden Fink,,Away,Away,Away,Away,Away,Away,Home,Home,Home,Home,Home,,"26.6,-0.1","20.5,-1.4","29.1,-4.5","22.2,-6.2","15.8,-12.4","22.7,-5.3","11,4.3","27,-6.8","26.5,0","8.9,-6.3","19.4,-6.4",,0.095,5.207,4.048,4.926,2.523,3.597,3.136,3.459,4.122,1.637,4.528,,"-0.813,-0.582","0.402,-0.916","0.059,0.998","-0.424,-0.905","0.906,0.423","-0.273,0.962","0.479,0.878","-0.137,0.991","0.948,-0.319","-0.071,0.998","0.307,0.952",,AwayPowerplay,True,False,4.0
3,1023,1767187658340,PuckControl,AwayPowerplay,5v5,False,True,AwayTeamZone,"29.8,-3.8","15,-14.2",,,,,,,,,,,,,,,,,,,,,,,,,Loose,HomeTeamZone,HomeTeamZone,,,,,150983.0,153736.0,346405.0,345038.0,345037.0,347294.0,888057605.0,888057617.0,888057609.0,888057601.0,888057610.0,,#29 Sandro Aeschlimann,#38 Lukas Frick,#18 Filip Zadina,#19 Adam Tambellini,#15 Simon Ryfors,#22 Brendan Lemieux,#25 Abram Wiebe,#19 Quinn Finley,#13 T.J. Hughes,#23 Eric Pohlkamp,#18 Aiden Fink,,Away,Away,Away,Away,Away,Away,Home,Home,Home,Home,Home,,"26.6,-0.1","20.6,-1.5","29.1,-4.4","22.2,-6.3","15.8,-12.4","22.7,-5.2","11,4.4","27,-6.8","26.6,0","8.9,-6.3","19.4,-6.3",,,,,,,,,,,,,,,,,,,,,,,,,,AwayPowerplay,True,False,4.0
3,1025,1767187659900,PuckControl,AwayPowerplay,5v5,False,True,AwayTeamZone,"15,-14.2","12.4,-14.6",345037.0,#15 Simon Ryfors,Away,,,,,,,,,,,,,,,,,,,,,,AwayControl,HomeTeamZone,HomeTeamZone,,,,345037,150983.0,153736.0,346405.0,345038.0,345037.0,347294.0,888057605.0,888057617.0,888057609.0,888057601.0,888057610.0,,#29 Sandro Aeschlimann,#38 Lukas Frick,#18 Filip Zadina,#19 Adam Tambellini,#15 Simon Ryfors,#22 Brendan Lemieux,#25 Abram Wiebe,#19 Quinn Finley,#13 T.J. Hughes,#23 Eric Pohlkamp,#18 Aiden Fink,,Away,Away,Away,Away,Away,Away,Home,Home,Home,Home,Home,,"26.5,0.2","23.1,-9.1","27.7,-0.5","17,-12.8","15.5,-14.2","19.2,0","11.2,7.1","24.7,-1.9","28.5,3.2","10.8,-7.4","15.4,-4.1",,,,,,,,,,,,,,,,,,,,,,,,,,AwayPowerplay,True,False,4.0
3,1025,1767187660240,PuckControl,AwayPowerplay,5v5,False,True,AwayTeamZone,"12.4,-14.6","-22.5,2.3",,,,,,,,,,,,,,,,,,,,,,,,,Loose,HomeTeamZone,AwayTeamZone,,,,,150983.0,153736.0,346405.0,345038.0,345037.0,347294.0,888057605.0,888057617.0,888057609.0,888057601.0,888057610.0,,#29 Sandro Aeschlimann,#38 Lukas Frick,#18 Filip Zadina,#19 Adam Tambellini,#15 Simon Ryfors,#22 Brendan Lemieux,#25 Abram Wiebe,#19 Quinn Finley,#13 T.J. Hughes,#23 Eric Pohlkamp,#18 Aiden Fink,,Away,Away,Away,Away,Away,Away,Home,Home,Home,Home,Home,,"26.4,0.2","22.8,-10.8","27.1,-0.5","15.1,-12.8","14.3,-14.1","17.5,-0.2","10.1,7.2","23.3,-2.4","27.5,4.1","11,-9.1","13.9,-5.6",,,,,,,,,,,,,,,,,,,,,,,,,,AwayPowerplay,True,False,4.0
3,1026,1767187661080,BluelineCrossing,AwayPowerplay,5v5,False,True,AwayTeamZone,"7.2,-11.6",,345038.0,#19 Adam Tambellini,Away,,,,,,,,,,,,,PossessionLost,TowardsOpponent,,,,,,,,,,,,,,345038,150983.0,153736.0,346405.0,345038.0,345037.0,347294.0,888057605.0,888057617.0,888057609.0,888057601.0,888057610.0,,#29 Sandro Aeschlimann,#38 Lukas Frick,#18 Filip Zadina,#19 Adam Tambellini,#15 Simon Ryfors,#22 Brendan Lemieux,#25 Abram Wiebe,#19 Quinn Finley,#13 T.J. Hughes,#23 Eric Pohlkamp,#18 Aiden Fink,,Away,Away,Away,Away,Away,Away,Home,Home,Home,Home,Home,,"26.2,0","19.9,-13.6","24.9,-0.7","9.5,-12.5","11.2,-14.1","13,-1.7","6.3,6.1","20.1,-4.2","24,4.7","8.7,-11.9","9.7,-8.4",,0.144,5.039,3.15,7.451,3.873,5.53,5.068,4.679,4.579,5.009,5.787,,"0.822,0.569","-0.957,-0.291","-1,0.018","-1,0.003","-0.904,-0.428","-0.982,-0.191","-0.961,-0.276","-0.915,-0.404","-0.986,-0.166","-0.895,-0.446","-0.916,-0.401",,AwayPowerplay,True,False,4.0
3,1027,1767187662440,BluelineCrossing,AwayPowerplay,5v5,False,True,NeutralZone,"-7.1,-4.7",,345037.0,#15 Simon Ryfors,Away,,,,,,,,,,,,,,TowardsOpponent,,"888057605,888057610",,,,,,,,,,,,"345037,888057605,888057610",150983.0,153736.0,346405.0,345038.0,345037.0,347294.0,888057605.0,888057617.0,888057609.0,888057601.0,888057610.0,,#29 Sandro Aeschlimann,#38 Lukas Frick,#18 Filip Zadina,#19 Adam Tambellini,#15 Simon Ryfors,#22 Brendan Lemieux,#25 Abram Wiebe,#19 Quinn Finley,#13 T.J. Hughes,#23 Eric Pohlkamp,#18 Aiden Fink,,Away,Away,Away,Away,Away,Away,Home,Home,Home,Home,Home,,"26.4,-0.3","14.5,-12.1","19.7,-0.4","0,-9.7","9.4,-14","3.2,-0.8","-2.3,5.7","13.2,-6","17.7,3.9","2,-12.7","-1.4,-11.5",,0.483,3.984,4.607,7.248,3.804,8.029,7.485,4.988,4.951,6.197,7.794,,"0.399,0.917","-0.834,0.552","-0.975,0.223","-0.994,0.112","-0.978,0.208","-0.988,0.154","-1,0.003","-0.992,0.127","-0.99,0.139","-0.979,0.204","-0.971,-0.24",,AwayPowerplay,True,False,4.0
3,1030,1767187664820,PuckControl,AwayPowerplay,5v5,False,True,HomeTeamZone,"-22.5,2.3","-27.9,6.4",888057605.0,#25 Abram Wiebe,Home,,,,,,,,,,,,,,,,,,,,,,HomeControl,AwayTeamZone,AwayTeamZone,,,,888057605,150983.0,153736.0,346405.0,345038.0,345037.0,347294.0,888057605.0,888057617.0,888057609.0,888057601.0,888057610.0,,#29 Sandro Aeschlimann,#38 Lukas Frick,#18 Filip Zadina,#19 Adam Tambellini,#15 Simon Ryfors,#22 Brendan Lemieux,#25 Abram Wiebe,#19 Quinn Finley,#13 T.J. Hughes,#23 Eric Pohlkamp,#18 Aiden Fink,,Away,Away,Away,Away,Away,Away,Home,Home,Home,Home,Home,,"26.1,-0.4","6.2,-5.5","9.5,4.1","-10.8,-5.9","0.9,-11.4","-18.2,1","-21.4,3.1","-2.6,-3.7","6.7,8.3","-11.1,-12.9","-12.6,-7.8",,,,,,,,,,,,,,,,,,,,,,,,,,AwayPowerplay,True,False,4.0
3,1032,1767187667200,Pass,AwayPowerplay,5v5,False,True,HomeTeamZone,"-28,6.4","-9.8,12.2",888057605.0,#25 Abram Wiebe,Home,888057609.0,#13 T.J. Hughes,Home,,,,,,,,Successful,24.7,,,,,,,,,,,,,,,,"888057605,888057609",150983.0,153736.0,346405.0,345038.0,345037.0,347294.0,888057605.0,888057617.0,888057609.0,888057601.0,888057610.0,,#29 Sandro Aeschlimann,#38 Lukas Frick,#18 Filip Zadina,#19 Adam Tambellini,#15 Simon Ryfors,#22 Brendan Lemieux,#25 Abram Wiebe,#19 Quinn Finley,#13 T.J. Hughes,#23 Eric Pohlkamp,#18 Aiden Fink,,Away,Away,Away,Away,Away,Away,Home,Home,Home,Home,Home,,"24.7,0.4","-2.9,-0.5","-1.7,11.7","-18.6,2.6","-7.3,-10.3","-22.9,-9.4","-28.6,6.1","-16.3,1.5","-4.5,12","-21.2,-7","-10.5,-14",,0.39,3.622,5.217,5.086,3.129,5.568,2.563,6.061,4.427,5.84,5.621,,"-0.908,-0.419","-0.191,0.982","-0.963,0.271","-0.587,0.809","-0.192,0.981","0.97,-0.243","0.271,0.963","-0.778,0.628","-0.994,-0.107","-0.114,0.993","0.998,-0.058",,AwayPowerplay,True,False,4.0
3,1032,1767187667220,PuckControl,AwayPowerplay,5v5,False,True,HomeTeamZone,"-27.9,6.4","-9.8,12.2",,,,,,,,,,,,,,,,,,,,,,,,,HomeControl,AwayTeamZone,AwayTeamZone,,,,,150983.0,153736.0,346405.0,345038.0,345037.0,347294.0,888057605.0,888057617.0,888057609.0,888057601.0,888057610.0,,#29 Sandro Aeschlimann,#38 Lukas Frick,#18 Filip Zadina,#19 Adam Tambellini,#15 Simon Ryfors,#22 Brendan Lemieux,#25 Abram Wiebe,#19 Quinn Finley,#13 T.J. Hughes,#23 Eric Pohlkamp,#18 Aiden Fink,,Away,Away,Away,Away,Away,Away,Home,Home,Home,Home,Home,,"24.7,0.4","-2.9,-0.5","-1.8,11.7","-18.7,2.6","-7.4,-10.2","-22.8,-9.4","-28.6,6.1","-16.4,1.6","-4.6,12","-21.2,-6.9","-10.4,-14",,,,,,,,,,,,,,,,,,,,,,,,,,AwayPowerplay,True,False,4.0
3,1033,1767187668100,PuckControl,AwayPowerplay,5v5,False,True,HomeTeamZone,"-9.8,12.2","-11.7,10.3",888057609.0,#13 T.J. Hughes,Home,,,,,,,,,,,,,,,,,,,,,,HomeControl,AwayTeamZone,AwayTeamZone,,,,888057609,150983.0,153736.0,346405.0,345038.0,345037.0,347294.0,888057605.0,888057617.0,888057609.0,888057601.0,888057610.0,,#29 Sandro Aeschlimann,#38 Lukas Frick,#18 Filip Zadina,#19 Adam Tambellini,#15 Simon Ryfors,#22 Brendan Lemieux,#25 Abram Wiebe,#19 Quinn Finley,#13 T.J. Hughes,#23 Eric Pohlkamp,#18 Aiden Fink,,Away,Away,Away,Away,Away,Away,Home,Home,Home,Home,Home,,"24.5,0.5","-1.7,2.5","-6.7,12.4","-19.4,7.1","-5.9,-6.9","-17.6,-7.9","-28,8.1","-17.8,6.6","-8.6,11.7","-19.6,-1.5","-4.4,-13.5",,,,,,,,,,,,,,,,,,,,,,,,,,AwayPowerplay,True,False,4.0
3,1033,1767187668600,Pass,AwayPowerplay,5v5,False,True,HomeTeamZone,"-11.6,10.5","-12,4.3",888057609.0,#13 T.J. Hughes,Home,888057601.0,#23 Eric Pohlkamp,Home,,,,,,,,Successful,14.2,,,,,,,,,,,,,,,,"888057609,888057601",150983.0,153736.0,346405.0,345038.0,345037.0,347294.0,888057605.0,888057617.0,888057609.0,888057601.0,888057610.0,,#29 Sandro Aeschlimann,#38 Lukas Frick,#18 Filip Zadina,#19 Adam Tambellini,#15 Simon Ryfors,#22 Brendan Lemieux,#25 Abram Wiebe,#19 Quinn Finley,#13 T.J. Hughes,#23 Eric Pohlkamp,#18 Aiden Fink,,Away,Away,Away,Away,Away,Away,Home,Home,Home,Home,Home,,"24.5,0.5","0.2,2.9","-9.6,11.7","-17.4,9.2","-3.8,-5.5","-14.8,-6","-27.1,9.3","-16.1,9.7","-10.6,11.4","-16.7,1","-0.5,-12.7",,0.248,3.786,5.811,5.972,4.653,6.714,3.134,7.102,3.83,8.301,7.951,,"0.253,0.967","0.995,-0.103","-0.887,-0.462","0.839,0.544","0.815,0.58","0.841,0.541","0.796,0.605","0.647,0.762","-0.952,-0.305","0.821,0.571","0.969,0.249",,AwayPowerplay,True,False,4.0
3,1033,1767187668620,PuckControl,AwayPowerplay,5v5,False,True,HomeTeamZone,"-11.7,10.3","-12,4.3",,,,,,,,,,,,,,,,,,,,,,,,,HomeControl,AwayTeamZone,AwayTeamZone,,,,,150983.0,153736.0,346405.0,345038.0,345037.0,347294.0,888057605.0,888057617.0,888057609.0,888057601.0,888057610.0,,#29 Sandro Aeschlimann,#38 Lukas Frick,#18 Filip Zadina,#19 Adam Tambellini,#15 Simon Ryfors,#22 Brendan Lemieux,#25 Abram Wiebe,#19 Quinn Finley,#13 T.J. Hughes,#23 Eric Pohlkamp,#18 Aiden Fink,,Away,Away,Away,Away,Away,Away,Home,Home,Home,Home,Home,,"24.5,0.6","0.3,2.9","-9.7,11.7","-17.3,9.3","-3.8,-5.4","-14.6,-5.9","-27.1,9.3","-16,9.8","-10.7,11.4","-16.6,1.1","-0.4,-12.7",,,,,,,,,,,,,,,,,,,,,,,,,,AwayPowerplay,True,False,4.0
3,1034,1767187669080,PuckControl,AwayPowerplay,5v5,False,True,HomeTeamZone,"-12,4.3","0.8,8.7",888057601.0,#23 Eric Pohlkamp,Home,,,,,,,,,,,,,,,,,,,,,,HomeControl,AwayTeamZone,NeutralZone,,,,888057601,150983.0,153736.0,346405.0,345038.0,345037.0,347294.0,888057605.0,888057617.0,888057609.0,888057601.0,888057610.0,,#29 Sandro Aeschlimann,#38 Lukas Frick,#18 Filip Zadina,#19 Adam Tambellini,#15 Simon Ryfors,#22 Brendan Lemieux,#25 Abram Wiebe,#19 Quinn Finley,#13 T.J. Hughes,#23 Eric Pohlkamp,#18 Aiden Fink,,Away,Away,Away,Away,Away,Away,Home,Home,Home,Home,Home,,"24.7,0.5","2.2,2.3","-11.4,9.7","-14.7,10.3","-2.5,-3.9","-12,-4.1","-25.7,10.1","-13.5,11.7","-12.3,10.4","-13.2,3.1","2.8,-11.9",,,,,,,,,,,,,,,,,,,,,,,,,,AwayPowerplay,True,False,4.0
3,1035,1767187669780,BluelineCrossing,AwayPowerplay,5v5,False,True,NeutralZone,"-7.1,4.4",,888057601.0,#23 Eric Pohlkamp,Home,,,,,,,,,,,,,PossessionMaintained,TowardsOpponent,,,,,,,,,,,,,,888057601,150983.0,153736.0,346405.0,345038.0,345037.0,347294.0,888057605.0,888057617.0,888057609.0,888057601.0,888057610.0,,#29 Sandro Aeschlimann,#38 Lukas Frick,#18 Filip Zadina,#19 Adam Tambellini,#15 Simon Ryfors,#22 Brendan Lemieux,#25 Abram Wiebe,#19 Quinn Finley,#13 T.J. Hughes,#23 Eric Pohlkamp,#18 Aiden Fink,,Away,Away,Away,Away,Away,Away,Home,Home,Home,Home,Home,,"25,0.5","5.5,0.5","-10.9,5.7","-10.6,10.4","-0.5,0.4","-7.7,-1.3","-22.7,10.7","-8.3,13.2","-13.4,7.9","-7.7,4.9","7.2,-10.7",,0.15,6.266,5.964,6.336,8.113,7.713,4.71,8.623,4.272,8.423,5.902,,"0.893,0.45","0.888,-0.459","0.526,-0.85","0.993,-0.115","0.494,0.869","0.849,0.528","0.986,0.168","0.985,0.17","-0.054,-0.999","0.976,0.217","1,0.019",,AwayPowerplay,True,False,4.0
3,1035,1767187670640,Pass,AwayPowerplay,5v5,False,True,NeutralZone,"0.7,8.5","4.1,12.7",888057601.0,#23 Eric Pohlkamp,Home,888057617.0,#19 Quinn Finley,Home,,,,,,,,Successful,14.2,,,,,,,,,,,,,,,,"888057601,888057617",150983.0,153736.0,346405.0,345038.0,345037.0,347294.0,888057605.0,888057617.0,888057609.0,888057601.0,888057610.0,,#29 Sandro Aeschlimann,#38 Lukas Frick,#18 Filip Zadina,#19 Adam Tambellini,#15 Simon Ryfors,#22 Brendan Lemieux,#25 Abram Wiebe,#19 Quinn Finley,#13 T.J. Hughes,#23 Eric Pohlkamp,#18 Aiden Fink,,Away,Away,Away,Away,Away,Away,Home,Home,Home,Home,Home,,"24.7,1","10.5,-0.2","-6.6,3.1","-4.9,9.2","3,5.5","-1.2,1.4","-19,11.8","-0.8,13.9","-11.6,4.5","-0.4,5.6","9.3,-12.2",,0.928,5.894,6.106,7.188,6.826,8.764,4.114,8.549,5.131,8.587,2.389,,"-0.043,0.999","0.97,0.244","0.967,-0.256","0.974,-0.225","0.687,0.727","0.958,0.286","0.932,0.364","1,0.012","0.812,-0.583","1,-0.011","-0.354,-0.935",,AwayPowerplay,True,False,4.0
3,1035,1767187670660,PuckControl,AwayPowerplay,5v5,False,True,NeutralZone,"0.8,8.7","4.1,12.7",,,,,,,,,,,,,,,,,,,,,,,,,HomeControl,NeutralZone,NeutralZone,,,,,150983.0,153736.0,346405.0,345038.0,345037.0,347294.0,888057605.0,888057617.0,888057609.0,888057601.0,888057610.0,,#29 Sandro Aeschlimann,#38 Lukas Frick,#18 Filip Zadina,#19 Adam Tambellini,#15 Simon Ryfors,#22 Brendan Lemieux,#25 Abram Wiebe,#19 Quinn Finley,#13 T.J. Hughes,#23 Eric Pohlkamp,#18 Aiden Fink,,Away,Away,Away,Away,Away,Away,Home,Home,Home,Home,Home,,"24.7,1","10.6,-0.1","-6.5,3.1","-4.7,9.2","3.1,5.6","-1.1,1.5","-18.9,11.8","-0.6,13.9","-11.5,4.4","-0.3,5.6","9.3,-12.2",,,,,,,,,,,,,,,,,,,,,,,,,,AwayPowerplay,True,False,4.0
3,1036,1767187671020,PuckControl,AwayPowerplay,5v5,False,True,NeutralZone,"4.1,12.7","17.1,12.5",888057617.0,#19 Quinn Finley,Home,,,,,,,,,,,,,,,,,,,,,,HomeControl,NeutralZone,HomeTeamZone,,,,888057617,150983.0,153736.0,346405.0,345038.0,345037.0,347294.0,888057605.0,888057617.0,888057609.0,888057601.0,888057610.0,,#29 Sandro Aeschlimann,#38 Lukas Frick,#18 Filip Zadina,#19 Adam Tambellini,#15 Simon Ryfors,#22 Brendan Lemieux,#25 Abram Wiebe,#19 Quinn Finley,#13 T.J. Hughes,#23 Eric Pohlkamp,#18 Aiden Fink,,Away,Away,Away,Away,Away,Away,Home,Home,Home,Home,Home,,"24.7,1.3","12.3,0.5","-4.3,2.7","-2.2,8.8","5.1,7.3","1.8,2.2","-17.5,12.4","2.5,13.9","-9.7,3.7","3,5.4","8.8,-13",,,,,,,,,,,,,,,,,,,,,,,,,,AwayPowerplay,True,False,4.0
3,1036,1767187671400,BluelineCrossing,AwayPowerplay,5v5,False,True,AwayTeamZone,"7.2,14.3",,888057617.0,#19 Quinn Finley,Home,,,,,,,,,,,,,PossessionLost,TowardsOpponent,"888057617,888057601,888057610","153736,345037,347294",,,,,,,,,,,,"888057617,888057601,888057610,153736,345037,347294",150983.0,153736.0,346405.0,345038.0,345037.0,347294.0,888057605.0,888057617.0,888057609.0,888057601.0,888057610.0,,#29 Sandro Aeschlimann,#38 Lukas Frick,#18 Filip Zadina,#19 Adam Tambellini,#15 Simon Ryfors,#22 Brendan Lemieux,#25 Abram Wiebe,#19 Quinn Finley,#13 T.J. Hughes,#23 Eric Pohlkamp,#18 Aiden Fink,,Away,Away,Away,Away,Away,Away,Home,Home,Home,Home,Home,,"24.7,1.7","13.8,1.3","-1.8,2.4","0.6,8.6","7.4,8.7","4.9,2.7","-15.9,13.1","6,13.8","-7.6,3.6","6.4,5.1","9,-13.2",,1.378,4.434,6.796,7.358,7.173,8.311,4.547,9.666,5.974,9.047,1.086,,"-0.125,0.992","0.825,0.565","0.991,-0.131","1,0.024","0.871,0.492","0.99,0.14","0.9,0.436","1,-0.026","1,0.016","0.992,-0.128","1,0.024",,AwayPowerplay,True,False,4.0
3,1037,1767187672440,Pass,AwayPowerplay,5v5,False,True,AwayTeamZone,"16.9,12.6","19.9,1.3",888057617.0,#19 Quinn Finley,Home,153736.0,#38 Lukas Frick,Away,,,,,,,,Intercepted,25.6,,,,,,,,,,,,,,,,"888057617,153736",150983.0,153736.0,346405.0,345038.0,345037.0,347294.0,888057617.0,888057609.0,888057601.0,888057610.0,888057605.0,,#29 Sandro Aeschlimann,#38 Lukas Frick,#18 Filip Zadina,#19 Adam Tambellini,#15 Simon Ryfors,#22 Brendan Lemieux,#19 Quinn Finley,#13 T.J. Hughes,#23 Eric Pohlkamp,#18 Aiden Fink,#25 Abram Wiebe,,Away,Away,Away,Away,Away,Away,Home,Home,Home,Home,Home,,"25.5,2.1","18.6,1.7","5.8,0.9","8,8.9","15.2,10.6","13.4,2.7","15.9,12.4","-1.3,5.4","15.4,1.9","10.4,-12.4","-12.5,14.7",,1.561,5.326,7.492,7.153,8.69,7.568,9.217,6.913,9.901,3.05,2.679,,"0.807,-0.59","0.9,-0.436","0.977,-0.213","0.99,-0.139","0.998,-0.058","0.971,-0.241","0.955,-0.295","0.959,0.284","0.883,-0.47","0.89,0.456","0.965,0.264",,AwayPowerplay,True,False,4.0
3,1037,1767187672460,PuckControl,AwayPowerplay,5v5,False,True,AwayTeamZone,"17.1,12.5","19.9,1.3",,,,,,,,,,,,,,,,,,,,,,,,,Loose,HomeTeamZone,HomeTeamZone,,,,,150983.0,153736.0,346405.0,345038.0,345037.0,347294.0,888057617.0,888057609.0,888057601.0,888057610.0,888057605.0,,#29 Sandro Aeschlimann,#38 Lukas Frick,#18 Filip Zadina,#19 Adam Tambellini,#15 Simon Ryfors,#22 Brendan Lemieux,#19 Quinn Finley,#13 T.J. Hughes,#23 Eric Pohlkamp,#18 Aiden Fink,#25 Abram Wiebe,,Away,Away,Away,Away,Away,Away,Home,Home,Home,Home,Home,,"25.5,2.1","18.7,1.7","5.9,0.9","8.2,8.9","15.4,10.6","13.5,2.7","16.1,12.4","-1.2,5.4","15.5,1.8","10.5,-12.4","-12.4,14.7",,,,,,,,,,,,,,,,,,,,,,,,,,AwayPowerplay,True,False,4.0
3,1038,1767187672980,PuckControl,AwayPowerplay,5v5,False,True,AwayTeamZone,"19.9,1.3","20,0.9",153736.0,#38 Lukas Frick,Away,,,,,,,,,,,,,,,,,,,,,,AwayControl,HomeTeamZone,HomeTeamZone,,,,153736,150983.0,153736.0,346405.0,345038.0,345037.0,347294.0,888057617.0,888057609.0,888057601.0,888057610.0,888057605.0,,#29 Sandro Aeschlimann,#38 Lukas Frick,#18 Filip Zadina,#19 Adam Tambellini,#15 Simon Ryfors,#22 Brendan Lemieux,#19 Quinn Finley,#13 T.J. Hughes,#23 Eric Pohlkamp,#18 Aiden Fink,#25 Abram Wiebe,,Away,Away,Away,Away,Away,Away,Home,Home,Home,Home,Home,,"25.9,1.4","20.9,0.2","9.3,0.1","11.9,7.8","19.8,9.8","17.3,1.4","20.4,10.7","2.4,5.9","19.8,-0.9","12.3,-11.2","-11.4,14.9",,,,,,,,,,,,,,,,,,,,,,,,,,AwayPowerplay,True,False,4.0
3,1038,1767187673000,PuckControl,AwayPowerplay,5v5,False,True,AwayTeamZone,"20,0.9","20.5,-0.1",,,,,,,,,,,,,,,,,,,,,,,,,Loose,HomeTeamZone,HomeTeamZone,,,,,150983.0,153736.0,346405.0,345038.0,345037.0,347294.0,888057617.0,888057609.0,888057601.0,888057610.0,888057605.0,,#29 Sandro Aeschlimann,#38 Lukas Frick,#18 Filip Zadina,#19 Adam Tambellini,#15 Simon Ryfors,#22 Brendan Lemieux,#19 Quinn Finley,#13 T.J. Hughes,#23 Eric Pohlkamp,#18 Aiden Fink,#25 Abram Wiebe,,Away,Away,Away,Away,Away,Away,Home,Home,Home,Home,Home,,"25.9,1.4","20.9,0.1","9.5,0.1","12,7.8","19.9,9.8","17.4,1.3","20.6,10.6","2.5,5.8","19.9,-1","12.4,-11.1","-11.3,14.9",,,,,,,,,,,,,,,,,,,,,,,,,,AwayPowerplay,True,False,4.0
3,1038,1767187673080,PuckControl,AwayPowerplay,5v5,False,True,AwayTeamZone,"20.5,-0.1","27.1,-1.7",,,,,,,,,,,,,,,,,,,,,,,,,Contested,HomeTeamZone,HomeTeamZone,"888057601,153736",,,,150983.0,153736.0,346405.0,345038.0,345037.0,347294.0,888057617.0,888057609.0,888057601.0,888057610.0,888057605.0,,#29 Sandro Aeschlimann,#38 Lukas Frick,#18 Filip Zadina,#19 Adam Tambellini,#15 Simon Ryfors,#22 Brendan Lemieux,#19 Quinn Finley,#13 T.J. Hughes,#23 Eric Pohlkamp,#18 Aiden Fink,#25 Abram Wiebe,,Away,Away,Away,Away,Away,Away,Home,Home,Home,Home,Home,,"26,1.3","21.3,-0.1","10,0.1","12.6,7.5","20.6,9.6","18,1.1","21.2,10.3","3.1,5.8","20.5,-1.3","12.7,-10.9","-11.2,14.9",,,,,,,,,,,,,,,,,,,,,,,,,,AwayPowerplay,True,False,4.0
3,1039,1767187673940,PuckControl,AwayPowerplay,5v5,False,True,AwayTeamZone,"27.1,-1.7","28.8,-2.3",150983.0,#29 Sandro Aeschlimann,Away,,,,,,,,,,,,,,,,,,,,,,AwayControl,HomeTeamZone,HomeTeamZone,,,,150983,150983.0,153736.0,346405.0,345038.0,345037.0,347294.0,888057617.0,888057609.0,888057601.0,888057610.0,888057600.0,,#29 Sandro Aeschlimann,#38 Lukas Frick,#18 Filip Zadina,#19 Adam Tambellini,#15 Simon Ryfors,#22 Brendan Lemieux,#19 Quinn Finley,#13 T.J. Hughes,#23 Eric Pohlkamp,#18 Aiden Fink,#4 Jake Livanavage,,Away,Away,Away,Away,Away,Away,Home,Home,Home,Home,Home,,"26.7,0","25,-1.7","15.3,-1.4","18,4.9","26.8,6.1","22.5,-0.7","27.4,6.3","8.7,4.7","25.2,-3.7","15.9,-8.3","-8.3,14.1",,,,,,,,,,,,,,,,,,,,,,,,,,AwayPowerplay,True,False,4.0
3,1039,1767187674280,PuckControl,AwayPowerplay,5v5,False,True,AwayTeamZone,"28.8,-2.3","24.6,-0.6",,,,,,,,,,,,,,,,,,,,,,,,,Loose,HomeTeamZone,HomeTeamZone,,,,,150983.0,153736.0,346405.0,345038.0,345037.0,347294.0,888057617.0,888057609.0,888057601.0,888057610.0,888057600.0,,#29 Sandro Aeschlimann,#38 Lukas Frick,#18 Filip Zadina,#19 Adam Tambellini,#15 Simon Ryfors,#22 Brendan Lemieux,#19 Quinn Finley,#13 T.J. Hughes,#23 Eric Pohlkamp,#18 Aiden Fink,#4 Jake Livanavage,,Away,Away,Away,Away,Away,Away,Home,Home,Home,Home,Home,,"26.6,-0.2","26.3,-2.1","17,-2.4","19.8,4","28.5,3.8","23.7,-0.6","29,4","10.8,4.2","26.8,-3.7","17.4,-7.4","-7.4,13.4",,,,,,,,,,,,,,,,,,,,,,,,,,AwayPowerplay,True,False,4.0
3,1040,1767187675160,PuckControl,AwayPowerplay,5v5,False,True,AwayTeamZone,"24.6,-0.6","22.8,-1.5",347294.0,#22 Brendan Lemieux,Away,,,,,,,,,,,,,,,,,,,,,,AwayControl,HomeTeamZone,HomeTeamZone,,,,347294,150983.0,153736.0,346405.0,345038.0,345037.0,347294.0,888057617.0,888057609.0,888057601.0,888057610.0,888057600.0,,#29 Sandro Aeschlimann,#38 Lukas Frick,#18 Filip Zadina,#19 Adam Tambellini,#15 Simon Ryfors,#22 Brendan Lemieux,#19 Quinn Finley,#13 T.J. Hughes,#23 Eric Pohlkamp,#18 Aiden Fink,#4 Jake Livanavage,,Away,Away,Away,Away,Away,Away,Home,Home,Home,Home,Home,,"26.3,0.1","29.2,-3.4","21.1,-4.2","22.9,1.1","29.9,-1.5","25.2,-2.2","29.9,-1.6","16.1,2.5","29.8,-3.4","21.7,-5.8","-4,11.1",,,,,,,,,,,,,,,,,,,,,,,,,,AwayPowerplay,True,False,4.0
3,1040,1767187675400,Clear,AwayPowerplay,5v5,False,True,AwayTeamZone,"22.9,-1.5","7.1,-8.6",347294.0,#22 Brendan Lemieux,Away,346405.0,#18 Filip Zadina,Away,,,,,,,,,,,,,,,,,NeutralZone,False,,,,,,,"347294,346405",150983.0,153736.0,346405.0,345038.0,345037.0,347294.0,888057617.0,888057609.0,888057601.0,888057610.0,888057600.0,,#29 Sandro Aeschlimann,#38 Lukas Frick,#18 Filip Zadina,#19 Adam Tambellini,#15 Simon Ryfors,#22 Brendan Lemieux,#19 Quinn Finley,#13 T.J. Hughes,#23 Eric Pohlkamp,#18 Aiden Fink,#4 Jake Livanavage,,Away,Away,Away,Away,Away,Away,Home,Home,Home,Home,Home,,"26.3,0.2","29.6,-3.7","21.8,-4.5","23.3,0.6","29.9,-2.3","25.4,-3.2","29.9,-2.4","17.5,2.4","29.9,-3.7","22.4,-5.8","-3,10.5",,0.374,1.913,2.442,2.586,2.87,3.788,3.016,5.654,1.449,2.176,4.869,,"0.746,0.666","0.584,-0.812","0.879,-0.477","0.67,-0.742","0.01,-1","0.13,-0.992","0,-1","0.995,-0.097","0.258,-0.966","1,0.029","0.859,-0.513",,AwayPowerplay,True,False,4.0
3,1040,1767187675420,PuckControl,AwayPowerplay,5v5,False,True,AwayTeamZone,"22.8,-1.5","-0.6,-11.1",,,,,,,,,,,,,,,,,,,,,,,,,Loose,HomeTeamZone,NeutralZone,,,,,150983.0,153736.0,346405.0,345038.0,345037.0,347294.0,888057617.0,888057609.0,888057601.0,888057610.0,888057600.0,,#29 Sandro Aeschlimann,#38 Lukas Frick,#18 Filip Zadina,#19 Adam Tambellini,#15 Simon Ryfors,#22 Brendan Lemieux,#19 Quinn Finley,#13 T.J. Hughes,#23 Eric Pohlkamp,#18 Aiden Fink,#4 Jake Livanavage,,Away,Away,Away,Away,Away,Away,Home,Home,Home,Home,Home,,"26.3,0.2","29.6,-3.8","21.8,-4.6","23.4,0.5","29.9,-2.4","25.4,-3.2","29.9,-2.5","17.6,2.4","29.9,-3.7","22.4,-5.8","-2.9,10.4",,,,,,,,,,,,,,,,,,,,,,,,,,AwayPowerplay,True,False,4.0
3,1043,1767187678140,BluelineCrossing,AwayPowerplay,5v5,False,True,AwayTeamZone,"7.2,-8.6",,347294.0,#22 Brendan Lemieux,Away,,,,,,,,,,,,,,TowardsOpponent,,,,,,,,,,,,,,347294,150983.0,153736.0,346405.0,345038.0,345037.0,347294.0,888057617.0,888057609.0,888057601.0,888057610.0,888057600.0,,#29 Sandro Aeschlimann,#38 Lukas Frick,#18 Filip Zadina,#19 Adam Tambellini,#15 Simon Ryfors,#22 Brendan Lemieux,#19 Quinn Finley,#13 T.J. Hughes,#23 Eric Pohlkamp,#18 Aiden Fink,#4 Jake Livanavage,,Away,Away,Away,Away,Away,Away,Home,Home,Home,Home,Home,,"26.3,-0.2","23.3,-5.7","11.7,-7.2","17.7,-0.5","27,-2.1","15.7,-4.7","29.8,-3.7","23.6,1.8","27.1,-7.3","20,2.1","5.3,-1.3",,0.65,3.474,7.071,4.645,3.146,5.354,1.018,2.449,3.616,4.352,8.083,,"0.877,-0.481","-0.998,-0.058","-0.963,-0.27","-1,0.001","-0.967,0.255","-0.998,-0.068","-0.874,-0.485","-0.995,-0.1","-0.923,-0.385","-0.53,0.848","-0.096,-0.995",,AwayPowerplay,True,False,4.0
3,1044,1767187679320,PuckControl,AwayPowerplay,5v5,False,True,NeutralZone,"-0.6,-11.1","-29.2,9.8",888057600.0,#4 Jake Livanavage,Home,,,,,,,,,,,,,,,,,,,,,,HomeControl,NeutralZone,AwayTeamZone,,,,888057600,150983.0,153736.0,346405.0,345038.0,345037.0,347294.0,888057617.0,888057609.0,888057601.0,888057610.0,888057600.0,,#29 Sandro Aeschlimann,#38 Lukas Frick,#18 Filip Zadina,#19 Adam Tambellini,#15 Simon Ryfors,#22 Brendan Lemieux,#19 Quinn Finley,#13 T.J. Hughes,#23 Eric Pohlkamp,#18 Aiden Fink,#4 Jake Livanavage,,Away,Away,Away,Away,Away,Away,Home,Home,Home,Home,Home,,"26.4,0.5","19.5,-6.1","2.6,-10.7","11.6,1.4","23.8,0.2","9.6,-7.3","27.1,-4.8","19.2,0.9","22.1,-8.4","14.9,4.5","0.2,-9.2",,,,,,,,,,,,,,,,,,,,,,,,,,AwayPowerplay,True,False,4.0
3,1045,1767187680040,BluelineCrossing,AwayPowerplay,5v5,False,True,NeutralZone,"-7.1,-10.1",,888057600.0,#4 Jake Livanavage,Home,,,,,,,,,,,,,,TowardsHome,,,,,,,,,,,,,,888057600,150983.0,153736.0,346405.0,345038.0,345037.0,347294.0,888057617.0,888057609.0,888057601.0,888057610.0,888057600.0,,#29 Sandro Aeschlimann,#38 Lukas Frick,#18 Filip Zadina,#19 Adam Tambellini,#15 Simon Ryfors,#22 Brendan Lemieux,#19 Quinn Finley,#13 T.J. Hughes,#23 Eric Pohlkamp,#18 Aiden Fink,#4 Jake Livanavage,,Away,Away,Away,Away,Away,Away,Home,Home,Home,Home,Home,,"26.5,-0.2","16.9,-6.4","-3.2,-10.8","9.1,4.5","21.6,3","5.6,-9.3","23.9,-5.2","15.8,0","18.3,-9.4","11.9,3.2","-5.9,-10.8",,1.191,3.345,8.519,5.603,5.784,5.645,4.647,5.176,4.773,4.234,9.045,,"0.216,-0.976","-0.974,0.227","-0.931,0.366","-0.526,0.85","-0.536,0.845","-0.96,-0.28","-1,0.022","-0.99,-0.139","-0.974,-0.224","-0.895,-0.446","-1,-0.023",,AwayPowerplay,True,False,4.0
3,1049,1767187684040,Clear,AwayPowerplay,5v5,False,True,HomeTeamZone,"-29.4,9.4","-6.9,14.7",888057600.0,#4 Jake Livanavage,Home,337830.0,#44 Matej Stransky,Away,,,,,,,,,,,,,,,,,NeutralZone,False,,,,,,,"888057600,337830",150983.0,340162.0,153736.0,346405.0,347698.0,347294.0,888057617.0,888057609.0,888057601.0,888057610.0,888057600.0,,#29 Sandro Aeschlimann,#6 Klas Dahlbeck,#38 Lukas Frick,#18 Filip Zadina,#74 Rasmus Asplund,#22 Brendan Lemieux,#19 Quinn Finley,#13 T.J. Hughes,#23 Eric Pohlkamp,#18 Aiden Fink,#4 Jake Livanavage,,Away,Away,Away,Away,Away,Away,Home,Home,Home,Home,Home,,"24.9,0.5","10.5,1.4","8.4,7.6","-27.6,8","6.6,7.2","2.5,8.4","2.2,-3.9","-7.7,3","-2.8,-14.8","3.9,-13.7","-27.7,9",,0.225,4.595,5.785,7.478,4.828,5.141,4.4,5.7,5.876,2.684,8.927,,"-0.801,-0.598","-0.62,-0.785","0.114,0.994","0.287,0.958","-0.183,-0.983","0.479,0.878","-0.892,0.453","-0.984,0.18","-0.998,-0.065","-0.186,-0.983","0.209,0.978",,AwayPowerplay,True,False,4.0
3,1049,1767187684060,PuckControl,AwayPowerplay,5v5,False,True,HomeTeamZone,"-29.2,9.8","0.9,14.3",,,,,,,,,,,,,,,,,,,,,,,,,Loose,AwayTeamZone,NeutralZone,,,,,150983.0,340162.0,153736.0,346405.0,347698.0,347294.0,888057617.0,888057609.0,888057601.0,888057610.0,888057600.0,,#29 Sandro Aeschlimann,#6 Klas Dahlbeck,#38 Lukas Frick,#18 Filip Zadina,#74 Rasmus Asplund,#22 Brendan Lemieux,#19 Quinn Finley,#13 T.J. Hughes,#23 Eric Pohlkamp,#18 Aiden Fink,#4 Jake Livanavage,,Away,Away,Away,Away,Away,Away,Home,Home,Home,Home,Home,,"24.9,0.5","10.5,1.3","8.4,7.7","-27.6,8.2","6.6,7.1","2.5,8.5","2.1,-3.9","-7.8,3","-2.9,-14.8","3.9,-13.7","-27.6,9.2",,,,,,,,,,,,,,,,,,,,,,,,,,AwayPowerplay,True,False,4.0
3,1050,1767187685220,BluelineCrossing,AwayPowerplay,5v5,False,True,NeutralZone,"-7.1,14.7",,888057600.0,#4 Jake Livanavage,Home,,,,,,,,,,,,,,TowardsOpponent,,,,,,,,,,,,,,888057600,150983.0,340162.0,346405.0,347698.0,888057617.0,888057609.0,888057601.0,888057610.0,888057600.0,337830.0,322236.0,,#29 Sandro Aeschlimann,#6 Klas Dahlbeck,#18 Filip Zadina,#74 Rasmus Asplund,#19 Quinn Finley,#13 T.J. Hughes,#23 Eric Pohlkamp,#18 Aiden Fink,#4 Jake Livanavage,#44 Matej Stransky,#55 Calle Andersson,,Away,Away,Away,Away,Home,Home,Home,Home,Home,Away,Away,,"24.5,0.3","7.6,-4.4","-22.6,13.9","4.8,1.4","-1.2,2.8","-14.1,5.2","-9.3,-14.4","5.7,-14.9","-23.8,14.7","2.7,12.8","10.7,13.6",,0.629,5.862,6.266,6.311,6.86,5.852,4.907,2.203,4.628,1.592,2.069,,"0.192,0.981","-0.199,-0.98","0.935,0.354","-0.478,-0.878","-0.183,0.983","-0.885,0.466","-0.981,0.193","0.712,-0.703","0.976,0.218","-0.648,-0.762","-0.479,-0.878",,AwayPowerplay,True,False,4.0
3,1051,1767187685720,PuckControl,AwayPowerplay,5v5,False,True,NeutralZone,"0.9,14.3","2.8,13.6",337830.0,#44 Matej Stransky,Away,,,,,,,,,,,,,,,,,,,,,,AwayControl,NeutralZone,NeutralZone,,,,337830,150983.0,337830.0,340162.0,346405.0,347698.0,888057617.0,888057609.0,888057601.0,888057610.0,888057600.0,322236.0,,#29 Sandro Aeschlimann,#44 Matej Stransky,#6 Klas Dahlbeck,#18 Filip Zadina,#74 Rasmus Asplund,#19 Quinn Finley,#13 T.J. Hughes,#23 Eric Pohlkamp,#18 Aiden Fink,#4 Jake Livanavage,#55 Calle Andersson,,Away,Away,Away,Away,Away,Home,Home,Home,Home,Home,Away,,"24.6,0.6","2.2,13","7,-7","-19.4,14.4","3,-1.7","-1.4,6","-16.5,6.8","-11.6,-13.6","6,-14.9","-21.6,14.9","10.5,12.7",,,,,,,,,,,,,,,,,,,,,,,,,,AwayPowerplay,True,False,4.0
3,1052,1767187687240,PuckControl,AwayPowerplay,5v5,False,True,NeutralZone,"2.8,13.6","4,11.2",,,,,,,,,,,,,,,,,,,,,,,,,Contested,NeutralZone,NeutralZone,"888057617,337830,346405",,,,150983.0,340162.0,346405.0,347698.0,322236.0,888057617.0,888057609.0,888057601.0,888057610.0,888057600.0,337830.0,,#29 Sandro Aeschlimann,#6 Klas Dahlbeck,#18 Filip Zadina,#74 Rasmus Asplund,#55 Calle Andersson,#19 Quinn Finley,#13 T.J. Hughes,#23 Eric Pohlkamp,#18 Aiden Fink,#4 Jake Livanavage,#44 Matej Stransky,,Away,Away,Away,Away,Away,Home,Home,Home,Home,Home,Away,,"25.4,0.4","8.8,-12.3","-9.3,13.3","-2.5,-7.5","13.2,11.8","1.5,13.2","-22.7,9.7","-15.6,-7.8","6.6,-13.2","-15.9,14.8","1.9,14.4",,,,,,,,,,,,,,,,,,,,,,,,,,AwayPowerplay,True,False,4.0
3,1054,1767187688920,PuckControl,AwayPowerplay,5v5,False,True,NeutralZone,"4,11.2","12.1,2.6",346405.0,#18 Filip Zadina,Away,,,,,,,,,,,,,,,,,,,,,,AwayControl,NeutralZone,HomeTeamZone,,,,346405,150983.0,340162.0,346405.0,347698.0,322236.0,888057617.0,888057609.0,888057601.0,888057610.0,888057600.0,337830.0,,#29 Sandro Aeschlimann,#6 Klas Dahlbeck,#18 Filip Zadina,#74 Rasmus Asplund,#55 Calle Andersson,#19 Quinn Finley,#13 T.J. Hughes,#23 Eric Pohlkamp,#18 Aiden Fink,#4 Jake Livanavage,#44 Matej Stransky,,Away,Away,Away,Away,Away,Home,Home,Home,Home,Home,Away,,"25.9,0.6","12.4,-9.3","2.2,12.1","-0.5,-12.7","11.1,11.1","2.4,13.3","-20,3.7","-10,-1.9","7.6,-7.1","-8,13.2","3.2,13.3",,,,,,,,,,,,,,,,,,,,,,,,,,AwayPowerplay,True,False,4.0
3,1055,1767187690140,BluelineCrossing,AwayPowerplay,5v5,False,True,AwayTeamZone,"7.2,3.7",,346405.0,#18 Filip Zadina,Away,,,,,,,,,,,,,,TowardsHome,,,,,,,,,,,,,,346405,150983.0,337830.0,340162.0,346405.0,347698.0,322236.0,888057617.0,888057609.0,888057601.0,888057610.0,888057600.0,,#29 Sandro Aeschlimann,#44 Matej Stransky,#6 Klas Dahlbeck,#18 Filip Zadina,#74 Rasmus Asplund,#55 Calle Andersson,#19 Quinn Finley,#13 T.J. Hughes,#23 Eric Pohlkamp,#18 Aiden Fink,#4 Jake Livanavage,,Away,Away,Away,Away,Away,Away,Home,Home,Home,Home,Home,,"25.5,0.4","3.6,10.8","13.2,-4.5","7.5,6.5","3,-9.6","9.4,7.1","2.6,12.7","-16.1,1.9","-3.6,-1","7.1,-0.3","-2.4,9.1",,0.064,3.369,4.092,6.958,3.045,3.712,1.14,2.007,4.996,6.797,6.105,,"-0.117,0.993","-0.69,-0.724","0.589,0.808","0.59,-0.808","-0.642,0.767","0.116,-0.993","0.239,-0.971","0.453,-0.892","0.961,-0.277","0.096,0.995","0.501,-0.866",,AwayPowerplay,True,False,4.0
3,1056,1767187690800,Pass,AwayPowerplay,5v5,False,True,AwayTeamZone,"12,2.9","14.4,-3.9",346405.0,#18 Filip Zadina,Away,340162.0,#6 Klas Dahlbeck,Away,,,,,,,,Successful,7.3,,,,,,,,,,,,,,,,"346405,340162",150983.0,337830.0,340162.0,346405.0,347698.0,322236.0,888057617.0,888057609.0,888057601.0,888057610.0,888057600.0,,#29 Sandro Aeschlimann,#44 Matej Stransky,#6 Klas Dahlbeck,#18 Filip Zadina,#74 Rasmus Asplund,#55 Calle Andersson,#19 Quinn Finley,#13 T.J. Hughes,#23 Eric Pohlkamp,#18 Aiden Fink,#4 Jake Livanavage,,Away,Away,Away,Away,Away,Away,Home,Home,Home,Home,Home,,"25.5,0.4","1.8,9.1","14.6,-3.1","10.9,3.4","1,-9.2","10.7,4.7","2.3,12.3","-16,0.8","-0.9,-2.7","8.8,3.6","-1.2,5.1",,0.561,3.348,2.486,7.012,3.448,4.454,0.814,1.779,4.843,5.064,6.196,,"1,0.015","-0.768,-0.641","0.921,0.389","0.74,-0.673","-0.951,-0.31","0.69,-0.724","-0.935,-0.354","0.009,-1","0.662,-0.75","0.617,0.787","0.058,-0.998",,AwayPowerplay,True,False,4.0
3,1056,1767187690820,PuckControl,AwayPowerplay,5v5,False,True,AwayTeamZone,"12.1,2.6","14.4,-3.9",,,,,,,,,,,,,,,,,,,,,,,,,AwayControl,HomeTeamZone,HomeTeamZone,,,,,150983.0,337830.0,340162.0,346405.0,347698.0,322236.0,888057617.0,888057609.0,888057601.0,888057610.0,888057600.0,,#29 Sandro Aeschlimann,#44 Matej Stransky,#6 Klas Dahlbeck,#18 Filip Zadina,#74 Rasmus Asplund,#55 Calle Andersson,#19 Quinn Finley,#13 T.J. Hughes,#23 Eric Pohlkamp,#18 Aiden Fink,#4 Jake Livanavage,,Away,Away,Away,Away,Away,Away,Home,Home,Home,Home,Home,,"25.5,0.4","1.8,9","14.6,-3.1","11,3.3","0.9,-9.2","10.8,4.6","2.3,12.3","-16,0.8","-0.8,-2.8","8.8,3.7","-1.1,5",,,,,,,,,,,,,,,,,,,,,,,,,,AwayPowerplay,True,False,4.0
3,1056,1767187691640,PuckControl,AwayPowerplay,5v5,False,True,AwayTeamZone,"14.4,-3.9","14.4,-4",340162.0,#6 Klas Dahlbeck,Away,,,,,,,,,,,,,,,,,,,,,,AwayControl,HomeTeamZone,HomeTeamZone,,,,340162,150983.0,337830.0,340162.0,346405.0,347698.0,322236.0,888057617.0,888057609.0,888057601.0,888057610.0,888057600.0,,#29 Sandro Aeschlimann,#44 Matej Stransky,#6 Klas Dahlbeck,#18 Filip Zadina,#74 Rasmus Asplund,#55 Calle Andersson,#19 Quinn Finley,#13 T.J. Hughes,#23 Eric Pohlkamp,#18 Aiden Fink,#4 Jake Livanavage,,Away,Away,Away,Away,Away,Away,Home,Home,Home,Home,Home,,"26.3,0.2","0.3,7","16.6,-4.3","14.4,-1.3","-1.7,-11.6","13.7,2.2","1.4,11.8","-15.3,-0.7","-0.4,-6.3","11,3.1","-2.4,0.5",,,,,,,,,,,,,,,,,,,,,,,,,,AwayPowerplay,True,False,4.0
3,1056,1767187691660,PuckControl,AwayPowerplay,5v5,False,True,AwayTeamZone,"14.4,-4","16.2,-12",346405.0,#18 Filip Zadina,Away,,,,,,,,,,,,,,,,,,,,,,AwayControl,HomeTeamZone,HomeTeamZone,,,,346405,150983.0,337830.0,340162.0,346405.0,347698.0,322236.0,888057617.0,888057609.0,888057601.0,888057610.0,888057600.0,,#29 Sandro Aeschlimann,#44 Matej Stransky,#6 Klas Dahlbeck,#18 Filip Zadina,#74 Rasmus Asplund,#55 Calle Andersson,#19 Quinn Finley,#13 T.J. Hughes,#23 Eric Pohlkamp,#18 Aiden Fink,#4 Jake Livanavage,,Away,Away,Away,Away,Away,Away,Home,Home,Home,Home,Home,,"26.3,0.2","0.3,6.9","16.7,-4.3","14.5,-1.5","-1.8,-11.7","13.7,2.2","1.4,11.8","-15.3,-0.7","-0.4,-6.4","11,3.1","-2.5,0.4",,,,,,,,,,,,,,,,,,,,,,,,,,AwayPowerplay,True,False,4.0
3,1058,1767187693140,Pass,AwayPowerplay,5v5,False,True,AwayTeamZone,"16,-11.9","22.6,-11.7",346405.0,#18 Filip Zadina,Away,340162.0,#6 Klas Dahlbeck,Away,,,,,,,,Successful,12.6,,,,,,,,,,,,,,,,"346405,340162",150983.0,337830.0,340162.0,346405.0,347698.0,322236.0,888057617.0,888057609.0,888057601.0,888057610.0,888057600.0,,#29 Sandro Aeschlimann,#44 Matej Stransky,#6 Klas Dahlbeck,#18 Filip Zadina,#74 Rasmus Asplund,#55 Calle Andersson,#19 Quinn Finley,#13 T.J. Hughes,#23 Eric Pohlkamp,#18 Aiden Fink,#4 Jake Livanavage,,Away,Away,Away,Away,Away,Away,Home,Home,Home,Home,Home,,"25.8,1.5","0,0.3","20.8,-9","15.6,-11.1","-7.4,-12.7","18.9,-1.2","0.5,9.7","-13.3,-1.6","-2.7,-12","8,-3.1","-7.2,-3.2",,2.764,3.755,5.337,4.847,4.155,3.352,1.996,1.333,3.774,3.871,2.572,,"-0.615,0.789","0.217,-0.976","0.942,-0.334","-0.43,-0.903","-0.69,0.724","0.987,0.16","-0.33,-0.944","0.711,-0.703","0.51,-0.86","-0.656,-0.754","-0.99,-0.144",,AwayPowerplay,True,False,4.0
3,1058,1767187693160,PuckControl,AwayPowerplay,5v5,False,True,AwayTeamZone,"16.2,-12","22.6,-11.7",,,,,,,,,,,,,,,,,,,,,,,,,AwayControl,HomeTeamZone,HomeTeamZone,,,,,150983.0,337830.0,340162.0,346405.0,347698.0,322236.0,888057617.0,888057609.0,888057601.0,888057610.0,888057600.0,,#29 Sandro Aeschlimann,#44 Matej Stransky,#6 Klas Dahlbeck,#18 Filip Zadina,#74 Rasmus Asplund,#55 Calle Andersson,#19 Quinn Finley,#13 T.J. Hughes,#23 Eric Pohlkamp,#18 Aiden Fink,#4 Jake Livanavage,,Away,Away,Away,Away,Away,Away,Home,Home,Home,Home,Home,,"25.8,1.5","0.1,0.3","20.9,-9","15.6,-11.2","-7.5,-12.6","18.9,-1.2","0.5,9.7","-13.3,-1.6","-2.7,-12.1","8,-3.1","-7.2,-3.2",,,,,,,,,,,,,,,,,,,,,,,,,,AwayPowerplay,True,False,4.0
3,1059,1767187693800,PuckControl,AwayPowerplay,5v5,False,True,AwayTeamZone,"22.6,-11.7","25.7,-0.8",340162.0,#6 Klas Dahlbeck,Away,,,,,,,,,,,,,,,,,,,,,,AwayControl,HomeTeamZone,HomeTeamZone,,,,340162,150983.0,337830.0,340162.0,346405.0,347698.0,322236.0,888057617.0,888057609.0,888057601.0,888057610.0,888057600.0,,#29 Sandro Aeschlimann,#44 Matej Stransky,#6 Klas Dahlbeck,#18 Filip Zadina,#74 Rasmus Asplund,#55 Calle Andersson,#19 Quinn Finley,#13 T.J. Hughes,#23 Eric Pohlkamp,#18 Aiden Fink,#4 Jake Livanavage,,Away,Away,Away,Away,Away,Away,Home,Home,Home,Home,Home,,"24.3,3.3","1.4,-1.2","23.8,-9.9","13.5,-12.3","-8.2,-10","20.9,-0.4","-0.2,8.7","-12.8,-2.6","-0.9,-13.2","5.8,-6.8","-8.6,-3.4",,,,,,,,,,,,,,,,,,,,,,,,,,AwayPowerplay,True,False,4.0
3,1062,1767187696760,PuckControl,AwayPowerplay,5v6,False,False,AwayTeamZone,"25.7,-0.8","23.5,0.1",340162.0,#6 Klas Dahlbeck,Away,,,,,,,,,,,,,,,,,,,,,,AwayControl,HomeTeamZone,HomeTeamZone,,,,340162,337830.0,340162.0,346405.0,347698.0,322236.0,888057617.0,888057609.0,888057601.0,888057610.0,888057600.0,150983.0,,#44 Matej Stransky,#6 Klas Dahlbeck,#18 Filip Zadina,#74 Rasmus Asplund,#55 Calle Andersson,#19 Quinn Finley,#13 T.J. Hughes,#23 Eric Pohlkamp,#18 Aiden Fink,#4 Jake Livanavage,#29 Sandro Aeschlimann,,Away,Away,Away,Away,Away,Home,Home,Home,Home,Home,Away,,"16.1,-0.3","27,-2.5","6.9,0.1","-0.7,0.2","27.9,5.9","-1.4,7.5","-2,-2.8","-1.6,-5.1","-2.8,-9","-8.2,-3.3","15.1,12.9",,,,,,,,,,,,,,,,,,,,,,,,,,AwayPowerplay,True,False,4.0
3,1064,1767187699500,Pass,AwayPowerplay,5v6,False,False,AwayTeamZone,"23.5,0.1","17.3,12.4",340162.0,#6 Klas Dahlbeck,Away,337830.0,#44 Matej Stransky,Away,,,,,,,,Successful,18.6,,,,,,,,,,,,,,,,"340162,337830",337830.0,340162.0,347698.0,322236.0,888057617.0,888057609.0,888057601.0,888057610.0,888057600.0,301617.0,346405.0,,#44 Matej Stransky,#6 Klas Dahlbeck,#74 Rasmus Asplund,#55 Calle Andersson,#19 Quinn Finley,#13 T.J. Hughes,#23 Eric Pohlkamp,#18 Aiden Fink,#4 Jake Livanavage,#72 Tino Kessler,#18 Filip Zadina,,Away,Away,Away,Away,Home,Home,Home,Home,Home,Away,Away,,"20.5,9.3","24.3,0","8.1,-4","25,10","-2.4,10.4","16.8,1.2","-4.3,2","-4.1,-0.5","-4.3,-2.6","10,13.6","5.4,12.4",,5.09,0.974,5.225,1.106,1.681,6.756,1.755,6.452,2.441,2.447,4.215,,"-0.484,0.875","-0.985,-0.173","0.343,-0.939","-0.436,0.9","-0.801,0.599","0.999,0.044","-0.998,-0.062","0.292,0.956","0.983,-0.185","0.761,-0.648","-0.013,1",,AwayPowerplay,True,False,4.0
3,1064,1767187699520,PuckControl,AwayPowerplay,5v6,False,False,AwayTeamZone,"23.5,0.1","17.3,12.4",,,,,,,,,,,,,,,,,,,,,,,,,AwayControl,HomeTeamZone,HomeTeamZone,,,,,337830.0,340162.0,347698.0,322236.0,888057617.0,888057609.0,888057601.0,888057610.0,888057600.0,301617.0,346405.0,,#44 Matej Stransky,#6 Klas Dahlbeck,#74 Rasmus Asplund,#55 Calle Andersson,#19 Quinn Finley,#13 T.J. Hughes,#23 Eric Pohlkamp,#18 Aiden Fink,#4 Jake Livanavage,#72 Tino Kessler,#18 Filip Zadina,,Away,Away,Away,Away,Home,Home,Home,Home,Home,Away,Away,,"20.4,9.4","24.3,0","8.2,-4.1","25,10","-2.5,10.4","16.9,1.2","-4.3,2","-4.1,-0.4","-4.2,-2.6","10,13.5","5.4,12.5",,,,,,,,,,,,,,,,,,,,,,,,,,AwayPowerplay,True,False,4.0
3,1065,1767187700400,PuckControl,AwayPowerplay,5v6,False,False,AwayTeamZone,"17.3,12.4","8.7,11.5",337830.0,#44 Matej Stransky,Away,,,,,,,,,,,,,,,,,,,,,,AwayControl,HomeTeamZone,HomeTeamZone,,,,337830,337830.0,301617.0,340162.0,347698.0,322236.0,888057617.0,888057609.0,888057601.0,888057610.0,888057600.0,346405.0,,#44 Matej Stransky,#72 Tino Kessler,#6 Klas Dahlbeck,#74 Rasmus Asplund,#55 Calle Andersson,#19 Quinn Finley,#13 T.J. Hughes,#23 Eric Pohlkamp,#18 Aiden Fink,#4 Jake Livanavage,#18 Filip Zadina,,Away,Away,Away,Away,Away,Home,Home,Home,Home,Home,Away,,"17.3,12.3","11.2,11.6","22.8,0.4","9.8,-8.7","24.9,10.9","-3,10.8","21.6,2.6","-5.7,1.5","-3,4.4","-2.8,-3.7","5.5,14.9",,,,,,,,,,,,,,,,,,,,,,,,,,AwayPowerplay,True,False,4.0
3,1067,1767187702220,Dump,AwayPowerplay,5v6,False,False,AwayTeamZone,"8.8,11.5","-26.5,-0.7",337830.0,#44 Matej Stransky,Away,888057601.0,#23 Eric Pohlkamp,Home,,,,,,,,,,,,,,Unknown,DumpIn,False,,,,,,,,,"337830,888057601",337830.0,301617.0,340162.0,347698.0,322236.0,888057617.0,888057609.0,888057601.0,888057610.0,888057600.0,346405.0,,#44 Matej Stransky,#72 Tino Kessler,#6 Klas Dahlbeck,#74 Rasmus Asplund,#55 Calle Andersson,#19 Quinn Finley,#13 T.J. Hughes,#23 Eric Pohlkamp,#18 Aiden Fink,#4 Jake Livanavage,#18 Filip Zadina,,Away,Away,Away,Away,Away,Home,Home,Home,Home,Home,Away,,"8.9,10.8","8.1,3.3","13.4,1.5","14.1,-13.4","25.7,11.2","0.6,11.4","14.9,8.6","-8.1,1.5","1.7,7.8","-1.5,-6.9","6,14.9",,4.728,6.182,6.633,1.478,0.27,2.687,6.899,2.309,3.481,0.249,0.699,,"-0.946,-0.325","-0.821,-0.571","-1,-0.028","-0.324,-0.946","-0.798,-0.602","0.986,-0.167","-0.999,-0.034","-0.897,0.443","0.849,-0.528","-0.926,-0.377","-0.723,0.69",,AwayPowerplay,True,False,4.0
3,1067,1767187702220,Shot,AwayPowerplay,5v6,False,False,AwayTeamZone,"8.8,11.5",,337830.0,#44 Matej Stransky,Away,,,,,Goal,0.0,,,,,,,,,,,,,,,,,,,,,,337830,337830.0,301617.0,340162.0,347698.0,322236.0,888057617.0,888057609.0,888057601.0,888057610.0,888057600.0,346405.0,,#44 Matej Stransky,#72 Tino Kessler,#6 Klas Dahlbeck,#74 Rasmus Asplund,#55 Calle Andersson,#19 Quinn Finley,#13 T.J. Hughes,#23 Eric Pohlkamp,#18 Aiden Fink,#4 Jake Livanavage,#18 Filip Zadina,,Away,Away,Away,Away,Away,Home,Home,Home,Home,Home,Away,,"8.9,10.8","8.1,3.3","13.4,1.5","14.1,-13.4","25.7,11.2","0.6,11.4","14.9,8.6","-8.1,1.5","1.7,7.8","-1.5,-6.9","6,14.9",,4.728,6.182,6.633,1.478,0.27,2.687,6.899,2.309,3.481,0.249,0.699,,"-0.946,-0.325","-0.821,-0.571","-1,-0.028","-0.324,-0.946","-0.798,-0.602","0.986,-0.167","-0.999,-0.034","-0.897,0.443","0.849,-0.528","-0.926,-0.377","-0.723,0.69",,AwayPowerplay,True,False,4.0
3,1067,1767187702240,PuckControl,AwayPowerplay,5v6,False,False,AwayTeamZone,"8.7,11.5","-26.5,-0.6",,,,,,,,,,,,,,,,,,,,,,,,,Loose,HomeTeamZone,AwayTeamZone,,,,,337830.0,301617.0,340162.0,347698.0,322236.0,888057617.0,888057609.0,888057601.0,888057610.0,888057600.0,346405.0,,#44 Matej Stransky,#72 Tino Kessler,#6 Klas Dahlbeck,#74 Rasmus Asplund,#55 Calle Andersson,#19 Quinn Finley,#13 T.J. Hughes,#23 Eric Pohlkamp,#18 Aiden Fink,#4 Jake Livanavage,#18 Filip Zadina,,Away,Away,Away,Away,Away,Home,Home,Home,Home,Home,Away,,"8.9,10.7","8,3.2","13.3,1.5","14.1,-13.4","25.7,11.2","0.7,11.4","14.8,8.6","-8.1,1.5","1.7,7.7","-1.5,-6.9","6,14.9",,,,,,,,,,,,,,,,,,,,,,,,,,AwayPowerplay,True,False,4.0
3,1067,1767187702440,BluelineCrossing,AwayPowerplay,5v6,False,False,AwayTeamZone,"7.2,11.1",,337830.0,#44 Matej Stransky,Away,,,,,,,,,,,,,PossessionLost,TowardsOpponent,,,,,,,,,,,,,,337830,337830.0,301617.0,340162.0,347698.0,322236.0,888057617.0,888057609.0,888057601.0,888057610.0,888057600.0,346405.0,,#44 Matej Stransky,#72 Tino Kessler,#6 Klas Dahlbeck,#74 Rasmus Asplund,#55 Calle Andersson,#19 Quinn Finley,#13 T.J. Hughes,#23 Eric Pohlkamp,#18 Aiden Fink,#4 Jake Livanavage,#18 Filip Zadina,,Away,Away,Away,Away,Away,Home,Home,Home,Home,Home,Away,,"7.9,10.4","6.9,2.6","11.9,1.4","14,-13.7","25.6,11.1","1.2,11.2","13.4,8.5","-8.6,1.8","2.2,7.3","-1.7,-7","5.9,14.9",,5.074,6.622,6.993,1.482,0.393,2.572,6.877,2.744,3.521,1.521,0.104,,"-0.971,-0.237","-0.904,-0.429","-0.997,-0.078","-0.653,-0.757","-0.836,-0.548","0.952,-0.305","-0.996,-0.088","-0.888,0.46","0.625,-0.781","-0.925,-0.381","0.791,0.612",,AwayPowerplay,True,False,4.0
3,1068,1767187702940,BluelineCrossing,AwayPowerplay,5v6,False,False,NeutralZone,"-7.1,6.6",,337830.0,#44 Matej Stransky,Away,,,,,,,,,,,,,PossessionLost,TowardsOpponent,,888057601,,,,,,,,,,,,"337830,888057601",337830.0,301617.0,340162.0,347698.0,322236.0,888057617.0,888057609.0,888057601.0,888057610.0,888057600.0,309618.0,,#44 Matej Stransky,#72 Tino Kessler,#6 Klas Dahlbeck,#74 Rasmus Asplund,#55 Calle Andersson,#19 Quinn Finley,#13 T.J. Hughes,#23 Eric Pohlkamp,#18 Aiden Fink,#4 Jake Livanavage,#66 Valentin Nussbaumer,,Away,Away,Away,Away,Away,Home,Home,Home,Home,Home,Away,,"5.5,10.2","3.7,1.8","8.4,1","13.4,-14.1","25.4,10.9","2,10.4","10,8.1","-10,2.6","2.9,5.5","-2.4,-6.9","4.7,14.6",,4.963,6.484,6.532,1.994,0.881,3.047,6.653,3.698,3.958,2.168,1.333,,"-0.995,-0.101","-0.984,-0.178","-0.984,-0.18","-0.721,-0.692","-0.881,-0.474","0.389,-0.921","-0.994,-0.111","-0.819,0.574","0.168,-0.986","-0.813,0.582","0.663,-0.748",,AwayPowerplay,True,False,4.0
3,1069,1767187703728,Penalty,,,,,,,,888057610.0,#18 Aiden Fink,Home,,,,,,,,,,,,,,,,,,,,,,,,,,,HighSticking,888057610,,,,,,,,,,,,,,,,,,,,,,,,,,,,,,,,,,,,,,,,,,,,,,,,,,,,,,,,,,,,,,,,,,,,,,,,,AwayPowerplay,True,False,4.0
3,1069,1767187704460,Goal,AwayPowerplay,5v6,False,False,,,,337830.0,#44 Matej Stransky,Away,,,,,,,,,340162.0,346405.0,,,,,,,,,,,,,,,,,,"337830,340162,346405",,,,,,,,,,,,,,,,,,,,,,,,,,,,,,,,,,,,,,,,,,,,,,,,,,,,,,,,,,,,,,,,,,,,,,,,,AwayPowerplay,True,False,4.0
3,1069,1767187704460,StoppageOfPlay,,,,,,,,,,,,,,,,,,,,,,,,,,,,,,,,,,,,Goal,,,,,,,,,,,,,,,,,,,,,,,,,,,,,,,,,,,,,,,,,,,,,,,,,,,,,,,,,,,,,,,,,,,,,,,,,,,AwayPowerplay,True,False,4.0
3,1069,1767187782340,Faceoff,AwayPowerplay,4v5,True,True,NeutralZone,,,888057606.0,#15 Charlie Cerrato,Home,888057606.0,#15 Charlie Cerrato,Home,Center,,,,,,,,,,,,,,,,,,,,,,,,888057606,150983.0,337830.0,301617.0,153736.0,347698.0,322236.0,888057606.0,888057597.0,888057602.0,888057599.0,888057614.0,,#29 Sandro Aeschlimann,#44 Matej Stransky,#72 Tino Kessler,#38 Lukas Frick,#74 Rasmus Asplund,#55 Calle Andersson,#15 Charlie Cerrato,#30 Adam Gajan,#44 Vincent Borgesi,#5 Mac Gadowsky,#14 Matt Dimarsico,,Away,Away,Away,Away,Away,Away,Home,Home,Home,Home,Home,,"24.4,0.3","1,5.1","0.8,-4.3","7.1,-5.1","1.4,0.6","7.6,5.4","-0.2,0.7","-26.5,-0.1","-0.7,-3.3","-7.7,3.3","-0.1,6",,,,,,,,,,,,,,,,,,,,,,,,,,AwayPowerplay,True,False,4.0
3,1069,1767187782340,PuckControl,AwayPowerplay,4v5,True,True,NeutralZone,"-0.4,4.4","-0.8,6.3",,,,,,,,,,,,,,,,,,,,,,,,,Loose,NeutralZone,NeutralZone,,,,,150983.0,337830.0,301617.0,153736.0,347698.0,322236.0,888057606.0,888057597.0,888057602.0,888057599.0,888057614.0,,#29 Sandro Aeschlimann,#44 Matej Stransky,#72 Tino Kessler,#38 Lukas Frick,#74 Rasmus Asplund,#55 Calle Andersson,#15 Charlie Cerrato,#30 Adam Gajan,#44 Vincent Borgesi,#5 Mac Gadowsky,#14 Matt Dimarsico,,Away,Away,Away,Away,Away,Away,Home,Home,Home,Home,Home,,"24.4,0.4","0.2,5.1","0.8,-3.6","6.6,-5.1","0.8,0.5","8,6.1","-0.1,1.2","-26.4,-0.3","-1.9,-4.5","-7.7,3.5","-0.8,5.5",,,,,,,,,,,,,,,,,,,,,,,,,,AwayPowerplay,True,False,4.0
3,1069,1767187782520,Pass,AwayPowerplay,4v5,True,True,NeutralZone,"-0.8,6.3","-8.7,14.9",888057614.0,#14 Matt Dimarsico,Home,888057599.0,#5 Mac Gadowsky,Home,,,,,,,,Successful,9.0,,,,,,,,,,,,,,,,"888057614,888057599",150983.0,337830.0,301617.0,153736.0,347698.0,322236.0,888057606.0,888057597.0,888057602.0,888057599.0,888057614.0,,#29 Sandro Aeschlimann,#44 Matej Stransky,#72 Tino Kessler,#38 Lukas Frick,#74 Rasmus Asplund,#55 Calle Andersson,#15 Charlie Cerrato,#30 Adam Gajan,#44 Vincent Borgesi,#5 Mac Gadowsky,#14 Matt Dimarsico,,Away,Away,Away,Away,Away,Away,Home,Home,Home,Home,Home,,"24.4,0.4","0,5.2","0.7,-3.6","6.5,-5.2","0.7,0.7","8.1,6.1","-0.2,1.2","-26.3,-0.3","-2.3,-4.5","-7.7,3.7","-1.1,5.4",,0.156,1.155,0.523,0.272,0.988,0.517,0.87,0.608,2.308,1.423,1.613,,"0.93,0.369","-0.892,0.453","-0.999,-0.049","-0.999,-0.047","-0.233,0.972","0.973,0.231","-0.992,0.127","0.983,-0.185","-1,-0.005","-0.027,1","-0.964,-0.265",,AwayPowerplay,True,False,4.0
3,1069,1767187782520,PuckControl,AwayPowerplay,4v5,True,True,NeutralZone,"-0.8,6.3","-0.9,6.4",888057614.0,#14 Matt Dimarsico,Home,,,,,,,,,,,,,,,,,,,,,,HomeControl,NeutralZone,NeutralZone,,,,888057614,150983.0,337830.0,301617.0,153736.0,347698.0,322236.0,888057606.0,888057597.0,888057602.0,888057599.0,888057614.0,,#29 Sandro Aeschlimann,#44 Matej Stransky,#72 Tino Kessler,#38 Lukas Frick,#74 Rasmus Asplund,#55 Calle Andersson,#15 Charlie Cerrato,#30 Adam Gajan,#44 Vincent Borgesi,#5 Mac Gadowsky,#14 Matt Dimarsico,,Away,Away,Away,Away,Away,Away,Home,Home,Home,Home,Home,,"24.4,0.4","0,5.2","0.7,-3.6","6.5,-5.2","0.7,0.7","8.1,6.1","-0.2,1.2","-26.3,-0.3","-2.3,-4.5","-7.7,3.7","-1.1,5.4",,,,,,,,,,,,,,,,,,,,,,,,,,AwayPowerplay,True,False,4.0
3,1069,1767187782540,PuckControl,AwayPowerplay,4v5,True,True,NeutralZone,"-0.9,6.4","-8.7,14.9",,,,,,,,,,,,,,,,,,,,,,,,,HomeControl,NeutralZone,AwayTeamZone,,,,,150983.0,337830.0,301617.0,153736.0,347698.0,322236.0,888057606.0,888057597.0,888057602.0,888057599.0,888057614.0,,#29 Sandro Aeschlimann,#44 Matej Stransky,#72 Tino Kessler,#38 Lukas Frick,#74 Rasmus Asplund,#55 Calle Andersson,#15 Charlie Cerrato,#30 Adam Gajan,#44 Vincent Borgesi,#5 Mac Gadowsky,#14 Matt Dimarsico,,Away,Away,Away,Away,Away,Away,Home,Home,Home,Home,Home,,"24.4,0.4","0,5.2","0.7,-3.6","6.5,-5.2","0.7,0.7","8.1,6.1","-0.2,1.2","-26.3,-0.3","-2.3,-4.5","-7.7,3.7","-1.1,5.4",,,,,,,,,,,,,,,,,,,,,,,,,,AwayPowerplay,True,False,4.0
3,1071,1767187783960,BluelineCrossing,AwayPowerplay,4v5,True,True,NeutralZone,"-7.1,14.9",,888057614.0,#14 Matt Dimarsico,Home,,,,,,,,,,,,,,TowardsHome,,,,,,,,,,,,,,888057614,150983.0,337830.0,301617.0,153736.0,347698.0,322236.0,888057606.0,888057597.0,888057602.0,888057614.0,888057599.0,,#29 Sandro Aeschlimann,#44 Matej Stransky,#72 Tino Kessler,#38 Lukas Frick,#74 Rasmus Asplund,#55 Calle Andersson,#15 Charlie Cerrato,#30 Adam Gajan,#44 Vincent Borgesi,#14 Matt Dimarsico,#5 Mac Gadowsky,,Away,Away,Away,Away,Away,Away,Home,Home,Home,Home,Home,,"24.8,0.3","-2.7,8.2","-0.9,-3.9","6.7,-2.6","1.3,3.1","6.5,8.9","-3.1,3.8","-25.5,0.1","-7,-3.5","-3.8,8.3","-8.1,9.5",,0.803,3.228,1.662,2.829,2.34,4.045,4.096,0.237,3.554,4.122,5.611,,"0.946,-0.325","-0.724,0.69","-0.938,0.345","-0.02,1","-0.027,1","-0.472,0.882","-0.522,0.853","-0.612,0.791","-0.971,0.24","-0.564,0.826","-0.129,0.992",,AwayPowerplay,True,False,4.0
3,1072,1767187784580,PuckControl,AwayPowerplay,4v5,True,True,HomeTeamZone,"-8.7,14.9","-8.6,14.9",888057599.0,#5 Mac Gadowsky,Home,,,,,,,,,,,,,,,,,,,,,,HomeControl,AwayTeamZone,AwayTeamZone,,,,888057599,150983.0,337830.0,301617.0,153736.0,347698.0,322236.0,888057606.0,888057597.0,888057602.0,888057614.0,888057599.0,,#29 Sandro Aeschlimann,#44 Matej Stransky,#72 Tino Kessler,#38 Lukas Frick,#74 Rasmus Asplund,#55 Calle Andersson,#15 Charlie Cerrato,#30 Adam Gajan,#44 Vincent Borgesi,#14 Matt Dimarsico,#5 Mac Gadowsky,,Away,Away,Away,Away,Away,Away,Home,Home,Home,Home,Home,,"25.6,0.2","-3.9,10.2","-1.8,-3.7","6.8,-1.3","1.3,4.9","5.6,10.8","-4,6.1","-25.8,0.2","-8.9,-2.7","-5.5,9.9","-8.1,12.7",,,,,,,,,,,,,,,,,,,,,,,,,,AwayPowerplay,True,False,4.0
3,1072,1767187784620,Pass,AwayPowerplay,4v5,True,True,HomeTeamZone,"-8.7,14.9","-2.4,11.2",888057599.0,#5 Mac Gadowsky,Home,888057606.0,#15 Charlie Cerrato,Home,,,,,,,,Successful,7.3,,,,,,,,,,,,,,,,"888057599,888057606",150983.0,337830.0,301617.0,153736.0,347698.0,322236.0,888057606.0,888057597.0,888057602.0,888057614.0,888057599.0,,#29 Sandro Aeschlimann,#44 Matej Stransky,#72 Tino Kessler,#38 Lukas Frick,#74 Rasmus Asplund,#55 Calle Andersson,#15 Charlie Cerrato,#30 Adam Gajan,#44 Vincent Borgesi,#14 Matt Dimarsico,#5 Mac Gadowsky,,Away,Away,Away,Away,Away,Away,Home,Home,Home,Home,Home,,"25.7,0.2","-3.9,10.3","-1.9,-3.7","6.8,-1.3","1.3,5.1","5.5,10.9","-4,6.3","-25.8,0.2","-9,-2.6","-5.6,10","-8,12.9",,1.164,4.299,1.528,1.822,3.669,2.731,4.149,0.574,3.021,3.752,4.95,,"0.994,0.108","-0.231,0.973","-0.743,0.669","0.074,0.997","0.028,1","-0.231,0.973","-0.212,0.977","-0.961,0.277","-0.787,0.617","-0.811,0.586","0.31,0.951",,AwayPowerplay,True,False,4.0
3,1072,1767187784640,PuckControl,AwayPowerplay,4v5,True,True,HomeTeamZone,"-8.6,14.9","-2.4,11.2",,,,,,,,,,,,,,,,,,,,,,,,,HomeControl,AwayTeamZone,NeutralZone,,,,,150983.0,337830.0,301617.0,153736.0,347698.0,322236.0,888057606.0,888057597.0,888057602.0,888057614.0,888057599.0,,#29 Sandro Aeschlimann,#44 Matej Stransky,#72 Tino Kessler,#38 Lukas Frick,#74 Rasmus Asplund,#55 Calle Andersson,#15 Charlie Cerrato,#30 Adam Gajan,#44 Vincent Borgesi,#14 Matt Dimarsico,#5 Mac Gadowsky,,Away,Away,Away,Away,Away,Away,Home,Home,Home,Home,Home,,"25.7,0.2","-4,10.4","-1.9,-3.6","6.8,-1.2","1.3,5.2","5.5,11","-4,6.4","-25.8,0.2","-9,-2.6","-5.7,10","-8,13",,,,,,,,,,,,,,,,,,,,,,,,,,AwayPowerplay,True,False,4.0
3,1072,1767187784900,BluelineCrossing,AwayPowerplay,4v5,True,True,NeutralZone,"-7.1,14.9",,888057599.0,#5 Mac Gadowsky,Home,,,,,,,,,,,,,,TowardsOpponent,,,,,,,,,,,,,,888057599,150983.0,301617.0,153736.0,347698.0,322236.0,888057606.0,888057597.0,888057602.0,888057614.0,888057599.0,337830.0,,#29 Sandro Aeschlimann,#72 Tino Kessler,#38 Lukas Frick,#74 Rasmus Asplund,#55 Calle Andersson,#15 Charlie Cerrato,#30 Adam Gajan,#44 Vincent Borgesi,#14 Matt Dimarsico,#5 Mac Gadowsky,#44 Matej Stransky,,Away,Away,Away,Away,Away,Home,Home,Home,Home,Home,Away,,"25.9,0.3","-2,-3.3","6.9,-0.7","1.3,6.2","5.4,11.6","-4.2,7.5","-25.9,0.2","-9.6,-2","-6.4,10.7","-7.3,14.1","-4,11.6",,0.908,1.757,2.164,4.179,2.273,4.42,0.109,3.123,3.902,5.117,5.12,,"0.881,0.474","0.19,0.982","0.333,0.943","0.051,0.999","-0.063,0.998","-0.092,0.996","-0.757,-0.654","-0.582,0.813","-0.742,0.671","0.66,0.751","0.141,0.99",,AwayPowerplay,True,False,4.0
3,1073,1767187785920,PuckControl,AwayPowerplay,4v5,True,True,NeutralZone,"-2.4,11.2","-2.4,11.1",888057606.0,#15 Charlie Cerrato,Home,,,,,,,,,,,,,,,,,,,,,,HomeControl,NeutralZone,NeutralZone,,,,888057606,150983.0,301617.0,153736.0,347698.0,322236.0,888057606.0,888057597.0,888057602.0,888057614.0,888057599.0,337830.0,,#29 Sandro Aeschlimann,#72 Tino Kessler,#38 Lukas Frick,#74 Rasmus Asplund,#55 Calle Andersson,#15 Charlie Cerrato,#30 Adam Gajan,#44 Vincent Borgesi,#14 Matt Dimarsico,#5 Mac Gadowsky,#44 Matej Stransky,,Away,Away,Away,Away,Away,Home,Home,Home,Home,Home,Away,,"25.2,0.8","-0.3,-2.2","8.1,2.6","1.2,9.4","7,12.8","-3.3,11.7","-26,-0.2","-9.7,1.7","-7.1,13.3","-3.3,14.9","-1.7,14.9",,,,,,,,,,,,,,,,,,,,,,,,,,AwayPowerplay,True,False,4.0
3,1073,1767187785940,PuckControl,AwayPowerplay,4v5,True,True,NeutralZone,"-2.4,11.1","-0.6,-1.3",,,,,,,,,,,,,,,,,,,,,,,,,Loose,NeutralZone,NeutralZone,,,,,150983.0,301617.0,153736.0,347698.0,322236.0,888057606.0,888057597.0,888057602.0,888057614.0,888057599.0,337830.0,,#29 Sandro Aeschlimann,#72 Tino Kessler,#38 Lukas Frick,#74 Rasmus Asplund,#55 Calle Andersson,#15 Charlie Cerrato,#30 Adam Gajan,#44 Vincent Borgesi,#14 Matt Dimarsico,#5 Mac Gadowsky,#44 Matej Stransky,,Away,Away,Away,Away,Away,Home,Home,Home,Home,Home,Away,,"25.2,0.8","-0.3,-2.2","8.1,2.7","1.2,9.4","7,12.8","-3.2,11.8","-26,-0.2","-9.7,1.8","-7.1,13.4","-3.3,14.9","-1.7,14.9",,,,,,,,,,,,,,,,,,,,,,,,,,AwayPowerplay,True,False,4.0
3,1075,1767187787960,PuckControl,AwayPowerplay,4v5,True,True,NeutralZone,"-0.6,-1.3","-18,-14.8",301617.0,#72 Tino Kessler,Away,,,,,,,,,,,,,,,,,,,,,,AwayControl,NeutralZone,AwayTeamZone,,,,301617,150983.0,337830.0,301617.0,153736.0,347698.0,322236.0,888057606.0,888057597.0,888057602.0,888057599.0,888057614.0,,#29 Sandro Aeschlimann,#44 Matej Stransky,#72 Tino Kessler,#38 Lukas Frick,#74 Rasmus Asplund,#55 Calle Andersson,#15 Charlie Cerrato,#30 Adam Gajan,#44 Vincent Borgesi,#5 Mac Gadowsky,#14 Matt Dimarsico,,Away,Away,Away,Away,Away,Away,Home,Home,Home,Home,Home,,"26,0.6","3.2,11","-0.6,-3.3","12.5,-1.1","-1.7,4.5","9.2,7.7","-5.3,7.1","-25,-0.6","-6.6,1.7","-3,11","-6.4,6.4",,,,,,,,,,,,,,,,,,,,,,,,,,AwayPowerplay,True,False,4.0
3,1076,1767187789440,BluelineCrossing,AwayPowerplay,4v5,True,True,NeutralZone,"-7.1,-8.6",,301617.0,#72 Tino Kessler,Away,,,,,,,,,,,,,PossessionMaintained,TowardsOpponent,"301617,347698","888057606,888057602,888057599,888057614",,,,,,,,,,,,"301617,347698,888057606,888057602,888057599,888057614",150983.0,337830.0,301617.0,153736.0,347698.0,322236.0,888057606.0,888057597.0,888057602.0,888057599.0,888057614.0,,#29 Sandro Aeschlimann,#44 Matej Stransky,#72 Tino Kessler,#38 Lukas Frick,#74 Rasmus Asplund,#55 Calle Andersson,#15 Charlie Cerrato,#30 Adam Gajan,#44 Vincent Borgesi,#5 Mac Gadowsky,#14 Matt Dimarsico,,Away,Away,Away,Away,Away,Away,Home,Home,Home,Home,Home,,"26.5,0.1","-1.3,7.1","-7,-9.3","9.5,-5.1","-7.6,-3.9","2.6,5.3","-11.4,2.8","-24.9,-0.9","-10.3,-4.2","-8.4,6.1","-8.9,-0.9",,0.784,4.413,6.732,4.901,7.818,4.868,5.514,0.531,5.628,4.914,6.849,,"-0.163,-0.987","-0.963,-0.269","-0.754,-0.656","-0.921,-0.39","-0.742,-0.67","-0.995,-0.1","-0.792,-0.61","-0.746,-0.666","-0.595,-0.804","-0.674,-0.739","-0.453,-0.892",,AwayPowerplay,True,False,4.0
3,1078,1767187791360,Pass,AwayPowerplay,4v5,True,True,HomeTeamZone,"-17.9,-14.8","-29.8,-7.7",301617.0,#72 Tino Kessler,Away,347698.0,#74 Rasmus Asplund,Away,,,,,,,,Successful,11.4,,,,,,,,,,,,,,,,"301617,347698",150983.0,337830.0,301617.0,153736.0,347698.0,322236.0,888057606.0,888057597.0,888057602.0,888057599.0,888057614.0,,#29 Sandro Aeschlimann,#44 Matej Stransky,#72 Tino Kessler,#38 Lukas Frick,#74 Rasmus Asplund,#55 Calle Andersson,#15 Charlie Cerrato,#30 Adam Gajan,#44 Vincent Borgesi,#5 Mac Gadowsky,#14 Matt Dimarsico,,Away,Away,Away,Away,Away,Away,Home,Home,Home,Home,Home,,"26.5,0.3","-10.3,6.6","-16.5,-14.4","-2.7,-9.5","-21.4,-7.1","-7,3.3","-20.1,-2.4","-25.7,-1","-16.4,-12.4","-16,1.7","-14.2,-10.7",,0.685,4.619,6.085,7.096,7.418,4.658,5.247,1.132,5.564,4.825,5.192,,"-0.092,0.996","-0.996,0.089","-0.989,-0.145","-0.896,-0.444","-0.97,0.244","-0.992,-0.13","-0.925,-0.38","-0.862,0.507","-0.949,-0.314","-0.861,-0.509","-0.773,-0.635",,AwayPowerplay,True,False,4.0
3,1078,1767187791380,PuckControl,AwayPowerplay,4v5,True,True,HomeTeamZone,"-18,-14.8","-29.8,-7.7",,,,,,,,,,,,,,,,,,,,,,,,,AwayControl,AwayTeamZone,AwayTeamZone,,,,,150983.0,337830.0,301617.0,153736.0,347698.0,322236.0,888057606.0,888057597.0,888057602.0,888057599.0,888057614.0,,#29 Sandro Aeschlimann,#44 Matej Stransky,#72 Tino Kessler,#38 Lukas Frick,#74 Rasmus Asplund,#55 Calle Andersson,#15 Charlie Cerrato,#30 Adam Gajan,#44 Vincent Borgesi,#5 Mac Gadowsky,#14 Matt Dimarsico,,Away,Away,Away,Away,Away,Away,Home,Home,Home,Home,Home,,"26.5,0.3","-10.4,6.6","-16.7,-14.5","-2.8,-9.5","-21.5,-7.1","-7.1,3.3","-20.2,-2.4","-25.7,-1","-16.5,-12.4","-16.1,1.6","-14.3,-10.7",,,,,,,,,,,,,,,,,,,,,,,,,,AwayPowerplay,True,False,4.0
3,1080,1767187792840,PuckControl,AwayPowerplay,4v5,True,True,HomeTeamZone,"-29.8,-7.7","-29.8,-7.4",347698.0,#74 Rasmus Asplund,Away,,,,,,,,,,,,,,,,,,,,,,AwayControl,AwayTeamZone,AwayTeamZone,,,,347698,150983.0,337830.0,301617.0,153736.0,347698.0,322236.0,888057606.0,888057597.0,888057602.0,888057599.0,888057614.0,,#29 Sandro Aeschlimann,#44 Matej Stransky,#72 Tino Kessler,#38 Lukas Frick,#74 Rasmus Asplund,#55 Calle Andersson,#15 Charlie Cerrato,#30 Adam Gajan,#44 Vincent Borgesi,#5 Mac Gadowsky,#14 Matt Dimarsico,,Away,Away,Away,Away,Away,Away,Home,Home,Home,Home,Home,,"26.1,0.4","-17.3,6.9","-24,-13.8","-8.9,-12.4","-28.1,-6.8","-9.7,4.5","-27,-4.7","-25.8,-0.6","-24.6,-12","-21.8,0.2","-20.2,-11.1",,,,,,,,,,,,,,,,,,,,,,,,,,AwayPowerplay,True,False,4.0
3,1080,1767187792860,Pass,AwayPowerplay,4v5,True,True,HomeTeamZone,"-29.8,-7.6","-21.1,13.9",347698.0,#74 Rasmus Asplund,Away,,,,,,,,,,,Failed,12.6,,,,,,,,,,,,,,,,347698,150983.0,337830.0,301617.0,153736.0,347698.0,322236.0,888057606.0,888057597.0,888057602.0,888057599.0,888057614.0,,#29 Sandro Aeschlimann,#44 Matej Stransky,#72 Tino Kessler,#38 Lukas Frick,#74 Rasmus Asplund,#55 Calle Andersson,#15 Charlie Cerrato,#30 Adam Gajan,#44 Vincent Borgesi,#5 Mac Gadowsky,#14 Matt Dimarsico,,Away,Away,Away,Away,Away,Away,Home,Home,Home,Home,Home,,"26.1,0.4","-17.4,6.9","-24.1,-13.8","-9,-12.3","-28.2,-6.8","-9.7,4.6","-27,-4.7","-25.8,-0.6","-24.6,-12","-21.9,0.2","-20.2,-11",,0.272,4.705,2.688,1.949,2.385,1.415,4.185,0.381,4.649,3.44,3.93,,"-0.665,-0.747","-0.974,0.225","-0.962,0.275","-0.99,0.144","-0.574,-0.819","0.173,0.985","-0.849,-0.528","-0.102,0.995","-0.805,0.593","-0.995,-0.1","-0.499,0.867",,AwayPowerplay,True,False,4.0
3,1080,1767187792880,PuckControl,AwayPowerplay,4v5,True,True,HomeTeamZone,"-29.8,-7.4","-21.1,13.9",,,,,,,,,,,,,,,,,,,,,,,,,Loose,AwayTeamZone,AwayTeamZone,,,,,150983.0,337830.0,301617.0,153736.0,347698.0,322236.0,888057606.0,888057597.0,888057602.0,888057599.0,888057614.0,,#29 Sandro Aeschlimann,#44 Matej Stransky,#72 Tino Kessler,#38 Lukas Frick,#74 Rasmus Asplund,#55 Calle Andersson,#15 Charlie Cerrato,#30 Adam Gajan,#44 Vincent Borgesi,#5 Mac Gadowsky,#14 Matt Dimarsico,,Away,Away,Away,Away,Away,Away,Home,Home,Home,Home,Home,,"26.1,0.4","-17.5,7","-24.1,-13.8","-9,-12.3","-28.2,-6.9","-9.7,4.6","-27.1,-4.8","-25.8,-0.6","-24.7,-11.9","-21.9,0.2","-20.3,-11",,,,,,,,,,,,,,,,,,,,,,,,,,AwayPowerplay,True,False,4.0
3,1082,1767187795380,Pass,AwayPowerplay,4v5,True,True,HomeTeamZone,"-21.1,13.9","-10.2,12.3",337830.0,#44 Matej Stransky,Away,322236.0,#55 Calle Andersson,Away,,,,,,,,Successful,12.3,,,,,,,,,,,,,,,,"337830,322236",150983.0,337830.0,301617.0,153736.0,347698.0,322236.0,888057606.0,888057597.0,888057602.0,888057599.0,888057614.0,,#29 Sandro Aeschlimann,#44 Matej Stransky,#72 Tino Kessler,#38 Lukas Frick,#74 Rasmus Asplund,#55 Calle Andersson,#15 Charlie Cerrato,#30 Adam Gajan,#44 Vincent Borgesi,#5 Mac Gadowsky,#14 Matt Dimarsico,,Away,Away,Away,Away,Away,Away,Home,Home,Home,Home,Home,,"27,0.3","-23.6,13.6","-19,-11.5","-7.9,-9.4","-29.4,-6.6","-9.8,12","-22.3,-5.2","-26.1,0.1","-22.6,-1","-24.3,10.4","-16,3.4",,1.291,2.399,4.077,2.033,1.807,1.638,3.763,0.415,3.935,6.57,7.658,,"-0.775,-0.633","0.631,0.776","0.845,0.535","0.339,0.941","0.316,0.949","0.311,0.95","0.903,0.429","-0.23,0.973","0.586,0.81","0.514,0.858","0.426,0.905",,AwayPowerplay,True,False,4.0
3,1082,1767187795380,PuckControl,AwayPowerplay,4v5,True,True,HomeTeamZone,"-21.1,13.9","-20.8,13.8",337830.0,#44 Matej Stransky,Away,,,,,,,,,,,,,,,,,,,,,,AwayControl,AwayTeamZone,AwayTeamZone,,,,337830,150983.0,337830.0,301617.0,153736.0,347698.0,322236.0,888057606.0,888057597.0,888057602.0,888057599.0,888057614.0,,#29 Sandro Aeschlimann,#44 Matej Stransky,#72 Tino Kessler,#38 Lukas Frick,#74 Rasmus Asplund,#55 Calle Andersson,#15 Charlie Cerrato,#30 Adam Gajan,#44 Vincent Borgesi,#5 Mac Gadowsky,#14 Matt Dimarsico,,Away,Away,Away,Away,Away,Away,Home,Home,Home,Home,Home,,"27,0.3","-23.6,13.6","-19,-11.5","-7.9,-9.4","-29.4,-6.6","-9.8,12","-22.3,-5.2","-26.1,0.1","-22.6,-1","-24.3,10.4","-16,3.4",,,,,,,,,,,,,,,,,,,,,,,,,,AwayPowerplay,True,False,4.0
3,1082,1767187795400,PuckControl,AwayPowerplay,4v5,True,True,HomeTeamZone,"-20.8,13.8","-10.2,12.3",,,,,,,,,,,,,,,,,,,,,,,,,AwayControl,AwayTeamZone,AwayTeamZone,,,,,150983.0,337830.0,301617.0,153736.0,347698.0,322236.0,888057606.0,888057597.0,888057602.0,888057599.0,888057614.0,,#29 Sandro Aeschlimann,#44 Matej Stransky,#72 Tino Kessler,#38 Lukas Frick,#74 Rasmus Asplund,#55 Calle Andersson,#15 Charlie Cerrato,#30 Adam Gajan,#44 Vincent Borgesi,#5 Mac Gadowsky,#14 Matt Dimarsico,,Away,Away,Away,Away,Away,Away,Home,Home,Home,Home,Home,,"27,0.3","-23.6,13.6","-18.9,-11.4","-7.9,-9.4","-29.4,-6.6","-9.8,12.1","-22.3,-5.2","-26.1,0.2","-22.6,-1","-24.3,10.5","-15.9,3.6",,,,,,,,,,,,,,,,,,,,,,,,,,AwayPowerplay,True,False,4.0
3,1083,1767187796220,PuckControl,AwayPowerplay,4v5,True,True,HomeTeamZone,"-10.2,12.3","-10,12.3",322236.0,#55 Calle Andersson,Away,,,,,,,,,,,,,,,,,,,,,,AwayControl,AwayTeamZone,AwayTeamZone,,,,322236,150983.0,337830.0,301617.0,153736.0,347698.0,322236.0,888057606.0,888057597.0,888057602.0,888057599.0,888057614.0,,#29 Sandro Aeschlimann,#44 Matej Stransky,#72 Tino Kessler,#38 Lukas Frick,#74 Rasmus Asplund,#55 Calle Andersson,#15 Charlie Cerrato,#30 Adam Gajan,#44 Vincent Borgesi,#5 Mac Gadowsky,#14 Matt Dimarsico,,Away,Away,Away,Away,Away,Away,Home,Home,Home,Home,Home,,"26.3,0","-21.7,14.7","-16.2,-9.5","-7.4,-7.4","-28.9,-4.8","-9.2,12","-19.9,-3.3","-25.6,0.2","-21.6,0.3","-20.5,12.6","-12.4,8.5",,,,,,,,,,,,,,,,,,,,,,,,,,AwayPowerplay,True,False,4.0
3,1083,1767187796280,Dump,AwayPowerplay,4v5,True,True,HomeTeamZone,"-9.9,12.3","-27.5,-2.7",322236.0,#55 Calle Andersson,Away,347698.0,#74 Rasmus Asplund,Away,,,,,,,,,,,,,,Takeaway,DumpIn,False,,,,,,,,,"322236,347698",150983.0,337830.0,301617.0,153736.0,347698.0,322236.0,888057606.0,888057597.0,888057602.0,888057599.0,888057614.0,,#29 Sandro Aeschlimann,#44 Matej Stransky,#72 Tino Kessler,#38 Lukas Frick,#74 Rasmus Asplund,#55 Calle Andersson,#15 Charlie Cerrato,#30 Adam Gajan,#44 Vincent Borgesi,#5 Mac Gadowsky,#14 Matt Dimarsico,,Away,Away,Away,Away,Away,Away,Home,Home,Home,Home,Home,,"26.4,0","-21.5,14.7","-16,-9.4","-7.3,-7.2","-28.9,-4.7","-9.2,12","-19.7,-3.2","-25.6,0.2","-21.6,0.4","-20.3,12.5","-12.1,8.9",,0.193,3.086,3.763,3.076,2.634,1.296,3.712,0.73,0.5,4.889,6.998,,"0.999,0.049","0.958,0.287","0.798,0.602","0.126,0.992","0.179,0.984","0.453,-0.891","0.747,0.665","0.992,0.123","0.746,0.666","0.954,-0.299","0.64,0.768",,AwayPowerplay,True,False,4.0
3,1083,1767187796300,PuckControl,AwayPowerplay,4v5,True,True,HomeTeamZone,"-10,12.3","-27.4,-2.7",,,,,,,,,,,,,,,,,,,,,,,,,Loose,AwayTeamZone,AwayTeamZone,,,,,150983.0,337830.0,301617.0,153736.0,347698.0,322236.0,888057606.0,888057597.0,888057602.0,888057599.0,888057614.0,,#29 Sandro Aeschlimann,#44 Matej Stransky,#72 Tino Kessler,#38 Lukas Frick,#74 Rasmus Asplund,#55 Calle Andersson,#15 Charlie Cerrato,#30 Adam Gajan,#44 Vincent Borgesi,#5 Mac Gadowsky,#14 Matt Dimarsico,,Away,Away,Away,Away,Away,Away,Home,Home,Home,Home,Home,,"26.4,0","-21.4,14.8","-16,-9.4","-7.3,-7.1","-28.9,-4.6","-9.2,11.9","-19.7,-3.1","-25.6,0.2","-21.6,0.4","-20.2,12.4","-12,9",,,,,,,,,,,,,,,,,,,,,,,,,,AwayPowerplay,True,False,4.0
3,1085,1767187797800,PuckControl,AwayPowerplay,4v5,True,True,HomeTeamZone,"-27.4,-2.7","-25.4,-5",347698.0,#74 Rasmus Asplund,Away,,,,,,,,,,,,,,,,,,,,,,AwayControl,AwayTeamZone,AwayTeamZone,,,,347698,150983.0,337830.0,301617.0,153736.0,347698.0,322236.0,888057606.0,888057597.0,888057602.0,888057599.0,888057614.0,,#29 Sandro Aeschlimann,#44 Matej Stransky,#72 Tino Kessler,#38 Lukas Frick,#74 Rasmus Asplund,#55 Calle Andersson,#15 Charlie Cerrato,#30 Adam Gajan,#44 Vincent Borgesi,#5 Mac Gadowsky,#14 Matt Dimarsico,,Away,Away,Away,Away,Away,Away,Home,Home,Home,Home,Home,,"26.3,-0.1","-18.5,11.9","-14.7,-5.3","-8.2,-4.1","-28.1,-2.1","-7.6,10.3","-18.3,0.4","-26.4,-0.6","-22.9,0.1","-19.3,6.6","-6.2,13.4",,,,,,,,,,,,,,,,,,,,,,,,,,AwayPowerplay,True,False,4.0
3,1085,1767187798480,Clear,AwayPowerplay,4v5,True,True,HomeTeamZone,"-25.4,-5","7.4,-13.1",888057602.0,#44 Vincent Borgesi,Home,888057614.0,#14 Matt Dimarsico,Home,,,,,,,,,,,,,,,,,OffensiveZone,False,,,,,,,"888057602,888057614",150983.0,337830.0,301617.0,153736.0,347698.0,322236.0,888057606.0,888057597.0,888057602.0,888057599.0,888057614.0,,#29 Sandro Aeschlimann,#44 Matej Stransky,#72 Tino Kessler,#38 Lukas Frick,#74 Rasmus Asplund,#55 Calle Andersson,#15 Charlie Cerrato,#30 Adam Gajan,#44 Vincent Borgesi,#5 Mac Gadowsky,#14 Matt Dimarsico,,Away,Away,Away,Away,Away,Away,Home,Home,Home,Home,Home,,"25.4,0.1","-18.2,9.8","-16.9,-5.4","-8.5,-4.5","-26.7,-2.9","-7.2,9.6","-19.4,-1","-26.6,-0.9","-23.7,-2.2","-21.1,4.1","-4,11.1",,1.342,3.096,4.273,1.235,3.231,1.609,4.116,0.2,4.602,4.068,5.521,,"-0.929,0.37","0.41,-0.912","-0.925,-0.381","-0.144,-0.99","0.753,-0.658","0.102,-0.995","-0.183,-0.983","-0.277,-0.961","-0.07,-0.998","-0.512,-0.859","0.382,-0.924",,AwayPowerplay,True,False,4.0
3,1085,1767187798480,PuckControl,AwayPowerplay,4v5,True,True,HomeTeamZone,"-25.4,-5","-25.4,-5.1",888057602.0,#44 Vincent Borgesi,Home,,,,,,,,,,,,,,,,,,,,,,HomeControl,AwayTeamZone,AwayTeamZone,,,,888057602,150983.0,337830.0,301617.0,153736.0,347698.0,322236.0,888057606.0,888057597.0,888057602.0,888057599.0,888057614.0,,#29 Sandro Aeschlimann,#44 Matej Stransky,#72 Tino Kessler,#38 Lukas Frick,#74 Rasmus Asplund,#55 Calle Andersson,#15 Charlie Cerrato,#30 Adam Gajan,#44 Vincent Borgesi,#5 Mac Gadowsky,#14 Matt Dimarsico,,Away,Away,Away,Away,Away,Away,Home,Home,Home,Home,Home,,"25.4,0.1","-18.2,9.8","-16.9,-5.4","-8.5,-4.5","-26.7,-2.9","-7.2,9.6","-19.4,-1","-26.6,-0.9","-23.7,-2.2","-21.1,4.1","-4,11.1",,,,,,,,,,,,,,,,,,,,,,,,,,AwayPowerplay,True,False,4.0
3,1085,1767187798500,PuckControl,AwayPowerplay,4v5,True,True,HomeTeamZone,"-25.4,-5.1","28.6,-5.7",,,,,,,,,,,,,,,,,,,,,,,,,Loose,AwayTeamZone,HomeTeamZone,,,,,150983.0,337830.0,301617.0,153736.0,347698.0,322236.0,888057606.0,888057597.0,888057602.0,888057599.0,888057614.0,,#29 Sandro Aeschlimann,#44 Matej Stransky,#72 Tino Kessler,#38 Lukas Frick,#74 Rasmus Asplund,#55 Calle Andersson,#15 Charlie Cerrato,#30 Adam Gajan,#44 Vincent Borgesi,#5 Mac Gadowsky,#14 Matt Dimarsico,,Away,Away,Away,Away,Away,Away,Home,Home,Home,Home,Home,,"25.3,0.1","-18.2,9.8","-16.9,-5.4","-8.5,-4.5","-26.6,-2.9","-7.2,9.6","-19.4,-1.1","-26.6,-0.9","-23.7,-2.3","-21.1,4.1","-3.9,11",,,,,,,,,,,,,,,,,,,,,,,,,,AwayPowerplay,True,False,4.0
3,1087,1767187799960,BluelineCrossing,AwayPowerplay,4v5,True,True,NeutralZone,"-7.1,-14.9",,888057602.0,#44 Vincent Borgesi,Home,,,,,,,,,,,,,,TowardsOpponent,,,,,,,,,,,,,,888057602,150983.0,337830.0,301617.0,153736.0,347698.0,322236.0,888057606.0,888057597.0,888057602.0,888057599.0,888057614.0,,#29 Sandro Aeschlimann,#44 Matej Stransky,#72 Tino Kessler,#38 Lukas Frick,#74 Rasmus Asplund,#55 Calle Andersson,#15 Charlie Cerrato,#30 Adam Gajan,#44 Vincent Borgesi,#5 Mac Gadowsky,#14 Matt Dimarsico,,Away,Away,Away,Away,Away,Away,Home,Home,Home,Home,Home,,"24.2,0.5","-12.5,7.1","-19.5,-10","-6.7,-7.9","-20.8,-6","-4.9,5.7","-16.1,-7.6","-26.1,-0.2","-22.9,-9.3","-20.3,-1.1","-1.4,3",,0.354,5.389,3.916,4.822,5.418,4.514,6.194,0.129,4.229,4.078,7.06,,"-0.587,-0.81","0.999,-0.034","0.583,-0.812","0.985,-0.175","0.999,0.055","0.952,-0.307","0.652,-0.758","0.669,-0.743","0.439,-0.898","0.798,-0.602","0.659,-0.753",,AwayPowerplay,True,False,4.0
3,1088,1767187800900,BluelineCrossing,AwayPowerplay,4v5,True,True,AwayTeamZone,"7.2,-13.1",,888057602.0,#44 Vincent Borgesi,Home,,,,,,,,,,,,,,TowardsOpponent,888057614,,,,,,,,,,,,,"888057602,888057614",150983.0,337830.0,301617.0,153736.0,347698.0,322236.0,888057606.0,888057597.0,888057602.0,888057599.0,888057614.0,,#29 Sandro Aeschlimann,#44 Matej Stransky,#72 Tino Kessler,#38 Lukas Frick,#74 Rasmus Asplund,#55 Calle Andersson,#15 Charlie Cerrato,#30 Adam Gajan,#44 Vincent Borgesi,#5 Mac Gadowsky,#14 Matt Dimarsico,,Away,Away,Away,Away,Away,Away,Home,Home,Home,Home,Home,,"25,0","-7.3,7.4","-15.9,-12.2","-1.6,-7.8","-15.2,-5.6","0.3,5.1","-11.5,-10.9","-26.6,-0.1","-19.9,-11.2","-16.4,-1.1","4.6,-1.8",,1.763,5.591,4.702,5.37,6.67,6.064,5.892,0.287,4.334,5.27,8.178,,"0.92,-0.393","0.989,0.15","0.98,-0.201","0.991,0.137","0.999,0.041","0.995,-0.103","0.972,-0.234","-0.32,0.948","0.999,0.034","0.956,0.295","0.839,-0.544",,AwayPowerplay,True,False,4.0
3,1091,1767187803880,PuckControl,AwayPowerplay,4v5,True,True,AwayTeamZone,"28.6,-5.7","29.9,-5.6",888057614.0,#14 Matt Dimarsico,Home,,,,,,,,,,,,,,,,,,,,,,HomeControl,HomeTeamZone,HomeTeamZone,,,,888057614,150983.0,337830.0,301617.0,153736.0,347698.0,322236.0,888057606.0,888057597.0,888057602.0,888057599.0,888057614.0,,#29 Sandro Aeschlimann,#44 Matej Stransky,#72 Tino Kessler,#38 Lukas Frick,#74 Rasmus Asplund,#55 Calle Andersson,#15 Charlie Cerrato,#30 Adam Gajan,#44 Vincent Borgesi,#5 Mac Gadowsky,#14 Matt Dimarsico,,Away,Away,Away,Away,Away,Away,Home,Home,Home,Home,Home,,"26.3,-0.2","9.4,5","1.7,-7","19,-5","6.5,-2.3","20,-0.4","9.9,-7","-26.2,0.2","-12.2,1.6","1.1,6.6","27.6,-7",,,,,,,,,,,,,,,,,,,,,,,,,,AwayPowerplay,True,False,4.0
3,1094,1767187807500,PuckControl,AwayPowerplay,4v5,True,True,AwayTeamZone,"29.9,-5.6","28.3,-11.5",,,,,,,,,,,,,,,,,,,,,,,,,Loose,HomeTeamZone,HomeTeamZone,,,,,150983.0,337830.0,301617.0,153736.0,347698.0,322236.0,888057606.0,888057597.0,888057599.0,888057614.0,888057603.0,,#29 Sandro Aeschlimann,#44 Matej Stransky,#72 Tino Kessler,#38 Lukas Frick,#74 Rasmus Asplund,#55 Calle Andersson,#15 Charlie Cerrato,#30 Adam Gajan,#5 Mac Gadowsky,#14 Matt Dimarsico,#17 Larry Keenan,,Away,Away,Away,Away,Away,Away,Home,Home,Home,Home,Home,,"26.5,-0.3","22.9,1","20.4,-2.6","26.7,-1.5","22.2,-1.9","28,-0.5","29.8,1.8","-26.4,0.1","22.1,4.3","28,-4.4","-9.6,12.7",,,,,,,,,,,,,,,,,,,,,,,,,,AwayPowerplay,True,False,4.0
3,1096,1767187808700,PuckControl,AwayPowerplay,4v5,True,True,AwayTeamZone,"28.3,-11.5","27.1,-12.5",888057614.0,#14 Matt Dimarsico,Home,,,,,,,,,,,,,,,,,,,,,,HomeControl,HomeTeamZone,HomeTeamZone,,,,888057614,150983.0,337830.0,301617.0,153736.0,347698.0,322236.0,888057603.0,888057606.0,888057597.0,888057599.0,888057614.0,,#29 Sandro Aeschlimann,#44 Matej Stransky,#72 Tino Kessler,#38 Lukas Frick,#74 Rasmus Asplund,#55 Calle Andersson,#17 Larry Keenan,#15 Charlie Cerrato,#30 Adam Gajan,#5 Mac Gadowsky,#14 Matt Dimarsico,,Away,Away,Away,Away,Away,Away,Home,Home,Home,Home,Home,,"26.4,-0.3","21.4,0.8","17.7,-7.6","26.3,-5.5","23.1,-6.6","27.2,1.3","-4.3,10.9","25.5,6.8","-26.4,-0.1","20.5,4.8","27.1,-9.7",,,,,,,,,,,,,,,,,,,,,,,,,,AwayPowerplay,True,False,4.0
3,1096,1767187808840,PuckControl,AwayPowerplay,4v5,True,True,AwayTeamZone,"27.1,-12.5","17.4,-12.7",,,,,,,,,,,,,,,,,,,,,,,,,Loose,HomeTeamZone,HomeTeamZone,,,,,150983.0,337830.0,301617.0,153736.0,347698.0,322236.0,888057603.0,888057606.0,888057597.0,888057599.0,888057614.0,,#29 Sandro Aeschlimann,#44 Matej Stransky,#72 Tino Kessler,#38 Lukas Frick,#74 Rasmus Asplund,#55 Calle Andersson,#17 Larry Keenan,#15 Charlie Cerrato,#30 Adam Gajan,#5 Mac Gadowsky,#14 Matt Dimarsico,,Away,Away,Away,Away,Away,Away,Home,Home,Home,Home,Home,,"26.3,-0.3","21.3,0.6","17.2,-7.8","26.1,-6.1","23.3,-7.4","26.9,1.4","-3.5,10.7","24.8,6.9","-26.5,-0.2","20,4.9","27,-10.1",,,,,,,,,,,,,,,,,,,,,,,,,,AwayPowerplay,True,False,4.0
3,1098,1767187811240,PuckControl,AwayPowerplay,4v5,True,True,AwayTeamZone,"17.4,-12.7","15.8,-12.3",347698.0,#74 Rasmus Asplund,Away,,,,,,,,,,,,,,,,,,,,,,AwayControl,HomeTeamZone,HomeTeamZone,,,,347698,150983.0,337830.0,301617.0,153736.0,347698.0,322236.0,888057603.0,888057606.0,888057597.0,888057599.0,888057614.0,,#29 Sandro Aeschlimann,#44 Matej Stransky,#72 Tino Kessler,#38 Lukas Frick,#74 Rasmus Asplund,#55 Calle Andersson,#17 Larry Keenan,#15 Charlie Cerrato,#30 Adam Gajan,#5 Mac Gadowsky,#14 Matt Dimarsico,,Away,Away,Away,Away,Away,Away,Home,Home,Home,Home,Home,,"26.5,-0.1","19.2,-0.6","13.9,-6.9","21,-13.5","19.3,-12.9","21.6,-2.7","6,1.3","14.4,0.4","-26,-0.3","10.8,6.7","22.8,-13.2",,,,,,,,,,,,,,,,,,,,,,,,,,AwayPowerplay,True,False,4.0
3,1098,1767187811480,PuckControl,AwayPowerplay,4v5,True,True,AwayTeamZone,"15.8,-12.3","14.3,-12.1",,,,,,,,,,,,,,,,,,,,,,,,,Loose,HomeTeamZone,HomeTeamZone,,,,,150983.0,337830.0,301617.0,153736.0,347698.0,322236.0,888057603.0,888057606.0,888057597.0,888057599.0,888057614.0,,#29 Sandro Aeschlimann,#44 Matej Stransky,#72 Tino Kessler,#38 Lukas Frick,#74 Rasmus Asplund,#55 Calle Andersson,#17 Larry Keenan,#15 Charlie Cerrato,#30 Adam Gajan,#5 Mac Gadowsky,#14 Matt Dimarsico,,Away,Away,Away,Away,Away,Away,Home,Home,Home,Home,Home,,"26.6,-0.1","18.4,-0.6","13.5,-6.8","20,-13.8","18,-13","20.6,-3","6.1,0.1","13.3,-0.3","-26,-0.3","9.8,6.5","22.3,-13",,,,,,,,,,,,,,,,,,,,,,,,,,AwayPowerplay,True,False,4.0
3,1099,1767187811820,PuckControl,AwayPowerplay,4v5,True,True,AwayTeamZone,"14.3,-12.1","13.1,-11.5",347698.0,#74 Rasmus Asplund,Away,,,,,,,,,,,,,,,,,,,,,,AwayControl,HomeTeamZone,HomeTeamZone,,,,347698,150983.0,337830.0,301617.0,153736.0,347698.0,322236.0,888057603.0,888057606.0,888057597.0,888057599.0,888057614.0,,#29 Sandro Aeschlimann,#44 Matej Stransky,#72 Tino Kessler,#38 Lukas Frick,#74 Rasmus Asplund,#55 Calle Andersson,#17 Larry Keenan,#15 Charlie Cerrato,#30 Adam Gajan,#5 Mac Gadowsky,#14 Matt Dimarsico,,Away,Away,Away,Away,Away,Away,Home,Home,Home,Home,Home,,"26.5,-0.3","17.1,-0.5","13.2,-6.4","19.1,-13.5","16.2,-13","18.9,-3","6.3,-1.9","11.8,-1.5","-26.1,-0.3","8.3,6.1","21.4,-12.4",,,,,,,,,,,,,,,,,,,,,,,,,,AwayPowerplay,True,False,4.0
3,1099,1767187812140,PuckControl,AwayPowerplay,4v5,True,True,AwayTeamZone,"13.1,-11.5","11.6,-10",,,,,,,,,,,,,,,,,,,,,,,,,Loose,HomeTeamZone,HomeTeamZone,,,,,150983.0,337830.0,301617.0,153736.0,347698.0,322236.0,888057603.0,888057606.0,888057597.0,888057599.0,888057614.0,,#29 Sandro Aeschlimann,#44 Matej Stransky,#72 Tino Kessler,#38 Lukas Frick,#74 Rasmus Asplund,#55 Calle Andersson,#17 Larry Keenan,#15 Charlie Cerrato,#30 Adam Gajan,#5 Mac Gadowsky,#14 Matt Dimarsico,,Away,Away,Away,Away,Away,Away,Home,Home,Home,Home,Home,,"26.4,-0.3","15.6,-0.3","13.3,-5.9","18.1,-13","14.9,-12.9","17,-3.1","6.2,-3.5","10.5,-3.3","-26.2,-0.1","7,5.5","20.4,-11.5",,,,,,,,,,,,,,,,,,,,,,,,,,AwayPowerplay,True,False,4.0
3,1100,1767187812640,PuckControl,AwayPowerplay,4v5,True,True,AwayTeamZone,"11.6,-10","5.6,0.5",347698.0,#74 Rasmus Asplund,Away,,,,,,,,,,,,,,,,,,,,,,AwayControl,HomeTeamZone,NeutralZone,,,,347698,150983.0,337830.0,301617.0,153736.0,347698.0,322236.0,888057603.0,888057606.0,888057597.0,888057599.0,888057614.0,,#29 Sandro Aeschlimann,#44 Matej Stransky,#72 Tino Kessler,#38 Lukas Frick,#74 Rasmus Asplund,#55 Calle Andersson,#17 Larry Keenan,#15 Charlie Cerrato,#30 Adam Gajan,#5 Mac Gadowsky,#14 Matt Dimarsico,,Away,Away,Away,Away,Away,Away,Home,Home,Home,Home,Home,,"26.2,-0.2","13.2,0.5","13.5,-5.5","16.6,-11.9","13.2,-11.5","14.3,-3.3","5.2,-5.3","9.2,-7","-26.3,0","5.1,4.4","19.1,-9.8",,,,,,,,,,,,,,,,,,,,,,,,,,AwayPowerplay,True,False,4.0
3,1101,1767187813980,BluelineCrossing,AwayPowerplay,4v5,True,True,AwayTeamZone,"7.2,-3.2",,347698.0,#74 Rasmus Asplund,Away,,,,,,,,,,,,,PossessionMaintained,TowardsOpponent,,,,,,,,,,,,,,347698,150983.0,337830.0,301617.0,153736.0,347698.0,322236.0,888057603.0,888057606.0,888057597.0,888057599.0,888057614.0,,#29 Sandro Aeschlimann,#44 Matej Stransky,#72 Tino Kessler,#38 Lukas Frick,#74 Rasmus Asplund,#55 Calle Andersson,#17 Larry Keenan,#15 Charlie Cerrato,#30 Adam Gajan,#5 Mac Gadowsky,#14 Matt Dimarsico,,Away,Away,Away,Away,Away,Away,Home,Home,Home,Home,Home,,"26,0.3","8.4,5.5","13.5,-2.1","13.4,-8.1","8.9,-5","6.5,-1.6","0.1,-5.2","2.7,-12.7","-26.4,-0.3","0.6,4.7","13.5,-6.3",,0.449,5.771,2.85,4.052,4.892,6.214,4.531,5.826,0.179,3.599,4.701,,"0.054,-0.999","-0.612,0.791","-0.178,0.984","-0.634,0.774","-0.644,0.765","-0.849,0.528","-0.818,0.575","-0.899,0.437","-0.402,0.916","-0.646,0.764","-0.879,0.477",,AwayPowerplay,True,False,4.0
3,1101,1767187814440,PuckControl,AwayPowerplay,4v5,True,True,NeutralZone,"5.6,0.5","5.3,1.5",322236.0,#55 Calle Andersson,Away,,,,,,,,,,,,,,,,,,,,,,AwayControl,NeutralZone,NeutralZone,,,,322236,150983.0,337830.0,301617.0,153736.0,347698.0,322236.0,888057603.0,888057606.0,888057597.0,888057599.0,888057614.0,,#29 Sandro Aeschlimann,#44 Matej Stransky,#72 Tino Kessler,#38 Lukas Frick,#74 Rasmus Asplund,#55 Calle Andersson,#17 Larry Keenan,#15 Charlie Cerrato,#30 Adam Gajan,#5 Mac Gadowsky,#14 Matt Dimarsico,,Away,Away,Away,Away,Away,Away,Home,Home,Home,Home,Home,,"26.3,0","7.1,7.5","13.1,-0.7","12.8,-6.5","7.5,-3","4.7,0.5","-1.4,-3.6","0.8,-10.7","-26.4,-0.3","-0.3,6.3","11.2,-5",,,,,,,,,,,,,,,,,,,,,,,,,,AwayPowerplay,True,False,4.0
3,1102,1767187814620,Pass,AwayPowerplay,4v5,True,True,NeutralZone,"5.4,1.6","3.6,0.2",322236.0,#55 Calle Andersson,Away,347698.0,#74 Rasmus Asplund,Away,,,,,,,,Successful,8.5,,,,,,,,,,,,,,,,"322236,347698",150983.0,337830.0,301617.0,153736.0,347698.0,322236.0,888057603.0,888057606.0,888057597.0,888057599.0,888057614.0,,#29 Sandro Aeschlimann,#44 Matej Stransky,#72 Tino Kessler,#38 Lukas Frick,#74 Rasmus Asplund,#55 Calle Andersson,#17 Larry Keenan,#15 Charlie Cerrato,#30 Adam Gajan,#5 Mac Gadowsky,#14 Matt Dimarsico,,Away,Away,Away,Away,Away,Away,Home,Home,Home,Home,Home,,"26.5,-0.1","6.7,8.4","13.1,-0.1","12.7,-5.9","6.7,-2","4.2,1.5","-1.8,-2.9","0.4,-9.6","-26.3,-0.2","-0.6,7.1","10.4,-4.3",,1.029,5.138,3.614,3.372,7.433,6.17,5.017,6.463,0.729,4.447,6.049,,"0.775,-0.633","-0.419,0.908","0.042,0.999","-0.088,0.996","-0.684,0.73","-0.327,0.945","-0.414,0.91","-0.257,0.966","0.95,0.313","-0.424,0.906","-0.736,0.677",,AwayPowerplay,True,False,4.0
3,1102,1767187814640,PuckControl,AwayPowerplay,4v5,True,True,NeutralZone,"5.3,1.5","3.6,0.2",,,,,,,,,,,,,,,,,,,,,,,,,AwayControl,NeutralZone,NeutralZone,,,,,150983.0,337830.0,301617.0,153736.0,347698.0,322236.0,888057603.0,888057606.0,888057597.0,888057599.0,888057614.0,,#29 Sandro Aeschlimann,#44 Matej Stransky,#72 Tino Kessler,#38 Lukas Frick,#74 Rasmus Asplund,#55 Calle Andersson,#17 Larry Keenan,#15 Charlie Cerrato,#30 Adam Gajan,#5 Mac Gadowsky,#14 Matt Dimarsico,,Away,Away,Away,Away,Away,Away,Home,Home,Home,Home,Home,,"26.5,-0.1","6.7,8.4","13.1,0","12.7,-5.8","6.5,-1.9","4.2,1.6","-1.8,-2.8","0.4,-9.5","-26.3,-0.2","-0.7,7.1","10.3,-4.2",,,,,,,,,,,,,,,,,,,,,,,,,,AwayPowerplay,True,False,4.0
3,1102,1767187814920,PuckControl,AwayPowerplay,4v5,True,True,NeutralZone,"3.6,0.2","1.8,5.8",347698.0,#74 Rasmus Asplund,Away,,,,,,,,,,,,,,,,,,,,,,AwayControl,NeutralZone,NeutralZone,,,,347698,150983.0,337830.0,301617.0,153736.0,347698.0,322236.0,888057603.0,888057606.0,888057597.0,888057599.0,888057614.0,,#29 Sandro Aeschlimann,#44 Matej Stransky,#72 Tino Kessler,#38 Lukas Frick,#74 Rasmus Asplund,#55 Calle Andersson,#17 Larry Keenan,#15 Charlie Cerrato,#30 Adam Gajan,#5 Mac Gadowsky,#14 Matt Dimarsico,,Away,Away,Away,Away,Away,Away,Home,Home,Home,Home,Home,,"26.7,-0.3","6.2,9.7","13.1,1.1","12.5,-5","5,-0.4","4,3.3","-2.4,-1.3","-0.2,-7.9","-26.1,-0.2","-1.3,8.1","8.9,-3.2",,,,,,,,,,,,,,,,,,,,,,,,,,AwayPowerplay,True,False,4.0
3,1103,1767187815800,Pass,AwayPowerplay,4v5,True,True,NeutralZone,"1.7,5.7","15.6,7.7",347698.0,#74 Rasmus Asplund,Away,301617.0,#72 Tino Kessler,Away,,,,,,,,Successful,15.5,,,,,,,,,,,,,,,,"347698,301617",150983.0,337830.0,301617.0,153736.0,347698.0,322236.0,888057603.0,888057606.0,888057597.0,888057599.0,888057614.0,,#29 Sandro Aeschlimann,#44 Matej Stransky,#72 Tino Kessler,#38 Lukas Frick,#74 Rasmus Asplund,#55 Calle Andersson,#17 Larry Keenan,#15 Charlie Cerrato,#30 Adam Gajan,#5 Mac Gadowsky,#14 Matt Dimarsico,,Away,Away,Away,Away,Away,Away,Home,Home,Home,Home,Home,,"26.4,-0.3","6.4,12.3","13.9,4.4","12.2,-1.2","1.4,5.4","5.6,6.8","-4.2,2.8","-2.7,-3.2","-25.4,-0.3","-3.7,10","5.1,0.8",,0.917,2.901,3.589,5.817,6.956,4.199,3.534,6.768,0.893,2.841,7.09,,"-0.639,0.769","0.758,0.652","0.437,0.899","0.184,0.983","-0.182,0.983","0.838,0.545","-0.593,0.805","-0.431,0.902","0.984,0.175","-0.811,0.586","-0.513,0.859",,AwayPowerplay,True,False,4.0
3,1103,1767187815820,PuckControl,AwayPowerplay,4v5,True,True,NeutralZone,"1.8,5.8","15.6,7.7",,,,,,,,,,,,,,,,,,,,,,,,,AwayControl,NeutralZone,HomeTeamZone,,,,,150983.0,337830.0,301617.0,153736.0,347698.0,322236.0,888057603.0,888057606.0,888057597.0,888057599.0,888057614.0,,#29 Sandro Aeschlimann,#44 Matej Stransky,#72 Tino Kessler,#38 Lukas Frick,#74 Rasmus Asplund,#55 Calle Andersson,#17 Larry Keenan,#15 Charlie Cerrato,#30 Adam Gajan,#5 Mac Gadowsky,#14 Matt Dimarsico,,Away,Away,Away,Away,Away,Away,Home,Home,Home,Home,Home,,"26.4,-0.3","6.4,12.4","14,4.5","12.2,-1.1","1.4,5.5","5.6,6.9","-4.2,2.8","-2.7,-3.1","-25.4,-0.3","-3.7,10","5,1",,,,,,,,,,,,,,,,,,,,,,,,,,AwayPowerplay,True,False,4.0
3,1103,1767187816200,BluelineCrossing,AwayPowerplay,4v5,True,True,AwayTeamZone,"7.2,7.1",,347698.0,#74 Rasmus Asplund,Away,,,,,,,,,,,,,,TowardsHome,,,,,,,,,,,,,,347698,150983.0,301617.0,153736.0,347698.0,322236.0,888057603.0,888057606.0,888057597.0,888057599.0,888057614.0,337830.0,,#29 Sandro Aeschlimann,#72 Tino Kessler,#38 Lukas Frick,#74 Rasmus Asplund,#55 Calle Andersson,#17 Larry Keenan,#15 Charlie Cerrato,#30 Adam Gajan,#5 Mac Gadowsky,#14 Matt Dimarsico,#44 Matej Stransky,,Away,Away,Away,Away,Away,Home,Home,Home,Home,Home,Away,,"26.3,0.1","14.7,5.6","13.1,0.9","1.3,7.9","7.1,7.7","-4.8,3.6","-3.5,-0.5","-25.2,-0.2","-4.5,10.7","4,3.4","7.4,12.9",,1.095,3.02,4.607,5.665,4.953,1.979,7.382,0.31,2.745,6.228,2.995,,"0.093,0.996","0.663,0.749","0.613,0.79","0.055,0.999","0.872,0.489","-0.394,0.919","-0.182,0.983","0.63,0.777","-0.703,0.711","-0.246,0.969","0.95,0.312",,AwayPowerplay,True,False,4.0
3,1104,1767187816780,PuckControl,AwayPowerplay,4v5,True,True,AwayTeamZone,"15.6,7.7","17,6.9",301617.0,#72 Tino Kessler,Away,,,,,,,,,,,,,,,,,,,,,,AwayControl,HomeTeamZone,HomeTeamZone,,,,301617,150983.0,301617.0,153736.0,347698.0,322236.0,888057603.0,888057606.0,888057597.0,888057599.0,888057614.0,337830.0,,#29 Sandro Aeschlimann,#72 Tino Kessler,#38 Lukas Frick,#74 Rasmus Asplund,#55 Calle Andersson,#17 Larry Keenan,#15 Charlie Cerrato,#30 Adam Gajan,#5 Mac Gadowsky,#14 Matt Dimarsico,#44 Matej Stransky,,Away,Away,Away,Away,Away,Home,Home,Home,Home,Home,Away,,"26.3,0.4","16,6.6","14.7,1.5","2.1,10.7","9.8,9.2","-4.8,4.2","-3.3,3.9","-25.3,-0.1","-5.7,11.7","3.6,6.3","8.6,13.6",,,,,,,,,,,,,,,,,,,,,,,,,,AwayPowerplay,True,False,4.0
3,1104,1767187817500,Pass,AwayPowerplay,4v5,True,True,AwayTeamZone,"16.9,7","16.1,-1.1",301617.0,#72 Tino Kessler,Away,,,,,,,,,,,Failed,13.8,,,,,,,,,,,,,,,,301617,150983.0,301617.0,153736.0,322236.0,888057603.0,888057606.0,888057597.0,888057599.0,888057614.0,337830.0,347698.0,,#29 Sandro Aeschlimann,#72 Tino Kessler,#38 Lukas Frick,#55 Calle Andersson,#17 Larry Keenan,#15 Charlie Cerrato,#30 Adam Gajan,#5 Mac Gadowsky,#14 Matt Dimarsico,#44 Matej Stransky,#74 Rasmus Asplund,,Away,Away,Away,Away,Home,Home,Home,Home,Home,Away,Away,,"25.9,0.2","17.9,7.3","16.7,0.1","13.5,10.5","-4.7,3.1","-2.8,8.3","-25.9,-0.1","-7,12.1","2.6,9.6","9.3,14.9","3.3,13.4",,0.505,2.731,3.2,5.454,2.401,5.455,0.753,1.448,5.5,2.265,3.554,,"-0.981,-0.192","0.968,0.252","0.602,-0.798","0.975,0.224","0.306,-0.952","0.124,0.992","-0.985,-0.17","-0.994,-0.108","-0.444,0.896","0.411,0.912","0.394,0.919",,AwayPowerplay,True,False,4.0
3,1104,1767187817520,PuckControl,AwayPowerplay,4v5,True,True,AwayTeamZone,"17,6.9","16.1,-1.1",,,,,,,,,,,,,,,,,,,,,,,,,Loose,HomeTeamZone,HomeTeamZone,,,,,150983.0,301617.0,153736.0,322236.0,888057603.0,888057606.0,888057597.0,888057599.0,888057614.0,337830.0,347698.0,,#29 Sandro Aeschlimann,#72 Tino Kessler,#38 Lukas Frick,#55 Calle Andersson,#17 Larry Keenan,#15 Charlie Cerrato,#30 Adam Gajan,#5 Mac Gadowsky,#14 Matt Dimarsico,#44 Matej Stransky,#74 Rasmus Asplund,,Away,Away,Away,Away,Home,Home,Home,Home,Home,Away,Away,,"25.9,0.2","18,7.3","16.7,0","13.6,10.5","-4.7,3","-2.8,8.4","-25.9,-0.1","-7,12.1","2.6,9.7","9.3,14.9","3.3,13.5",,,,,,,,,,,,,,,,,,,,,,,,,,AwayPowerplay,True,False,4.0
3,1105,1767187818140,PuckControl,AwayPowerplay,4v5,True,True,AwayTeamZone,"16.1,-1.1","17.1,-2.1",153736.0,#38 Lukas Frick,Away,,,,,,,,,,,,,,,,,,,,,,AwayControl,HomeTeamZone,HomeTeamZone,,,,153736,150983.0,301617.0,153736.0,322236.0,888057603.0,888057597.0,888057599.0,305976.0,888057601.0,888057611.0,143575.0,,#29 Sandro Aeschlimann,#72 Tino Kessler,#38 Lukas Frick,#55 Calle Andersson,#17 Larry Keenan,#30 Adam Gajan,#5 Mac Gadowsky,#93 Yannick Frehner,#23 Eric Pohlkamp,#8 Joey Muldowney,#70 Enzo Corvi,,Away,Away,Away,Away,Home,Home,Home,Away,Home,Home,Away,,"25.9,0.3","19.4,7.9","17.1,-2.7","16.9,10.8","-4.1,1.6","-26.3,-0.3","-8.2,12.5","7.7,14.9","-9.4,14.9","-5.9,14.9","6.1,14.9",,,,,,,,,,,,,,,,,,,,,,,,,,AwayPowerplay,True,False,4.0
3,1105,1767187818400,PuckControl,AwayPowerplay,4v5,True,True,AwayTeamZone,"17.1,-2.1","15,-6.3",,,,,,,,,,,,,,,,,,,,,,,,,Loose,HomeTeamZone,HomeTeamZone,,,,,150983.0,301617.0,153736.0,322236.0,888057603.0,888057597.0,888057599.0,305976.0,888057601.0,888057611.0,143575.0,,#29 Sandro Aeschlimann,#72 Tino Kessler,#38 Lukas Frick,#55 Calle Andersson,#17 Larry Keenan,#30 Adam Gajan,#5 Mac Gadowsky,#93 Yannick Frehner,#23 Eric Pohlkamp,#8 Joey Muldowney,#70 Enzo Corvi,,Away,Away,Away,Away,Home,Home,Home,Away,Home,Home,Away,,"25.9,0.3","19.8,8.3","17,-4.5","18.1,10.7","-3.7,0.9","-26.4,-0.4","-8.7,12.8","7.6,14.8","-9.3,14.9","-5.8,14.9","6.1,14.9",,,,,,,,,,,,,,,,,,,,,,,,,,AwayPowerplay,True,False,4.0
3,1106,1767187819260,PuckControl,AwayPowerplay,4v5,True,True,AwayTeamZone,"15,-6.3","13.8,-8.2",153736.0,#38 Lukas Frick,Away,,,,,,,,,,,,,,,,,,,,,,AwayControl,HomeTeamZone,HomeTeamZone,,,,153736,150983.0,301617.0,153736.0,322236.0,888057603.0,888057597.0,305976.0,888057601.0,888057611.0,143575.0,888057599.0,,#29 Sandro Aeschlimann,#72 Tino Kessler,#38 Lukas Frick,#55 Calle Andersson,#17 Larry Keenan,#30 Adam Gajan,#93 Yannick Frehner,#23 Eric Pohlkamp,#8 Joey Muldowney,#70 Enzo Corvi,#5 Mac Gadowsky,,Away,Away,Away,Away,Home,Home,Away,Home,Home,Away,Home,,"25.9,0.2","19.8,10.4","15.6,-8.2","21.9,8.8","-3.2,-1.3","-26.4,-0.1","6.7,12.8","-8.8,13.2","-5.4,13.2","6.6,13.5","-10.5,13.6",,,,,,,,,,,,,,,,,,,,,,,,,,AwayPowerplay,True,False,4.0
3,1107,1767187819600,Pass,AwayPowerplay,4v5,True,True,AwayTeamZone,"13.7,-8.2","19.1,2.3",153736.0,#38 Lukas Frick,Away,322236.0,#55 Calle Andersson,Away,,,,,,,,Successful,9.2,,,,,,,,,,,,,,,,"153736,322236",150983.0,301617.0,153736.0,305976.0,322236.0,888057603.0,888057597.0,888057611.0,888057601.0,143575.0,888057599.0,,#29 Sandro Aeschlimann,#72 Tino Kessler,#38 Lukas Frick,#93 Yannick Frehner,#55 Calle Andersson,#17 Larry Keenan,#30 Adam Gajan,#8 Joey Muldowney,#23 Eric Pohlkamp,#70 Enzo Corvi,#5 Mac Gadowsky,,Away,Away,Away,Away,Away,Home,Home,Home,Home,Away,Home,,"25.9,0.2","19.2,11.2","14.7,-8.6","5.6,11.8","22.6,7.2","-3,-2.2","-26.4,-0.1","-4.5,12.3","-8.4,12","7.1,12.4","-11,14.2",,0.083,2.975,2.492,4.652,5.156,2.688,0.259,3.75,3.698,3.751,2.243,,"-0.304,0.953","-0.626,0.78","-0.897,-0.441","-0.754,-0.656","0.28,-0.96","0.35,-0.937","-0.825,-0.565","0.733,-0.68","0.392,-0.92","0.565,-0.825","-0.62,0.785",,AwayPowerplay,True,False,4.0
3,1107,1767187819620,PuckControl,AwayPowerplay,4v5,True,True,AwayTeamZone,"13.8,-8.2","19.1,2.3",,,,,,,,,,,,,,,,,,,,,,,,,AwayControl,HomeTeamZone,HomeTeamZone,,,,,150983.0,143575.0,301617.0,153736.0,305976.0,322236.0,888057603.0,888057597.0,888057611.0,888057601.0,888057599.0,,#29 Sandro Aeschlimann,#70 Enzo Corvi,#72 Tino Kessler,#38 Lukas Frick,#93 Yannick Frehner,#55 Calle Andersson,#17 Larry Keenan,#30 Adam Gajan,#8 Joey Muldowney,#23 Eric Pohlkamp,#5 Mac Gadowsky,,Away,Away,Away,Away,Away,Away,Home,Home,Home,Home,Home,,"25.9,0.2","7.1,12.3","19.2,11.2","14.7,-8.7","5.6,11.7","22.7,7.1","-3,-2.2","-26.4,-0.1","-4.4,12.2","-8.3,11.9","-11,14.2",,,,,,,,,,,,,,,,,,,,,,,,,,AwayPowerplay,True,False,4.0
3,1108,1767187820880,PuckControl,AwayPowerplay,4v5,True,True,AwayTeamZone,"19.1,2.3","15.1,7.6",322236.0,#55 Calle Andersson,Away,,,,,,,,,,,,,,,,,,,,,,AwayControl,HomeTeamZone,HomeTeamZone,,,,322236,150983.0,143575.0,153736.0,305976.0,322236.0,888057603.0,888057597.0,888057611.0,888057601.0,888057612.0,345038.0,,#29 Sandro Aeschlimann,#70 Enzo Corvi,#38 Lukas Frick,#93 Yannick Frehner,#55 Calle Andersson,#17 Larry Keenan,#30 Adam Gajan,#8 Joey Muldowney,#23 Eric Pohlkamp,#9 Jack Musa,#19 Adam Tambellini,,Away,Away,Away,Away,Away,Home,Home,Home,Home,Home,Away,,"26,0.3","12.3,9.9","11.3,-11","2.7,7","20.7,2.5","-1.3,-5.4","-26.4,-0.3","0.8,9.6","-6.7,8.4","-6.6,13.4","7.3,14.9",,,,,,,,,,,,,,,,,,,,,,,,,,AwayPowerplay,True,False,4.0
3,1110,1767187822940,Pass,AwayPowerplay,4v5,True,True,AwayTeamZone,"15.1,7.7","17.8,-0.8",322236.0,#55 Calle Andersson,Away,143575.0,#70 Enzo Corvi,Away,,,,,,,,Successful,16.1,,,,,,,,,,,,,,,,"322236,143575",150983.0,143575.0,153736.0,305976.0,345038.0,322236.0,888057603.0,888057597.0,888057612.0,888057611.0,888057601.0,,#29 Sandro Aeschlimann,#70 Enzo Corvi,#38 Lukas Frick,#93 Yannick Frehner,#19 Adam Tambellini,#55 Calle Andersson,#17 Larry Keenan,#30 Adam Gajan,#9 Jack Musa,#8 Joey Muldowney,#23 Eric Pohlkamp,,Away,Away,Away,Away,Away,Away,Home,Home,Home,Home,Home,,"26,0.2","19.4,1","6.8,-4.4","-4.8,8.1","5.2,9.8","16.2,7.9","-2.8,-7.2","-26.5,-0.2","-2.3,11.5","10.7,7.5","-6.6,3.2",,0.368,6.408,5.67,4.483,4.056,3.816,1.579,0.204,2.275,3.827,0.765,,"0.667,0.745","-0.108,-0.994","0.479,0.878","-0.307,0.952","0.145,-0.989","-0.337,0.942","-0.435,0.9","0.737,-0.675","0.813,0.582","0.953,0.302","-0.976,-0.216",,AwayPowerplay,True,False,4.0
3,1110,1767187822960,PuckControl,AwayPowerplay,4v5,True,True,AwayTeamZone,"15.1,7.6","17.8,-0.8",,,,,,,,,,,,,,,,,,,,,,,,,AwayControl,HomeTeamZone,HomeTeamZone,,,,,150983.0,143575.0,153736.0,305976.0,345038.0,322236.0,888057603.0,888057597.0,888057612.0,888057611.0,888057601.0,,#29 Sandro Aeschlimann,#70 Enzo Corvi,#38 Lukas Frick,#93 Yannick Frehner,#19 Adam Tambellini,#55 Calle Andersson,#17 Larry Keenan,#30 Adam Gajan,#9 Jack Musa,#8 Joey Muldowney,#23 Eric Pohlkamp,,Away,Away,Away,Away,Away,Away,Home,Home,Home,Home,Home,,"26,0.2","19.4,0.9","6.9,-4.3","-4.8,8.2","5.2,9.8","16.1,8","-2.8,-7.1","-26.5,-0.2","-2.3,11.5","10.8,7.5","-6.6,3.2",,,,,,,,,,,,,,,,,,,,,,,,,,AwayPowerplay,True,False,4.0
3,1111,1767187823580,PuckControl,AwayPowerplay,4v5,True,True,AwayTeamZone,"17.8,-0.8","6.9,-5.1",143575.0,#70 Enzo Corvi,Away,,,,,,,,,,,,,,,,,,,,,,AwayControl,HomeTeamZone,HomeTeamZone,,,,143575,150983.0,143575.0,153736.0,305976.0,345038.0,322236.0,888057603.0,888057597.0,888057612.0,888057611.0,888057601.0,,#29 Sandro Aeschlimann,#70 Enzo Corvi,#38 Lukas Frick,#93 Yannick Frehner,#19 Adam Tambellini,#55 Calle Andersson,#17 Larry Keenan,#30 Adam Gajan,#9 Jack Musa,#8 Joey Muldowney,#23 Eric Pohlkamp,,Away,Away,Away,Away,Away,Away,Home,Home,Home,Home,Home,,"26.1,0.4","17.6,-2.7","8.7,-1.4","-4.8,10.7","6.3,7.1","15.6,9.9","-2.9,-6.1","-26.3,-0.1","-1,11.9","11.5,9","-7.1,3.6",,,,,,,,,,,,,,,,,,,,,,,,,,AwayPowerplay,True,False,4.0
3,1112,1767187825180,PuckControl,AwayPowerplay,4v5,True,True,NeutralZone,"6.9,-5.1","5.3,-3.8",,,,,,,,,,,,,,,,,,,,,,,,,Loose,NeutralZone,NeutralZone,,,,,150983.0,143575.0,153736.0,305976.0,345038.0,322236.0,888057603.0,888057597.0,888057612.0,888057611.0,888057601.0,,#29 Sandro Aeschlimann,#70 Enzo Corvi,#38 Lukas Frick,#93 Yannick Frehner,#19 Adam Tambellini,#55 Calle Andersson,#17 Larry Keenan,#30 Adam Gajan,#9 Jack Musa,#8 Joey Muldowney,#23 Eric Pohlkamp,,Away,Away,Away,Away,Away,Away,Home,Home,Home,Home,Home,,"26,0.1","9,-6.2","14.3,-1","-0.9,10.3","8.4,-1.4","18.3,10.7","-4,-7.7","-26.2,-0.3","0.2,6.1","4.6,11.2","-6.7,4.1",,,,,,,,,,,,,,,,,,,,,,,,,,AwayPowerplay,True,False,4.0
3,1112,1767187825180,BluelineCrossing,AwayPowerplay,4v5,True,True,AwayTeamZone,"7.2,-5.1",,143575.0,#70 Enzo Corvi,Away,,,,,,,,,,,,,PossessionMaintained,TowardsOpponent,,,,,,,,,,,,,,143575,150983.0,143575.0,153736.0,305976.0,345038.0,322236.0,888057603.0,888057597.0,888057612.0,888057611.0,888057601.0,,#29 Sandro Aeschlimann,#70 Enzo Corvi,#38 Lukas Frick,#93 Yannick Frehner,#19 Adam Tambellini,#55 Calle Andersson,#17 Larry Keenan,#30 Adam Gajan,#9 Jack Musa,#8 Joey Muldowney,#23 Eric Pohlkamp,,Away,Away,Away,Away,Away,Away,Home,Home,Home,Home,Home,,"26,0.1","9,-6.2","14.3,-1","-0.9,10.3","8.4,-1.4","18.3,10.7","-4,-7.7","-26.2,-0.3","0.2,6.1","4.6,11.2","-6.7,4.1",,0.206,7.537,5.029,2.438,7.435,3.211,2.601,0.827,5.428,5.702,1.169,,"0.691,-0.723","-0.971,0.238","0.509,-0.861","-0.005,-1","-0.041,-0.999","0.539,-0.842","-0.558,-0.83","0.969,-0.247","0.22,-0.975","-0.94,-0.342","-0.393,-0.919",,AwayPowerplay,True,False,4.0
3,1112,1767187825500,PuckControl,AwayPowerplay,4v5,True,True,NeutralZone,"5.3,-3.8","4.8,-3.6",143575.0,#70 Enzo Corvi,Away,,,,,,,,,,,,,,,,,,,,,,AwayControl,NeutralZone,NeutralZone,,,,143575,150983.0,143575.0,153736.0,305976.0,345038.0,322236.0,888057603.0,888057597.0,888057612.0,888057611.0,888057601.0,,#29 Sandro Aeschlimann,#70 Enzo Corvi,#38 Lukas Frick,#93 Yannick Frehner,#19 Adam Tambellini,#55 Calle Andersson,#17 Larry Keenan,#30 Adam Gajan,#9 Jack Musa,#8 Joey Muldowney,#23 Eric Pohlkamp,,Away,Away,Away,Away,Away,Away,Home,Home,Home,Home,Home,,"26,0.1","7,-5.1","14.9,-2.4","-1.2,9.6","8.2,-3.8","18.7,9.6","-4.4,-8.2","-26,-0.3","0.6,4.4","3,10.4","-7,3.7",,,,,,,,,,,,,,,,,,,,,,,,,,AwayPowerplay,True,False,4.0
3,1113,1767187825900,Pass,AwayPowerplay,4v5,True,True,NeutralZone,"4.8,-3.5","1.7,-7.9",143575.0,#70 Enzo Corvi,Away,345038.0,#19 Adam Tambellini,Away,,,,,,,,Successful,5.7,,,,,,,,,,,,,,,,"143575,345038",150983.0,143575.0,153736.0,305976.0,345038.0,322236.0,888057603.0,888057597.0,888057612.0,888057611.0,888057601.0,,#29 Sandro Aeschlimann,#70 Enzo Corvi,#38 Lukas Frick,#93 Yannick Frehner,#19 Adam Tambellini,#55 Calle Andersson,#17 Larry Keenan,#30 Adam Gajan,#9 Jack Musa,#8 Joey Muldowney,#23 Eric Pohlkamp,,Away,Away,Away,Away,Away,Away,Home,Home,Home,Home,Home,,"25.9,0","5.2,-3.1","15,-4.1","-2.3,9.4","6.9,-6.6","18.4,8.1","-5,-8.5","-25.6,-0.3","0.8,2.3","1.2,9","-7.6,3",,0.422,6.194,4.612,3.33,7.654,4.143,2.031,0.746,5.391,5.611,2.524,,"-0.757,-0.654","-0.553,0.833","-0.13,-0.991","-1,-0.029","-0.604,-0.797","-0.406,-0.914","-0.992,-0.129","0.989,-0.148","-0.173,-0.985","-0.744,-0.669","-0.825,-0.565",,AwayPowerplay,True,False,4.0
3,1113,1767187825920,PuckControl,AwayPowerplay,4v5,True,True,NeutralZone,"4.8,-3.6","1.7,-7.9",,,,,,,,,,,,,,,,,,,,,,,,,AwayControl,NeutralZone,NeutralZone,,,,,150983.0,143575.0,153736.0,305976.0,345038.0,322236.0,888057603.0,888057597.0,888057612.0,888057611.0,888057601.0,,#29 Sandro Aeschlimann,#70 Enzo Corvi,#38 Lukas Frick,#93 Yannick Frehner,#19 Adam Tambellini,#55 Calle Andersson,#17 Larry Keenan,#30 Adam Gajan,#9 Jack Musa,#8 Joey Muldowney,#23 Eric Pohlkamp,,Away,Away,Away,Away,Away,Away,Home,Home,Home,Home,Home,,"25.9,0","5.1,-3","15,-4.2","-2.4,9.4","6.8,-6.7","18.4,8.1","-5,-8.5","-25.5,-0.3","0.7,2.2","1.1,8.9","-7.6,3",,,,,,,,,,,,,,,,,,,,,,,,,,AwayPowerplay,True,False,4.0
3,1114,1767187826740,PuckControl,AwayPowerplay,4v5,True,True,NeutralZone,"1.7,-7.9","-15,-10.2",345038.0,#19 Adam Tambellini,Away,,,,,,,,,,,,,,,,,,,,,,AwayControl,NeutralZone,AwayTeamZone,,,,345038,150983.0,143575.0,153736.0,305976.0,345038.0,322236.0,888057603.0,888057597.0,888057612.0,888057611.0,888057601.0,,#29 Sandro Aeschlimann,#70 Enzo Corvi,#38 Lukas Frick,#93 Yannick Frehner,#19 Adam Tambellini,#55 Calle Andersson,#17 Larry Keenan,#30 Adam Gajan,#9 Jack Musa,#8 Joey Muldowney,#23 Eric Pohlkamp,,Away,Away,Away,Away,Away,Away,Home,Home,Home,Home,Home,,"26,0.1","2.6,1.9","12.8,-7.3","-5.4,9.2","1.3,-9.8","15.4,5.4","-7.1,-8.8","-25.2,-0.4","-1.8,-2","-1.8,5.9","-10,1.5",,,,,,,,,,,,,,,,,,,,,,,,,,AwayPowerplay,True,False,4.0
3,1115,1767187827760,BluelineCrossing,AwayPowerplay,4v5,True,True,NeutralZone,"-7.1,-12.6",,345038.0,#19 Adam Tambellini,Away,,,,,,,,,,,,,PossessionLost,TowardsOpponent,"305976,345038","888057603,888057612,888057611,888057601",,,,,,,,,,,,"345038,305976,888057603,888057612,888057611,888057601",150983.0,143575.0,153736.0,305976.0,345038.0,322236.0,888057603.0,888057597.0,888057612.0,888057611.0,888057601.0,,#29 Sandro Aeschlimann,#70 Enzo Corvi,#38 Lukas Frick,#93 Yannick Frehner,#19 Adam Tambellini,#55 Calle Andersson,#17 Larry Keenan,#30 Adam Gajan,#9 Jack Musa,#8 Joey Muldowney,#23 Eric Pohlkamp,,Away,Away,Away,Away,Away,Away,Home,Home,Home,Home,Home,,"26.2,0.2","-1.8,7.3","8.6,-8.9","-8.1,5.9","-6.9,-12.2","9.6,4.6","-10.1,-10.9","-25.2,-0.8","-6.5,-7.5","-6.6,4.3","-13.1,-0.1",,0.505,6.5,5.737,4.897,7.494,5.464,4.182,0.597,7.258,4.838,3.299,,"0.799,0.601","-0.829,0.559","-0.964,-0.266","-0.535,-0.845","-0.98,-0.198","-0.999,0.047","-0.766,-0.642","-0.636,-0.771","-0.826,-0.563","-0.998,0.07","-0.984,-0.177",,AwayPowerplay,True,False,4.0
3,1116,1767187828760,PuckControl,AwayPowerplay,4v5,True,True,HomeTeamZone,"-15,-10.2","-29.9,-4.2",,,,,,,,,,,,,,,,,,,,,,,,,Contested,AwayTeamZone,AwayTeamZone,"888057603,888057612,888057601,345038",,,,150983.0,143575.0,153736.0,305976.0,345038.0,322236.0,888057603.0,888057597.0,888057612.0,888057611.0,888057601.0,,#29 Sandro Aeschlimann,#70 Enzo Corvi,#38 Lukas Frick,#93 Yannick Frehner,#19 Adam Tambellini,#55 Calle Andersson,#17 Larry Keenan,#30 Adam Gajan,#9 Jack Musa,#8 Joey Muldowney,#23 Eric Pohlkamp,,Away,Away,Away,Away,Away,Away,Home,Home,Home,Home,Home,,"26.1,0.1","-7.7,8.9","3.8,-9.3","-11.3,1.8","-13.8,-11.2","4.2,4.6","-14.4,-11.8","-25.4,-0.9","-13.1,-9.4","-11.4,5.5","-17,-0.7",,,,,,,,,,,,,,,,,,,,,,,,,,AwayPowerplay,True,False,4.0
3,1118,1767187831280,PuckControl,AwayPowerplay,4v5,True,True,HomeTeamZone,"-29.9,-4.2","-28.1,-12",888057601.0,#23 Eric Pohlkamp,Home,,,,,,,,,,,,,,,,,,,,,,HomeControl,AwayTeamZone,AwayTeamZone,,,,888057601,150983.0,143575.0,153736.0,305976.0,345038.0,322236.0,888057603.0,888057597.0,888057612.0,888057611.0,888057601.0,,#29 Sandro Aeschlimann,#70 Enzo Corvi,#38 Lukas Frick,#93 Yannick Frehner,#19 Adam Tambellini,#55 Calle Andersson,#17 Larry Keenan,#30 Adam Gajan,#9 Jack Musa,#8 Joey Muldowney,#23 Eric Pohlkamp,,Away,Away,Away,Away,Away,Away,Home,Home,Home,Home,Home,,"26,0.1","-15,-3.1","-8.5,-9.1","-24.1,-7","-27.1,-4","-9.6,4.4","-24.9,-5.4","-26.2,-0.4","-26.4,-5.3","-22.1,2.1","-28.1,-4.5",,,,,,,,,,,,,,,,,,,,,,,,,,AwayPowerplay,True,False,4.0
3,1120,1767187833080,PuckControl,AwayPowerplay,4v5,True,True,HomeTeamZone,"-28.1,-12","-27.5,-12.9",305976.0,#93 Yannick Frehner,Away,,,,,,,,,,,,,,,,,,,,,,AwayControl,AwayTeamZone,AwayTeamZone,,,,305976,150983.0,143575.0,153736.0,305976.0,345038.0,322236.0,888057603.0,888057597.0,888057612.0,888057611.0,888057601.0,,#29 Sandro Aeschlimann,#70 Enzo Corvi,#38 Lukas Frick,#93 Yannick Frehner,#19 Adam Tambellini,#55 Calle Andersson,#17 Larry Keenan,#30 Adam Gajan,#9 Jack Musa,#8 Joey Muldowney,#23 Eric Pohlkamp,,Away,Away,Away,Away,Away,Away,Home,Home,Home,Home,Home,,"26.2,0.3","-22.6,-10","-11.7,-12.1","-28,-9.9","-23.4,4.7","-12.2,-0.6","-26.9,-4.7","-26,-0.5","-25.7,2.1","-21.8,-1.6","-29.5,-8.3",,,,,,,,,,,,,,,,,,,,,,,,,,AwayPowerplay,True,False,4.0
3,1120,1767187833560,Pass,AwayPowerplay,4v5,True,True,HomeTeamZone,"-27.6,-12.9","-8.5,-14.1",305976.0,#93 Yannick Frehner,Away,153736.0,#38 Lukas Frick,Away,,,,,,,,Successful,21.0,,,,,,,,,,,,,,,,"305976,153736",150983.0,143575.0,153736.0,305976.0,345038.0,322236.0,888057603.0,888057597.0,888057612.0,888057611.0,888057601.0,,#29 Sandro Aeschlimann,#70 Enzo Corvi,#38 Lukas Frick,#93 Yannick Frehner,#19 Adam Tambellini,#55 Calle Andersson,#17 Larry Keenan,#30 Adam Gajan,#9 Jack Musa,#8 Joey Muldowney,#23 Eric Pohlkamp,,Away,Away,Away,Away,Away,Away,Home,Home,Home,Home,Home,,"26.1,0.3","-24.6,-11","-11.1,-13","-26.9,-11.3","-20.5,4.5","-11.2,-1.7","-26.4,-5","-26,-0.6","-23.5,3","-20.2,-3.2","-28.2,-9.1",,0.138,4.293,2.103,3.94,5.709,2.922,1.24,0.055,4.936,4.749,3.59,,"0.375,-0.927","-0.943,-0.333","0.735,-0.678","0.754,-0.657","0.949,-0.317","0.981,-0.196","0.981,-0.192","-0.935,-0.356","0.973,0.232","0.719,-0.695","0.872,-0.49",,AwayPowerplay,True,False,4.0
3,1120,1767187833580,PuckControl,AwayPowerplay,4v5,True,True,HomeTeamZone,"-27.5,-12.9","-8.5,-14.1",,,,,,,,,,,,,,,,,,,,,,,,,AwayControl,AwayTeamZone,AwayTeamZone,,,,,150983.0,143575.0,153736.0,305976.0,345038.0,322236.0,888057603.0,888057597.0,888057612.0,888057611.0,888057601.0,,#29 Sandro Aeschlimann,#70 Enzo Corvi,#38 Lukas Frick,#93 Yannick Frehner,#19 Adam Tambellini,#55 Calle Andersson,#17 Larry Keenan,#30 Adam Gajan,#9 Jack Musa,#8 Joey Muldowney,#23 Eric Pohlkamp,,Away,Away,Away,Away,Away,Away,Home,Home,Home,Home,Home,,"26.1,0.3","-24.7,-11.1","-11.1,-13.1","-26.9,-11.4","-20.4,4.5","-11.1,-1.7","-26.4,-5","-26,-0.6","-23.4,3.1","-20.1,-3.2","-28.2,-9.1",,,,,,,,,,,,,,,,,,,,,,,,,,AwayPowerplay,True,False,4.0
3,1121,1767187834580,PuckControl,AwayPowerplay,4v5,True,True,HomeTeamZone,"-8.5,-14.1","-8.7,-14.6",153736.0,#38 Lukas Frick,Away,,,,,,,,,,,,,,,,,,,,,,AwayControl,AwayTeamZone,AwayTeamZone,,,,153736,150983.0,143575.0,153736.0,305976.0,345038.0,322236.0,888057603.0,888057597.0,888057612.0,888057611.0,888057601.0,,#29 Sandro Aeschlimann,#70 Enzo Corvi,#38 Lukas Frick,#93 Yannick Frehner,#19 Adam Tambellini,#55 Calle Andersson,#17 Larry Keenan,#30 Adam Gajan,#9 Jack Musa,#8 Joey Muldowney,#23 Eric Pohlkamp,,Away,Away,Away,Away,Away,Away,Home,Home,Home,Home,Home,,"26.3,0.3","-27.6,-11.2","-9.3,-13.4","-23.5,-11.7","-16.2,1.5","-8.7,0.7","-24.6,-4.2","-25.9,-0.6","-19.4,2.2","-16,-7.1","-24.4,-10",,,,,,,,,,,,,,,,,,,,,,,,,,AwayPowerplay,True,False,4.0
3,1122,1767187835200,Pass,AwayPowerplay,4v5,True,True,HomeTeamZone,"-8.7,-14.7","-26.2,-11.8",153736.0,#38 Lukas Frick,Away,143575.0,#70 Enzo Corvi,Away,,,,,,,,Successful,21.9,,,,,,,,,,,,,,,,"153736,143575",150983.0,143575.0,153736.0,305976.0,345038.0,322236.0,888057603.0,888057597.0,888057612.0,888057611.0,888057601.0,,#29 Sandro Aeschlimann,#70 Enzo Corvi,#38 Lukas Frick,#93 Yannick Frehner,#19 Adam Tambellini,#55 Calle Andersson,#17 Larry Keenan,#30 Adam Gajan,#9 Jack Musa,#8 Joey Muldowney,#23 Eric Pohlkamp,,Away,Away,Away,Away,Away,Away,Home,Home,Home,Home,Home,,"26.4,0.3","-28.3,-11.1","-8.7,-13.6","-21.2,-9.9","-13.9,-1.1","-8.1,3.4","-23.5,-3.1","-25.5,-0.5","-17.7,1.7","-13.5,-9.5","-22.1,-8.8",,0.04,0.392,0.729,5.011,6.336,4.282,2.644,0.149,2.283,5.105,4.072,,"0.9,0.435","-0.668,-0.744","0.631,-0.775","0.733,0.681","0.501,-0.866","0.106,0.994","0.563,0.826","0.952,0.307","0.992,0.123","0.714,-0.7","0.74,0.673",,AwayPowerplay,True,False,4.0
3,1122,1767187835220,PuckControl,AwayPowerplay,4v5,True,True,HomeTeamZone,"-8.7,-14.6","-26.2,-11.8",,,,,,,,,,,,,,,,,,,,,,,,,AwayControl,AwayTeamZone,AwayTeamZone,,,,,150983.0,143575.0,153736.0,305976.0,345038.0,322236.0,888057603.0,888057597.0,888057612.0,888057611.0,888057601.0,,#29 Sandro Aeschlimann,#70 Enzo Corvi,#38 Lukas Frick,#93 Yannick Frehner,#19 Adam Tambellini,#55 Calle Andersson,#17 Larry Keenan,#30 Adam Gajan,#9 Jack Musa,#8 Joey Muldowney,#23 Eric Pohlkamp,,Away,Away,Away,Away,Away,Away,Home,Home,Home,Home,Home,,"26.4,0.3","-28.3,-11.1","-8.7,-13.6","-21.1,-9.8","-13.9,-1.3","-8.1,3.5","-23.5,-3","-25.5,-0.5","-17.6,1.7","-13.5,-9.6","-22.1,-8.8",,,,,,,,,,,,,,,,,,,,,,,,,,AwayPowerplay,True,False,4.0
3,1123,1767187836120,PuckControl,AwayPowerplay,4v5,True,True,HomeTeamZone,"-26.2,-11.8","-20.9,-13",143575.0,#70 Enzo Corvi,Away,,,,,,,,,,,,,,,,,,,,,,AwayControl,AwayTeamZone,AwayTeamZone,,,,143575,150983.0,143575.0,153736.0,305976.0,345038.0,322236.0,888057603.0,888057597.0,888057612.0,888057611.0,888057601.0,,#29 Sandro Aeschlimann,#70 Enzo Corvi,#38 Lukas Frick,#93 Yannick Frehner,#19 Adam Tambellini,#55 Calle Andersson,#17 Larry Keenan,#30 Adam Gajan,#9 Jack Musa,#8 Joey Muldowney,#23 Eric Pohlkamp,,Away,Away,Away,Away,Away,Away,Home,Home,Home,Home,Home,,"26.2,0.3","-27.2,-11.5","-8.3,-13.4","-18.4,-6.6","-13.4,-7","-8.7,7.1","-23,-1.6","-25.8,-0.6","-16.9,2.3","-11.1,-11.5","-20.9,-6",,,,,,,,,,,,,,,,,,,,,,,,,,AwayPowerplay,True,False,4.0
3,1125,1767187837840,Pass,AwayPowerplay,4v5,True,True,HomeTeamZone,"-20.9,-13","-11.3,6.7",143575.0,#70 Enzo Corvi,Away,322236.0,#55 Calle Andersson,Away,,,,,,,,Successful,27.2,,,,,,,,,,,,,,,,"143575,322236",150983.0,143575.0,153736.0,305976.0,345038.0,322236.0,888057603.0,888057597.0,888057612.0,888057611.0,888057601.0,,#29 Sandro Aeschlimann,#70 Enzo Corvi,#38 Lukas Frick,#93 Yannick Frehner,#19 Adam Tambellini,#55 Calle Andersson,#17 Larry Keenan,#30 Adam Gajan,#9 Jack Musa,#8 Joey Muldowney,#23 Eric Pohlkamp,,Away,Away,Away,Away,Away,Away,Home,Home,Home,Home,Home,,"26,0.1","-22.1,-12.7","-7.8,-11.7","-18.1,-2.6","-18,-6.5","-9.9,8.3","-22.1,-0.8","-25.9,-0.7","-18.9,2.4","-13.4,-8.1","-20.7,-6.2",,0.262,3.332,1.375,0.778,3.993,1.989,0.671,0.4,0.349,3.123,0.513,,"0.027,1","0.995,0.104","-0.144,0.99","0.989,-0.151","0.104,0.995","0.112,-0.994","0.993,0.114","-0.082,-0.997","-0.239,-0.971","-0.697,0.717","0.733,-0.681",,AwayPowerplay,True,False,4.0
3,1125,1767187837860,PuckControl,AwayPowerplay,4v5,True,True,HomeTeamZone,"-20.9,-13","-11.3,6.7",,,,,,,,,,,,,,,,,,,,,,,,,AwayControl,AwayTeamZone,AwayTeamZone,,,,,150983.0,143575.0,153736.0,305976.0,345038.0,322236.0,888057603.0,888057597.0,888057612.0,888057611.0,888057601.0,,#29 Sandro Aeschlimann,#70 Enzo Corvi,#38 Lukas Frick,#93 Yannick Frehner,#19 Adam Tambellini,#55 Calle Andersson,#17 Larry Keenan,#30 Adam Gajan,#9 Jack Musa,#8 Joey Muldowney,#23 Eric Pohlkamp,,Away,Away,Away,Away,Away,Away,Home,Home,Home,Home,Home,,"26,0.1","-22,-12.7","-7.9,-11.6","-18.1,-2.6","-18,-6.4","-9.9,8.3","-22.1,-0.8","-25.9,-0.7","-18.9,2.4","-13.5,-8","-20.7,-6.2",,,,,,,,,,,,,,,,,,,,,,,,,,AwayPowerplay,True,False,4.0
3,1126,1767187838880,PuckControl,AwayPowerplay,4v5,True,True,HomeTeamZone,"-11.3,6.7","-10.7,11",322236.0,#55 Calle Andersson,Away,,,,,,,,,,,,,,,,,,,,,,AwayControl,AwayTeamZone,AwayTeamZone,,,,322236,150983.0,143575.0,153736.0,305976.0,345038.0,322236.0,888057603.0,888057597.0,888057612.0,888057611.0,888057601.0,,#29 Sandro Aeschlimann,#70 Enzo Corvi,#38 Lukas Frick,#93 Yannick Frehner,#19 Adam Tambellini,#55 Calle Andersson,#17 Larry Keenan,#30 Adam Gajan,#9 Jack Musa,#8 Joey Muldowney,#23 Eric Pohlkamp,,Away,Away,Away,Away,Away,Away,Home,Home,Home,Home,Home,,"26,0","-20.5,-10.7","-7.7,-9.4","-18.4,-1.6","-16.9,-3.2","-10.3,6.6","-22.1,-1","-25.4,-0.2","-17.6,3","-14.8,-5.7","-20.5,-5.9",,,,,,,,,,,,,,,,,,,,,,,,,,AwayPowerplay,True,False,4.0
3,1127,1767187840340,Pass,AwayPowerplay,4v5,True,True,HomeTeamZone,"-10.7,11.1","-15.2,6.6",322236.0,#55 Calle Andersson,Away,,,,,,,,,,,Failed,12.0,,,,,,,,,,,,,,,,322236,150983.0,143575.0,153736.0,305976.0,345038.0,322236.0,888057603.0,888057597.0,888057612.0,888057611.0,888057601.0,,#29 Sandro Aeschlimann,#70 Enzo Corvi,#38 Lukas Frick,#93 Yannick Frehner,#19 Adam Tambellini,#55 Calle Andersson,#17 Larry Keenan,#30 Adam Gajan,#9 Jack Musa,#8 Joey Muldowney,#23 Eric Pohlkamp,,Away,Away,Away,Away,Away,Away,Home,Home,Home,Home,Home,,"25.7,0.1","-23.4,-6.9","-7.7,-5.8","-21.6,2","-15.5,2.6","-10.8,9.6","-21.9,0.9","-25.3,0.6","-13.7,8.7","-14.3,-2.4","-20.8,-3.3",,0.216,3.191,2.378,3.322,4.135,4.331,1.88,0.218,5.128,2.552,2.095,,"0.196,0.981","-0.757,0.653","0.162,0.987","-0.669,0.743","0.395,0.919","0.439,0.898","-0.362,0.932","-0.454,-0.891","0.441,0.897","0.153,0.988","-0.132,0.991",,AwayPowerplay,True,False,4.0
3,1127,1767187840360,PuckControl,AwayPowerplay,4v5,True,True,HomeTeamZone,"-10.7,11","-15.2,6.6",,,,,,,,,,,,,,,,,,,,,,,,,Loose,AwayTeamZone,AwayTeamZone,,,,,150983.0,143575.0,153736.0,305976.0,345038.0,322236.0,888057603.0,888057597.0,888057612.0,888057611.0,888057601.0,,#29 Sandro Aeschlimann,#70 Enzo Corvi,#38 Lukas Frick,#93 Yannick Frehner,#19 Adam Tambellini,#55 Calle Andersson,#17 Larry Keenan,#30 Adam Gajan,#9 Jack Musa,#8 Joey Muldowney,#23 Eric Pohlkamp,,Away,Away,Away,Away,Away,Away,Home,Home,Home,Home,Home,,"25.7,0.1","-23.4,-6.9","-7.7,-5.7","-21.7,2.1","-15.5,2.7","-10.8,9.7","-21.9,0.9","-25.3,0.6","-13.6,8.8","-14.3,-2.4","-20.8,-3.2",,,,,,,,,,,,,,,,,,,,,,,,,,AwayPowerplay,True,False,4.0
3,1128,1767187840980,PuckControl,AwayPowerplay,4v5,True,True,HomeTeamZone,"-15.2,6.6","-16.2,5.7",345038.0,#19 Adam Tambellini,Away,,,,,,,,,,,,,,,,,,,,,,AwayControl,AwayTeamZone,AwayTeamZone,,,,345038,150983.0,143575.0,153736.0,305976.0,345038.0,322236.0,888057603.0,888057597.0,888057612.0,888057611.0,888057601.0,,#29 Sandro Aeschlimann,#70 Enzo Corvi,#38 Lukas Frick,#93 Yannick Frehner,#19 Adam Tambellini,#55 Calle Andersson,#17 Larry Keenan,#30 Adam Gajan,#9 Jack Musa,#8 Joey Muldowney,#23 Eric Pohlkamp,,Away,Away,Away,Away,Away,Away,Home,Home,Home,Home,Home,,"25.8,0.1","-24.8,-5.6","-7.6,-4.2","-23.3,3","-14.9,5","-9.3,11.8","-22.4,2","-25.3,0.3","-13,11.3","-14.2,-0.5","-20.9,-1.4",,,,,,,,,,,,,,,,,,,,,,,,,,AwayPowerplay,True,False,4.0
3,1128,1767187841140,PuckControl,AwayPowerplay,4v5,True,True,HomeTeamZone,"-16.2,5.7","-18.8,3.9",,,,,,,,,,,,,,,,,,,,,,,,,Loose,AwayTeamZone,AwayTeamZone,,,,,150983.0,143575.0,153736.0,305976.0,345038.0,322236.0,888057603.0,888057597.0,888057612.0,888057611.0,888057601.0,,#29 Sandro Aeschlimann,#70 Enzo Corvi,#38 Lukas Frick,#93 Yannick Frehner,#19 Adam Tambellini,#55 Calle Andersson,#17 Larry Keenan,#30 Adam Gajan,#9 Jack Musa,#8 Joey Muldowney,#23 Eric Pohlkamp,,Away,Away,Away,Away,Away,Away,Home,Home,Home,Home,Home,,"25.9,0","-25,-5.3","-7.5,-3.8","-23.6,3.2","-14.9,5.5","-8.9,12.2","-22.4,2.5","-25.2,0.2","-13.2,11.7","-14.4,-0.1","-20.8,-0.7",,,,,,,,,,,,,,,,,,,,,,,,,,AwayPowerplay,True,False,4.0
3,1129,1767187841860,PuckControl,AwayPowerplay,4v5,True,True,HomeTeamZone,"-18.8,3.9","-2.7,1.6",888057601.0,#23 Eric Pohlkamp,Home,,,,,,,,,,,,,,,,,,,,,,HomeControl,AwayTeamZone,NeutralZone,,,,888057601,150983.0,143575.0,153736.0,305976.0,345038.0,322236.0,888057603.0,888057597.0,888057612.0,888057611.0,888057601.0,,#29 Sandro Aeschlimann,#70 Enzo Corvi,#38 Lukas Frick,#93 Yannick Frehner,#19 Adam Tambellini,#55 Calle Andersson,#17 Larry Keenan,#30 Adam Gajan,#9 Jack Musa,#8 Joey Muldowney,#23 Eric Pohlkamp,,Away,Away,Away,Away,Away,Away,Home,Home,Home,Home,Home,,"26.2,-0.1","-24.3,-4.2","-8,-2.1","-23.5,3.6","-16.2,6.6","-7.4,12.6","-21.2,4.1","-25.1,0.3","-15,11.7","-15.9,0.8","-19.5,1.9",,,,,,,,,,,,,,,,,,,,,,,,,,AwayPowerplay,True,False,4.0
3,1131,1767187843880,BluelineCrossing,AwayPowerplay,4v5,True,True,NeutralZone,"-7.1,2",,888057601.0,#23 Eric Pohlkamp,Home,,,,,,,,,,,,,PuckDumpedIn,TowardsOpponent,,,,,,,,,,,,,,888057601,150983.0,143575.0,153736.0,305976.0,345038.0,322236.0,888057603.0,888057597.0,888057612.0,888057611.0,888057601.0,,#29 Sandro Aeschlimann,#70 Enzo Corvi,#38 Lukas Frick,#93 Yannick Frehner,#19 Adam Tambellini,#55 Calle Andersson,#17 Larry Keenan,#30 Adam Gajan,#9 Jack Musa,#8 Joey Muldowney,#23 Eric Pohlkamp,,Away,Away,Away,Away,Away,Away,Home,Home,Home,Home,Home,,"24.9,0.1","-16.9,-4.2","-1.8,-0.2","-13.8,3.4","-11,3.4","-2,5.8","-14.7,4.2","-26.3,-0.3","-9.8,6.1","-9.9,-5.1","-7.8,2.3",,0.879,4.978,4.485,5.958,6.074,5.436,4.094,0.382,6.358,6.423,6.56,,"-0.92,-0.393","0.994,0.105","0.846,-0.534","0.997,-0.079","0.997,-0.075","0.869,-0.495","0.991,-0.136","-0.97,-0.243","0.973,-0.231","0.966,-0.258","1,0.027",,AwayPowerplay,True,False,4.0
3,1131,1767187844420,Dump,AwayPowerplay,4v5,True,True,NeutralZone,"-2.9,1.6","15.2,-11.6",888057601.0,#23 Eric Pohlkamp,Home,888057611.0,#8 Joey Muldowney,Home,,,,,,,,,,,,,,Unknown,DumpIn,False,,,,,,,,,"888057601,888057611",150983.0,143575.0,153736.0,305976.0,345038.0,322236.0,888057603.0,888057597.0,888057612.0,888057611.0,888057601.0,,#29 Sandro Aeschlimann,#70 Enzo Corvi,#38 Lukas Frick,#93 Yannick Frehner,#19 Adam Tambellini,#55 Calle Andersson,#17 Larry Keenan,#30 Adam Gajan,#9 Jack Musa,#8 Joey Muldowney,#23 Eric Pohlkamp,,Away,Away,Away,Away,Away,Away,Home,Home,Home,Home,Home,,"24.8,0","-14,-3.9","0.7,-1.3","-10.4,3.1","-7.8,3.5","0.9,4.7","-12.4,3.7","-26.3,-0.2","-6.3,5.6","-6.1,-5.8","-4.2,2.6",,0.506,5.428,6.07,6.559,6.493,6.804,4.58,0.326,6.537,7.601,7.008,,"0.964,0.267","0.987,0.16","0.981,-0.196","1,-0.025","0.997,0.072","0.966,-0.258","0.967,-0.255","0.683,0.73","0.998,-0.055","0.992,-0.13","0.993,0.122",,AwayPowerplay,True,False,4.0
3,1131,1767187844440,PuckControl,AwayPowerplay,4v5,True,True,NeutralZone,"-2.7,1.6","26.1,-6.7",,,,,,,,,,,,,,,,,,,,,,,,,Loose,NeutralZone,HomeTeamZone,,,,,150983.0,143575.0,153736.0,305976.0,345038.0,322236.0,888057603.0,888057597.0,888057612.0,888057611.0,888057601.0,,#29 Sandro Aeschlimann,#70 Enzo Corvi,#38 Lukas Frick,#93 Yannick Frehner,#19 Adam Tambellini,#55 Calle Andersson,#17 Larry Keenan,#30 Adam Gajan,#9 Jack Musa,#8 Joey Muldowney,#23 Eric Pohlkamp,,Away,Away,Away,Away,Away,Away,Home,Home,Home,Home,Home,,"24.8,0","-13.9,-3.9","0.8,-1.3","-10.3,3.1","-7.7,3.5","1.1,4.7","-12.3,3.7","-26.3,-0.2","-6.1,5.6","-6,-5.8","-4,2.6",,,,,,,,,,,,,,,,,,,,,,,,,,AwayPowerplay,True,False,4.0
3,1133,1767187845640,BluelineCrossing,AwayPowerplay,4v5,True,True,AwayTeamZone,"7.2,-6.6",,888057601.0,#23 Eric Pohlkamp,Home,,,,,,,,,,,,,PossessionMaintained,TowardsOpponent,"888057612,888057611,888057601","153736,322236",,,,,,,,,,,,"888057601,888057612,888057611,153736,322236",150983.0,143575.0,153736.0,305976.0,345038.0,322236.0,888057603.0,888057597.0,888057612.0,888057611.0,888057601.0,,#29 Sandro Aeschlimann,#70 Enzo Corvi,#38 Lukas Frick,#93 Yannick Frehner,#19 Adam Tambellini,#55 Calle Andersson,#17 Larry Keenan,#30 Adam Gajan,#9 Jack Musa,#8 Joey Muldowney,#23 Eric Pohlkamp,,Away,Away,Away,Away,Away,Away,Home,Home,Home,Home,Home,,"24.7,-0.2","-7.6,-1.9","7.6,-3.6","-2.7,3.4","1.2,3.8","9.1,2.9","-6.9,4","-26.2,-0.3","2.5,7","3.6,-7.4","4.2,4.5",,0.375,5.446,6.346,6.064,7.279,7.058,4.472,0.357,7.825,8.391,7.458,,"0.859,-0.512","0.913,0.408","0.888,-0.461","0.998,0.057","1,0.03","0.975,-0.224","0.986,0.169","0.13,-0.991","0.997,0.079","0.974,-0.225","0.956,0.294",,AwayPowerplay,True,False,4.0
3,1135,1767187848440,PuckControl,AwayPowerplay,4v5,True,True,AwayTeamZone,"26.1,-6.7","29.9,-3.6",,,,,,,,,,,,,,,,,,,,,,,,,Contested,HomeTeamZone,HomeTeamZone,"888057611,153736,322236",,,,150983.0,143575.0,153736.0,305976.0,345038.0,322236.0,888057603.0,888057597.0,888057612.0,888057611.0,888057601.0,,#29 Sandro Aeschlimann,#70 Enzo Corvi,#38 Lukas Frick,#93 Yannick Frehner,#19 Adam Tambellini,#55 Calle Andersson,#17 Larry Keenan,#30 Adam Gajan,#9 Jack Musa,#8 Joey Muldowney,#23 Eric Pohlkamp,,Away,Away,Away,Away,Away,Away,Home,Home,Home,Home,Home,,"26.5,-0.5","5,6.2","24.2,-5.8","15.1,0.9","20.2,0.9","24.9,-2.1","6.6,5.4","-26.3,-0.1","17.6,-2","25.7,-6.9","22,4.3",,,,,,,,,,,,,,,,,,,,,,,,,,AwayPowerplay,True,False,4.0
3,1136,1767187849440,PuckControl,AwayPowerplay,4v5,True,True,AwayTeamZone,"29.9,-3.6","26.5,-2.6",,,,,,,,,,,,,,,,,,,,,,,,,Loose,HomeTeamZone,HomeTeamZone,,,,,150983.0,143575.0,153736.0,305976.0,345038.0,322236.0,888057603.0,888057597.0,888057612.0,888057611.0,888057601.0,,#29 Sandro Aeschlimann,#70 Enzo Corvi,#38 Lukas Frick,#93 Yannick Frehner,#19 Adam Tambellini,#55 Calle Andersson,#17 Larry Keenan,#30 Adam Gajan,#9 Jack Musa,#8 Joey Muldowney,#23 Eric Pohlkamp,,Away,Away,Away,Away,Away,Away,Home,Home,Home,Home,Home,,"26.2,-0.3","9.8,5.1","28.6,-1.8","20.4,1.2","23.9,-0.1","28.6,-1.6","11,4.8","-26.5,-0.6","22.8,-3.1","28.8,-3.5","25.5,3.4",,,,,,,,,,,,,,,,,,,,,,,,,,AwayPowerplay,True,False,4.0
3,1137,1767187850140,PuckControl,AwayPowerplay,4v5,True,True,AwayTeamZone,"26.5,-2.6","25.5,-6.8",345038.0,#19 Adam Tambellini,Away,,,,,,,,,,,,,,,,,,,,,,AwayControl,HomeTeamZone,HomeTeamZone,,,,345038,150983.0,143575.0,153736.0,305976.0,345038.0,322236.0,888057603.0,888057597.0,888057612.0,888057611.0,888057601.0,,#29 Sandro Aeschlimann,#70 Enzo Corvi,#38 Lukas Frick,#93 Yannick Frehner,#19 Adam Tambellini,#55 Calle Andersson,#17 Larry Keenan,#30 Adam Gajan,#9 Jack Musa,#8 Joey Muldowney,#23 Eric Pohlkamp,,Away,Away,Away,Away,Away,Away,Home,Home,Home,Home,Home,,"26.2,-0.3","12,2.5","29.7,-0.5","23.1,1.6","25.6,-1.1","28.6,0.7","12.9,2.5","-26.4,-0.2","25.3,-4.6","29,-3.4","26.8,4.3",,,,,,,,,,,,,,,,,,,,,,,,,,AwayPowerplay,True,False,4.0
3,1138,1767187851220,PuckControl,AwayPowerplay,4v5,True,True,AwayTeamZone,"25.5,-6.8","29.5,-7.5",,,,,,,,,,,,,,,,,,,,,,,,,Loose,HomeTeamZone,HomeTeamZone,,,,,150983.0,143575.0,153736.0,305976.0,345038.0,322236.0,888057603.0,888057597.0,888057612.0,888057611.0,888057601.0,,#29 Sandro Aeschlimann,#70 Enzo Corvi,#38 Lukas Frick,#93 Yannick Frehner,#19 Adam Tambellini,#55 Calle Andersson,#17 Larry Keenan,#30 Adam Gajan,#9 Jack Musa,#8 Joey Muldowney,#23 Eric Pohlkamp,,Away,Away,Away,Away,Away,Away,Home,Home,Home,Home,Home,,"26,0.1","13.7,-3.2","28,-0.1","23.6,0.2","26.3,-4.4","25.2,1.9","13,0.5","-26.3,-0.1","24.1,-7","27.5,-4.9","24.6,6.1",,,,,,,,,,,,,,,,,,,,,,,,,,AwayPowerplay,True,False,4.0
3,1143,1767187854660,PuckControl,AwayPowerplay,4v5,True,True,AwayTeamZone,"29.5,-7.5","28,2.4",153736.0,#38 Lukas Frick,Away,,,,,,,,,,,,,,,,,,,,,,AwayControl,HomeTeamZone,HomeTeamZone,,,,153736,150983.0,143575.0,153736.0,305976.0,345038.0,322236.0,888057603.0,888057597.0,888057612.0,888057611.0,888057601.0,,#29 Sandro Aeschlimann,#70 Enzo Corvi,#38 Lukas Frick,#93 Yannick Frehner,#19 Adam Tambellini,#55 Calle Andersson,#17 Larry Keenan,#30 Adam Gajan,#9 Jack Musa,#8 Joey Muldowney,#23 Eric Pohlkamp,,Away,Away,Away,Away,Away,Away,Home,Home,Home,Home,Home,,"26.4,-0.2","18.4,-13.1","27.5,-6.7","18.1,0.7","20.2,-11.2","24.7,0.6","11.6,-8.6","-26.4,-0.3","9.2,4.4","20,-12.9","12,5.7",,,,,,,,,,,,,,,,,,,,,,,,,,AwayPowerplay,True,False,4.0
3,1146,1767187858380,PuckControl,AwayPowerplay,4v5,True,True,AwayTeamZone,"28,2.4","26.2,2.2",,,,,,,,,,,,,,,,,,,,,,,,,Loose,HomeTeamZone,HomeTeamZone,,,,,150983.0,143575.0,153736.0,345038.0,322236.0,888057603.0,888057597.0,888057611.0,888057619.0,888057601.0,340162.0,,#29 Sandro Aeschlimann,#70 Enzo Corvi,#38 Lukas Frick,#19 Adam Tambellini,#55 Calle Andersson,#17 Larry Keenan,#30 Adam Gajan,#8 Joey Muldowney,#6 Martins Lavins,#23 Eric Pohlkamp,#6 Klas Dahlbeck,,Away,Away,Away,Away,Away,Home,Home,Home,Home,Home,Away,,"26.4,0","18.1,-2.4","29,1.4","11.3,-1.7","21.8,9","5,-1.3","-26.1,-0.1","8.4,1.9","-0.5,12.2","1.5,-0.2","11.6,14.9",,,,,,,,,,,,,,,,,,,,,,,,,,AwayPowerplay,True,False,4.0
3,1148,1767187860280,PuckControl,AwayPowerplay,4v5,True,True,AwayTeamZone,"26.2,2.2","27.9,2.1",150983.0,#29 Sandro Aeschlimann,Away,,,,,,,,,,,,,,,,,,,,,,AwayControl,HomeTeamZone,HomeTeamZone,,,,150983,150983.0,143575.0,340162.0,153736.0,888057861.0,345038.0,888057603.0,888057597.0,888057611.0,888057619.0,888057601.0,,#29 Sandro Aeschlimann,#70 Enzo Corvi,#6 Klas Dahlbeck,#38 Lukas Frick,#47 Leonid Komarov,#19 Adam Tambellini,#17 Larry Keenan,#30 Adam Gajan,#8 Joey Muldowney,#6 Martins Lavins,#23 Eric Pohlkamp,,Away,Away,Away,Away,Away,Away,Home,Home,Home,Home,Home,,"26.4,0","13.2,5.3","15.9,10.5","29.8,1.1","8.4,11.8","8,7.9","0.7,3.3","-25.8,-0.2","1,9.7","4.8,8.1","-2.3,-6",,,,,,,,,,,,,,,,,,,,,,,,,,AwayPowerplay,True,False,4.0
3,1149,1767187860900,PuckControl,AwayPowerplay,4v5,True,True,AwayTeamZone,"27.9,2.1","21,-3.1",153736.0,#38 Lukas Frick,Away,,,,,,,,,,,,,,,,,,,,,,AwayControl,HomeTeamZone,HomeTeamZone,,,,153736,150983.0,143575.0,340162.0,153736.0,888057861.0,154648.0,888057603.0,888057597.0,888057619.0,888057601.0,888057611.0,,#29 Sandro Aeschlimann,#70 Enzo Corvi,#6 Klas Dahlbeck,#38 Lukas Frick,#47 Leonid Komarov,#96 Chris Egli,#17 Larry Keenan,#30 Adam Gajan,#6 Martins Lavins,#23 Eric Pohlkamp,#8 Joey Muldowney,,Away,Away,Away,Away,Away,Away,Home,Home,Home,Home,Home,,"26.1,0.5","11.4,7","18.6,7.6","29.8,1.5","11.3,10.1","10.3,12.1","-0.8,4","-26,-0.3","5.3,6.4","-1.8,-7.1","-1.5,12.3",,,,,,,,,,,,,,,,,,,,,,,,,,AwayPowerplay,True,False,4.0
3,1153,1767187865180,Pass,AwayPowerplay,4v5,True,True,AwayTeamZone,"21.2,-3.2","12,11.4",153736.0,#38 Lukas Frick,Away,888057861.0,#47 Leonid Komarov,Away,,,,,,,,Successful,21.0,,,,,,,,,,,,,,,,"153736,888057861",150983.0,340162.0,153736.0,888057861.0,309618.0,154648.0,888057603.0,888057597.0,888057608.0,888057619.0,888057601.0,,#29 Sandro Aeschlimann,#6 Klas Dahlbeck,#38 Lukas Frick,#47 Leonid Komarov,#66 Valentin Nussbaumer,#96 Chris Egli,#17 Larry Keenan,#30 Adam Gajan,#11 Danny Nelson,#6 Martins Lavins,#23 Eric Pohlkamp,,Away,Away,Away,Away,Away,Away,Home,Home,Home,Home,Home,,"26.4,0.1","15.5,-13","21.2,-2.2","20.6,11.4","20.8,-4","-3.2,13.2","-4.1,0.1","-26.1,-0.3","1.3,10.7","11,-2.9","1.5,-4.5",,0.339,7.671,4.046,6.105,7.291,3.619,2.142,0.681,1.479,6.593,3.43,,"0.547,-0.837","-1,0.026","-0.969,0.249","-0.973,0.232","-0.146,-0.989","-0.495,-0.869","-0.535,0.845","-0.984,-0.176","-0.974,0.229","-0.518,-0.855","-0.884,-0.468",,AwayPowerplay,True,False,4.0
3,1153,1767187865200,PuckControl,AwayPowerplay,4v5,True,True,AwayTeamZone,"21,-3.1","12,11.4",,,,,,,,,,,,,,,,,,,,,,,,,AwayControl,HomeTeamZone,HomeTeamZone,,,,,150983.0,340162.0,153736.0,888057861.0,309618.0,154648.0,888057603.0,888057597.0,888057608.0,888057619.0,888057601.0,,#29 Sandro Aeschlimann,#6 Klas Dahlbeck,#38 Lukas Frick,#47 Leonid Komarov,#66 Valentin Nussbaumer,#96 Chris Egli,#17 Larry Keenan,#30 Adam Gajan,#11 Danny Nelson,#6 Martins Lavins,#23 Eric Pohlkamp,,Away,Away,Away,Away,Away,Away,Home,Home,Home,Home,Home,,"26.4,0.1","15.3,-13","21.1,-2.2","20.4,11.5","20.8,-4.2","-3.2,13.1","-4.2,0.2","-26.1,-0.3","1.3,10.7","10.9,-3","1.5,-4.5",,,,,,,,,,,,,,,,,,,,,,,,,,AwayPowerplay,True,False,4.0
3,1154,1767187866140,PuckControl,AwayPowerplay,4v5,True,True,AwayTeamZone,"12,11.4","3.8,12.8",888057861.0,#47 Leonid Komarov,Away,,,,,,,,,,,,,,,,,,,,,,AwayControl,HomeTeamZone,NeutralZone,,,,888057861,150983.0,340162.0,153736.0,888057861.0,309618.0,154648.0,888057603.0,888057597.0,888057608.0,888057619.0,888057601.0,,#29 Sandro Aeschlimann,#6 Klas Dahlbeck,#38 Lukas Frick,#47 Leonid Komarov,#66 Valentin Nussbaumer,#96 Chris Egli,#17 Larry Keenan,#30 Adam Gajan,#11 Danny Nelson,#6 Martins Lavins,#23 Eric Pohlkamp,,Away,Away,Away,Away,Away,Away,Home,Home,Home,Home,Home,,"25.8,0.2","7.2,-13.5","18.1,-0.2","13.9,12.2","17.7,-10.1","-4.4,10.4","-5.2,2","-26.3,-0.4","-0.7,10.3","7.1,-5.6","-1,-4.6",,,,,,,,,,,,,,,,,,,,,,,,,,AwayPowerplay,True,False,4.0
3,1155,1767187866980,BluelineCrossing,AwayPowerplay,4v5,True,True,AwayTeamZone,"7.2,13",,888057861.0,#47 Leonid Komarov,Away,,,,,,,,,,,,,PossessionMaintained,TowardsOpponent,,,,,,,,,,,,,,888057861,150983.0,340162.0,153736.0,888057861.0,309618.0,154648.0,888057603.0,888057597.0,888057608.0,888057619.0,888057601.0,,#29 Sandro Aeschlimann,#6 Klas Dahlbeck,#38 Lukas Frick,#47 Leonid Komarov,#66 Valentin Nussbaumer,#96 Chris Egli,#17 Larry Keenan,#30 Adam Gajan,#11 Danny Nelson,#6 Martins Lavins,#23 Eric Pohlkamp,,Away,Away,Away,Away,Away,Away,Home,Home,Home,Home,Home,,"24.8,0.3","0.7,-13.1","16.4,3.5","7.8,13.1","11.6,-12.6","-5.9,11.7","-6.7,3.6","-26,0.1","-1.7,10.2","3.1,-2.4","-3.8,-3.7",,0.647,7.601,5.348,7.267,7.743,3.484,2.551,0.893,1.23,6.49,3.601,,"-0.999,0.035","-0.908,0.419","-0.355,0.935","-0.999,0.035","-0.99,-0.138","-0.391,0.92","-0.687,0.726","0.952,0.307","-0.152,0.988","-0.578,0.816","-0.931,0.366",,AwayPowerplay,True,False,4.0
3,1155,1767187867380,Pass,AwayPowerplay,4v5,True,True,NeutralZone,"4.1,12.9","-7.6,14.9",888057861.0,#47 Leonid Komarov,Away,154648.0,#96 Chris Egli,Away,,,,,,,,Successful,15.3,,,,,,,,,,,,,,,,"888057861,154648",150983.0,340162.0,153736.0,888057861.0,309618.0,154648.0,888057603.0,888057597.0,888057608.0,888057619.0,888057601.0,,#29 Sandro Aeschlimann,#6 Klas Dahlbeck,#38 Lukas Frick,#47 Leonid Komarov,#66 Valentin Nussbaumer,#96 Chris Egli,#17 Larry Keenan,#30 Adam Gajan,#11 Danny Nelson,#6 Martins Lavins,#23 Eric Pohlkamp,,Away,Away,Away,Away,Away,Away,Home,Home,Home,Home,Home,,"24.6,0.3","-1.9,-11.2","15.6,5.4","4.9,12.8","8.8,-12.9","-6.3,13.1","-7.3,4.4","-25.5,0.1","-1.6,10.9","1.5,-0.2","-5.2,-3.1",,0.376,7.909,4.979,7.234,6.321,3.833,3.136,1.259,2.531,7.02,4.091,,"-0.995,-0.103","-0.667,0.745","-0.386,0.922","-0.98,-0.197","-0.995,0.104","-0.176,0.984","-0.464,0.886","0.996,-0.087","0.067,0.998","-0.586,0.81","-0.961,0.278",,AwayPowerplay,True,False,4.0
3,1155,1767187867400,PuckControl,AwayPowerplay,4v5,True,True,NeutralZone,"3.8,12.8","-7.6,14.9",,,,,,,,,,,,,,,,,,,,,,,,,AwayControl,NeutralZone,AwayTeamZone,,,,,150983.0,340162.0,153736.0,888057861.0,309618.0,154648.0,888057603.0,888057597.0,888057608.0,888057619.0,888057601.0,,#29 Sandro Aeschlimann,#6 Klas Dahlbeck,#38 Lukas Frick,#47 Leonid Komarov,#66 Valentin Nussbaumer,#96 Chris Egli,#17 Larry Keenan,#30 Adam Gajan,#11 Danny Nelson,#6 Martins Lavins,#23 Eric Pohlkamp,,Away,Away,Away,Away,Away,Away,Home,Home,Home,Home,Home,,"24.6,0.3","-2,-11.1","15.6,5.5","4.8,12.8","8.7,-12.9","-6.3,13.2","-7.3,4.5","-25.5,0.1","-1.6,11","1.4,0","-5.3,-3.1",,,,,,,,,,,,,,,,,,,,,,,,,,AwayPowerplay,True,False,4.0
3,1156,1767187868220,BluelineCrossing,AwayPowerplay,4v5,True,True,NeutralZone,"-7.1,14.9",,154648.0,#96 Chris Egli,Away,,,,,,,,,,,,,PuckDumpedIn,TowardsOpponent,154648,"888057603,888057601",,,,,,,,,,,,"154648,888057603,888057601",150983.0,340162.0,153736.0,888057861.0,309618.0,154648.0,888057603.0,888057597.0,888057608.0,888057619.0,888057601.0,,#29 Sandro Aeschlimann,#6 Klas Dahlbeck,#38 Lukas Frick,#47 Leonid Komarov,#66 Valentin Nussbaumer,#96 Chris Egli,#17 Larry Keenan,#30 Adam Gajan,#11 Danny Nelson,#6 Martins Lavins,#23 Eric Pohlkamp,,Away,Away,Away,Away,Away,Away,Home,Home,Home,Home,Home,,"24.3,0.4","-4.1,-5.7","14.3,9.5","-0.8,10.6","2.6,-10.9","-7.4,14.9","-9.1,6.9","-25.2,0.3","-2,13.3","-2.6,4.1","-8.9,-2.5",,0.364,5.575,4.601,7.366,8.906,2.977,3.989,0.745,2.646,6.906,4.871,,"0.578,0.816","-0.206,0.979","-0.293,0.956","-0.944,-0.33","-0.943,0.334","-0.726,0.687","-0.766,0.643","-0.155,0.988","-0.661,0.75","-0.788,0.616","-0.996,0.093",,AwayPowerplay,True,False,4.0
3,1156,1767187868340,PuckControl,AwayPowerplay,4v5,True,True,HomeTeamZone,"-7.6,14.9","-9.2,14.9",154648.0,#96 Chris Egli,Away,,,,,,,,,,,,,,,,,,,,,,AwayControl,AwayTeamZone,AwayTeamZone,,,,154648,150983.0,340162.0,153736.0,888057861.0,309618.0,888057603.0,888057597.0,888057608.0,888057619.0,888057601.0,154648.0,,#29 Sandro Aeschlimann,#6 Klas Dahlbeck,#38 Lukas Frick,#47 Leonid Komarov,#66 Valentin Nussbaumer,#17 Larry Keenan,#30 Adam Gajan,#11 Danny Nelson,#6 Martins Lavins,#23 Eric Pohlkamp,#96 Chris Egli,,Away,Away,Away,Away,Away,Home,Home,Home,Home,Home,Away,,"24.4,0.4","-4.3,-5.1","14.2,10","-1.7,10.4","1.5,-10.6","-9.5,7.2","-25.2,0.4","-2.2,13.5","-3.3,4.6","-9.5,-2.4","-7.6,14.9",,,,,,,,,,,,,,,,,,,,,,,,,,AwayPowerplay,True,False,4.0
3,1157,1767187868840,Dump,AwayPowerplay,4v5,True,True,HomeTeamZone,"-9.2,14.9","-29.9,5.7",154648.0,#96 Chris Egli,Away,888057619.0,#6 Martins Lavins,Home,,,,,,,,,,,,,,Takeaway,DumpIn,True,,,,,,,,,"154648,888057619",150983.0,340162.0,888057861.0,309618.0,888057603.0,888057597.0,888057608.0,888057619.0,888057601.0,154648.0,152416.0,,#29 Sandro Aeschlimann,#6 Klas Dahlbeck,#47 Leonid Komarov,#66 Valentin Nussbaumer,#17 Larry Keenan,#30 Adam Gajan,#11 Danny Nelson,#6 Martins Lavins,#23 Eric Pohlkamp,#96 Chris Egli,#90 Sven Jung,,Away,Away,Away,Away,Home,Home,Home,Home,Home,Away,Away,,"24.5,0.5","-4.9,-2.2","-5.3,9.9","-2.9,-10.2","-11.2,8.4","-25.2,0.6","-3.7,13.9","-6.4,6.1","-11.6,-1.6","-8.6,14.9","11,14.3",,0.272,6.817,7.41,8.021,4.212,0.124,3.483,6.904,4.25,1.828,1.911,,"-0.309,-0.951","-0.098,0.995","-0.998,-0.058","-0.999,0.042","-0.853,0.521","-0.279,-0.96","-1,0.012","-0.945,0.326","-0.867,0.499","-0.815,-0.58","-0.422,-0.907",,AwayPowerplay,True,False,4.0
3,1157,1767187868860,PuckControl,AwayPowerplay,4v5,True,True,HomeTeamZone,"-9.2,14.9","-29.9,4.7",,,,,,,,,,,,,,,,,,,,,,,,,Loose,AwayTeamZone,AwayTeamZone,,,,,150983.0,340162.0,888057861.0,309618.0,888057603.0,888057597.0,888057608.0,888057619.0,888057601.0,154648.0,152416.0,,#29 Sandro Aeschlimann,#6 Klas Dahlbeck,#47 Leonid Komarov,#66 Valentin Nussbaumer,#17 Larry Keenan,#30 Adam Gajan,#11 Danny Nelson,#6 Martins Lavins,#23 Eric Pohlkamp,#96 Chris Egli,#90 Sven Jung,,Away,Away,Away,Away,Home,Home,Home,Home,Home,Away,Away,,"24.5,0.5","-4.9,-2.1","-5.5,9.9","-3.1,-10.2","-11.3,8.4","-25.2,0.6","-3.7,13.9","-6.6,6.1","-11.6,-1.5","-8.7,14.9","11,14.3",,,,,,,,,,,,,,,,,,,,,,,,,,AwayPowerplay,True,False,4.0
3,1160,1767187872040,PuckControl,AwayPowerplay,4v5,True,True,HomeTeamZone,"-29.9,4.7","-29.3,1.1",,,,,,,,,,,,,,,,,,,,,,,,,Contested,AwayTeamZone,AwayTeamZone,"888057619,888057603,888057601,888057861",,,,150983.0,152416.0,340162.0,888057861.0,309618.0,154648.0,888057603.0,888057597.0,888057608.0,888057619.0,888057601.0,,#29 Sandro Aeschlimann,#90 Sven Jung,#6 Klas Dahlbeck,#47 Leonid Komarov,#66 Valentin Nussbaumer,#96 Chris Egli,#17 Larry Keenan,#30 Adam Gajan,#11 Danny Nelson,#6 Martins Lavins,#23 Eric Pohlkamp,,Away,Away,Away,Away,Away,Away,Home,Home,Home,Home,Home,,"26,0.2","-1,6.7","-14.4,-0.2","-27.8,5.2","-25.4,-8.9","-16.1,12","-26.7,5.7","-26.1,0","-18.2,9.7","-28,4.7","-26.2,2.2",,,,,,,,,,,,,,,,,,,,,,,,,,AwayPowerplay,True,False,4.0
3,1161,1767187873200,PuckControl,AwayPowerplay,4v5,True,True,HomeTeamZone,"-29.3,1.1","-27.7,1.5",888057601.0,#23 Eric Pohlkamp,Home,,,,,,,,,,,,,,,,,,,,,,HomeControl,AwayTeamZone,AwayTeamZone,,,,888057601,150983.0,152416.0,340162.0,888057861.0,309618.0,154648.0,888057603.0,888057597.0,888057608.0,888057619.0,888057601.0,,#29 Sandro Aeschlimann,#90 Sven Jung,#6 Klas Dahlbeck,#47 Leonid Komarov,#66 Valentin Nussbaumer,#96 Chris Egli,#17 Larry Keenan,#30 Adam Gajan,#11 Danny Nelson,#6 Martins Lavins,#23 Eric Pohlkamp,,Away,Away,Away,Away,Away,Away,Home,Home,Home,Home,Home,,"25.9,0.1","-5.9,3.9","-16.8,-6.8","-29.9,3.5","-28.7,-2.9","-19.9,8.4","-29,3.5","-26.1,-0.5","-21.5,5.5","-29.6,3","-28.7,0.7",,,,,,,,,,,,,,,,,,,,,,,,,,AwayPowerplay,True,False,4.0
3,1162,1767187874580,PuckControl,AwayPowerplay,4v5,True,True,HomeTeamZone,"-27.7,1.5","-27.2,1.8",,,,,,,,,,,,,,,,,,,,,,,,,Loose,AwayTeamZone,AwayTeamZone,,,,,150983.0,152416.0,340162.0,888057861.0,309618.0,154648.0,888057603.0,888057597.0,888057608.0,888057619.0,888057601.0,,#29 Sandro Aeschlimann,#90 Sven Jung,#6 Klas Dahlbeck,#47 Leonid Komarov,#66 Valentin Nussbaumer,#96 Chris Egli,#17 Larry Keenan,#30 Adam Gajan,#11 Danny Nelson,#6 Martins Lavins,#23 Eric Pohlkamp,,Away,Away,Away,Away,Away,Away,Home,Home,Home,Home,Home,,"26.1,-0.1","-11,-0.3","-16.3,-12.1","-28.9,4.3","-26.3,2","-21.5,2.2","-28.2,4.5","-26.2,-0.8","-24,1.3","-29.4,2.8","-28.1,2",,,,,,,,,,,,,,,,,,,,,,,,,,AwayPowerplay,True,False,4.0
3,1163,1767187874660,PuckControl,AwayPowerplay,4v5,True,True,HomeTeamZone,"-27.2,1.8","-24.4,0.7",,,,,,,,,,,,,,,,,,,,,,,,,Contested,AwayTeamZone,AwayTeamZone,"888057619,888057601,888057603,888057608,309618,888057861",,,,150983.0,152416.0,340162.0,888057861.0,309618.0,154648.0,888057603.0,888057597.0,888057608.0,888057619.0,888057601.0,,#29 Sandro Aeschlimann,#90 Sven Jung,#6 Klas Dahlbeck,#47 Leonid Komarov,#66 Valentin Nussbaumer,#96 Chris Egli,#17 Larry Keenan,#30 Adam Gajan,#11 Danny Nelson,#6 Martins Lavins,#23 Eric Pohlkamp,,Away,Away,Away,Away,Away,Away,Home,Home,Home,Home,Home,,"26.1,-0.1","-11,-0.5","-16,-12.3","-28.8,4.2","-26.1,2.1","-21.6,1.8","-28.1,4.5","-26.2,-0.7","-24.1,1.2","-29.4,2.7","-28.1,2.1",,,,,,,,,,,,,,,,,,,,,,,,,,AwayPowerplay,True,False,4.0
3,1165,1767187877520,Shot,AwayPowerplay,4v5,True,True,HomeTeamZone,"-24.7,1.4",,888057861.0,#47 Leonid Komarov,Away,888057597.0,#30 Adam Gajan,Home,,Saved,0.0,,0.147,,,,,,,,,,,,,,,,,,,,"888057861,888057597",150983.0,152416.0,340162.0,888057861.0,309618.0,154648.0,888057603.0,888057597.0,888057608.0,888057619.0,888057601.0,,#29 Sandro Aeschlimann,#90 Sven Jung,#6 Klas Dahlbeck,#47 Leonid Komarov,#66 Valentin Nussbaumer,#96 Chris Egli,#17 Larry Keenan,#30 Adam Gajan,#11 Danny Nelson,#6 Martins Lavins,#23 Eric Pohlkamp,,Away,Away,Away,Away,Away,Away,Home,Home,Home,Home,Home,,"26.3,0.4","-10.4,3.4","-13.4,-6.4","-25.1,3.3","-23.2,5.1","-21.8,-1.1","-25.6,4.9","-25.8,-0.1","-23.5,2.1","-25.5,-2.4","-25.8,1.5",,0.15,2.831,3.218,0.688,1.522,2.047,0.265,0.98,1.063,3.23,1.363,,"0.82,0.572","-0.765,0.645","-0.643,0.766","0.97,0.243","0.426,-0.905","-0.652,0.758","0.999,0.047","0.999,-0.042","0.795,0.607","0.995,-0.102","0.999,0.051",,AwayPowerplay,True,False,4.0
3,1166,1767187877700,PuckControl,AwayPowerplay,4v5,True,True,HomeTeamZone,"-24.4,0.7","-24.2,0.8",888057597.0,#30 Adam Gajan,Home,,,,,,,,,,,,,,,,,,,,,,HomeControl,AwayTeamZone,AwayTeamZone,,,,888057597,150983.0,152416.0,340162.0,888057861.0,309618.0,154648.0,888057603.0,888057597.0,888057608.0,888057619.0,888057601.0,,#29 Sandro Aeschlimann,#90 Sven Jung,#6 Klas Dahlbeck,#47 Leonid Komarov,#66 Valentin Nussbaumer,#96 Chris Egli,#17 Larry Keenan,#30 Adam Gajan,#11 Danny Nelson,#6 Martins Lavins,#23 Eric Pohlkamp,,Away,Away,Away,Away,Away,Away,Home,Home,Home,Home,Home,,"26.3,0.4","-10.8,3.7","-13.8,-6","-25,3.4","-23.1,4.8","-22.2,-0.8","-25.5,4.8","-25.6,-0.1","-23.4,2.2","-25,-2.4","-25.5,1.5",,,,,,,,,,,,,,,,,,,,,,,,,,AwayPowerplay,True,False,4.0
3,1166,1767187878540,PuckControl,AwayPowerplay,4v5,True,True,HomeTeamZone,"-24.2,0.8","-24.1,0.1",,,,,,,,,,,,,,,,,,,,,,,,,Contested,AwayTeamZone,AwayTeamZone,"888057608,888057619,888057601,154648",,,,150983.0,152416.0,340162.0,888057861.0,309618.0,154648.0,888057603.0,888057597.0,888057608.0,888057619.0,888057601.0,,#29 Sandro Aeschlimann,#90 Sven Jung,#6 Klas Dahlbeck,#47 Leonid Komarov,#66 Valentin Nussbaumer,#96 Chris Egli,#17 Larry Keenan,#30 Adam Gajan,#11 Danny Nelson,#6 Martins Lavins,#23 Eric Pohlkamp,,Away,Away,Away,Away,Away,Away,Home,Home,Home,Home,Home,,"26.3,0.4","-12.8,4.7","-16.4,-4.9","-25.5,3","-22.7,4.4","-24.2,-0.9","-25.2,4.4","-25.2,-0.1","-22.9,2.4","-23.5,-1.6","-24.2,1.3",,,,,,,,,,,,,,,,,,,,,,,,,,AwayPowerplay,True,False,4.0
3,1167,1767187878940,StoppageOfPlay,,,,,,,,,,,,,,,,,,,,,,,,,,,,,,,,,,,,Freeze,,,,,,,,,,,,,,,,,,,,,,,,,,,,,,,,,,,,,,,,,,,,,,,,,,,,,,,,,,,,,,,,,,,,,,,,,,,AwayPowerplay,True,False,4.0
3,1167,1767187965440,Faceoff,AwayPowerplay,4v5,True,True,HomeTeamZone,,,309618.0,#66 Valentin Nussbaumer,Away,309618.0,#66 Valentin Nussbaumer,Away,HomeTeamZoneTop,,,,,,,,,,,,,,,,,,,,,,,,309618,150983.0,310806.0,888057861.0,308175.0,309618.0,154648.0,888057604.0,888057605.0,888057597.0,888057607.0,888057608.0,,#29 Sandro Aeschlimann,#12 Enzo Guebey,#47 Leonid Komarov,#77 Nico Gross,#66 Valentin Nussbaumer,#96 Chris Egli,#2 Gavin McCartthy,#25 Abram Wiebe,#30 Adam Gajan,#22 Cole Knuble,#11 Danny Nelson,,Away,Away,Away,Away,Away,Away,Home,Home,Home,Home,Home,,"24.8,0.9","-11.5,13.5","-17.9,3.4","-10.5,8.4","-19.2,7.4","-18.6,11.5","-21,11.7","-21.3,3.3","-25.5,0.8","-20.4,1.1","-20.4,7.8",,,,,,,,,,,,,,,,,,,,,,,,,,AwayPowerplay,True,False,4.0
3,1167,1767187965440,PuckControl,AwayPowerplay,4v5,True,True,HomeTeamZone,"-18.8,6.7","-14.7,5.1",,,,,,,,,,,,,,,,,,,,,,,,,Loose,AwayTeamZone,AwayTeamZone,,,,,150983.0,310806.0,888057861.0,308175.0,309618.0,154648.0,888057604.0,888057605.0,888057597.0,888057607.0,888057608.0,,#29 Sandro Aeschlimann,#12 Enzo Guebey,#47 Leonid Komarov,#77 Nico Gross,#66 Valentin Nussbaumer,#96 Chris Egli,#2 Gavin McCartthy,#25 Abram Wiebe,#30 Adam Gajan,#22 Cole Knuble,#11 Danny Nelson,,Away,Away,Away,Away,Away,Away,Home,Home,Home,Home,Home,,"24.8,0.8","-11.4,13.6","-17.8,3.5","-10.4,8.1","-19.2,7.4","-18.6,11.4","-21,11.7","-21.3,3.3","-25.5,0.8","-20.3,1.1","-20.4,7.8",,,,,,,,,,,,,,,,,,,,,,,,,,AwayPowerplay,True,False,4.0
3,1167,1767187966060,PuckControl,AwayPowerplay,4v5,True,True,HomeTeamZone,"-14.7,5.1","-14,5.2",888057861.0,#47 Leonid Komarov,Away,,,,,,,,,,,,,,,,,,,,,,AwayControl,AwayTeamZone,AwayTeamZone,,,,888057861,150983.0,310806.0,888057861.0,308175.0,309618.0,154648.0,888057604.0,888057605.0,888057597.0,888057607.0,888057608.0,,#29 Sandro Aeschlimann,#12 Enzo Guebey,#47 Leonid Komarov,#77 Nico Gross,#66 Valentin Nussbaumer,#96 Chris Egli,#2 Gavin McCartthy,#25 Abram Wiebe,#30 Adam Gajan,#22 Cole Knuble,#11 Danny Nelson,,Away,Away,Away,Away,Away,Away,Home,Home,Home,Home,Home,,"24.6,0.7","-10.8,13.7","-16.4,4.4","-10.1,6.2","-18.6,7.7","-18.1,10.9","-21.3,10.6","-21.5,3.1","-25.3,0.4","-18.6,1","-20.2,7.3",,,,,,,,,,,,,,,,,,,,,,,,,,AwayPowerplay,True,False,4.0
3,1168,1767187966160,Pass,AwayPowerplay,4v5,True,True,HomeTeamZone,"-14.1,5.1","-7.6,10.5",888057861.0,#47 Leonid Komarov,Away,310806.0,#12 Enzo Guebey,Away,,,,,,,,Successful,8.0,,,,,,,,,,,,,,,,"888057861,310806",150983.0,310806.0,888057861.0,308175.0,309618.0,154648.0,888057604.0,888057605.0,888057597.0,888057607.0,888057608.0,,#29 Sandro Aeschlimann,#12 Enzo Guebey,#47 Leonid Komarov,#77 Nico Gross,#66 Valentin Nussbaumer,#96 Chris Egli,#2 Gavin McCartthy,#25 Abram Wiebe,#30 Adam Gajan,#22 Cole Knuble,#11 Danny Nelson,,Away,Away,Away,Away,Away,Away,Home,Home,Home,Home,Home,,"24.6,0.7","-10.6,13.6","-16.1,4.6","-10,5.9","-18.4,7.7","-18,10.8","-21.3,10.3","-21.5,3.1","-25.2,0.3","-18.2,1","-20.1,7.1",,0.313,1.898,3.405,2.892,2.051,1.227,2.632,0.476,0.923,4.176,1.911,,"-0.475,-0.88","0.942,-0.334","0.929,0.369","0.393,-0.92","0.987,0.162","0.876,-0.482","-0.209,-0.978","0.598,-0.802","0.456,-0.89","0.998,0.061","0.471,-0.882",,AwayPowerplay,True,False,4.0
3,1168,1767187966180,PuckControl,AwayPowerplay,4v5,True,True,HomeTeamZone,"-14,5.2","-7.6,10.5",,,,,,,,,,,,,,,,,,,,,,,,,AwayControl,AwayTeamZone,AwayTeamZone,,,,,150983.0,310806.0,888057861.0,308175.0,309618.0,154648.0,888057604.0,888057605.0,888057597.0,888057607.0,888057608.0,,#29 Sandro Aeschlimann,#12 Enzo Guebey,#47 Leonid Komarov,#77 Nico Gross,#66 Valentin Nussbaumer,#96 Chris Egli,#2 Gavin McCartthy,#25 Abram Wiebe,#30 Adam Gajan,#22 Cole Knuble,#11 Danny Nelson,,Away,Away,Away,Away,Away,Away,Home,Home,Home,Home,Home,,"24.6,0.7","-10.6,13.6","-16,4.6","-9.9,5.8","-18.3,7.7","-18,10.8","-21.3,10.3","-21.5,3.1","-25.2,0.3","-18.1,1","-20.1,7.1",,,,,,,,,,,,,,,,,,,,,,,,,,AwayPowerplay,True,False,4.0
3,1169,1767187967260,PuckControl,AwayPowerplay,4v5,True,True,HomeTeamZone,"-7.6,10.5","-10,14.6",310806.0,#12 Enzo Guebey,Away,,,,,,,,,,,,,,,,,,,,,,AwayControl,AwayTeamZone,AwayTeamZone,,,,310806,150983.0,310806.0,888057861.0,308175.0,309618.0,154648.0,888057604.0,888057605.0,888057597.0,888057607.0,888057608.0,,#29 Sandro Aeschlimann,#12 Enzo Guebey,#47 Leonid Komarov,#77 Nico Gross,#66 Valentin Nussbaumer,#96 Chris Egli,#2 Gavin McCartthy,#25 Abram Wiebe,#30 Adam Gajan,#22 Cole Knuble,#11 Danny Nelson,,Away,Away,Away,Away,Away,Away,Home,Home,Home,Home,Home,,"24.4,0.3","-8.5,12.4","-13.2,3.1","-8.1,3.3","-15,7.5","-16.8,11.7","-20.9,7.5","-21.2,1.4","-25.2,0.4","-12.6,1.8","-17.8,5.5",,,,,,,,,,,,,,,,,,,,,,,,,,AwayPowerplay,True,False,4.0
3,1170,1767187968720,Pass,AwayPowerplay,4v5,True,True,HomeTeamZone,"-9.9,14.5","-22.7,14.4",310806.0,#12 Enzo Guebey,Away,154648.0,#96 Chris Egli,Away,,,,,,,,Successful,21.6,,,,,,,,,,,,,,,,"310806,154648",150983.0,310806.0,888057861.0,308175.0,309618.0,154648.0,888057604.0,888057605.0,888057597.0,888057607.0,888057608.0,,#29 Sandro Aeschlimann,#12 Enzo Guebey,#47 Leonid Komarov,#77 Nico Gross,#66 Valentin Nussbaumer,#96 Chris Egli,#2 Gavin McCartthy,#25 Abram Wiebe,#30 Adam Gajan,#22 Cole Knuble,#11 Danny Nelson,,Away,Away,Away,Away,Away,Away,Home,Home,Home,Home,Home,,"24.8,0.6","-9.9,14.3","-17.9,-1.6","-7.1,-2.4","-9.8,4.2","-19.8,14","-19.3,8","-21.8,0","-25,0.5","-12.3,3","-15.7,8.8",,0.45,2.766,4.691,1.03,3.9,3.742,1.812,0.733,0.548,1.794,3.083,,"0.837,0.547","-0.956,0.293","-0.985,0.171","0.37,-0.929","0.658,-0.753","-0.998,0.069","-0.62,0.784","-0.417,-0.909","-0.719,-0.695","-0.935,0.355","-0.254,0.967",,AwayPowerplay,True,False,4.0
3,1170,1767187968740,PuckControl,AwayPowerplay,4v5,True,True,HomeTeamZone,"-10,14.6","-22.7,14.4",,,,,,,,,,,,,,,,,,,,,,,,,AwayControl,AwayTeamZone,AwayTeamZone,,,,,150983.0,310806.0,888057861.0,308175.0,309618.0,154648.0,888057604.0,888057605.0,888057597.0,888057607.0,888057608.0,,#29 Sandro Aeschlimann,#12 Enzo Guebey,#47 Leonid Komarov,#77 Nico Gross,#66 Valentin Nussbaumer,#96 Chris Egli,#2 Gavin McCartthy,#25 Abram Wiebe,#30 Adam Gajan,#22 Cole Knuble,#11 Danny Nelson,,Away,Away,Away,Away,Away,Away,Home,Home,Home,Home,Home,,"24.8,0.6","-9.9,14.3","-18,-1.6","-7.1,-2.4","-9.8,4.2","-19.9,14","-19.3,8.1","-21.8,0","-25.1,0.5","-12.4,3","-15.7,8.8",,,,,,,,,,,,,,,,,,,,,,,,,,AwayPowerplay,True,False,4.0
3,1171,1767187969480,PuckControl,AwayPowerplay,4v5,True,True,HomeTeamZone,"-22.7,14.4","-23.7,14.5",154648.0,#96 Chris Egli,Away,,,,,,,,,,,,,,,,,,,,,,AwayControl,AwayTeamZone,AwayTeamZone,,,,154648,150983.0,310806.0,888057861.0,308175.0,309618.0,154648.0,888057604.0,888057605.0,888057597.0,888057607.0,888057608.0,,#29 Sandro Aeschlimann,#12 Enzo Guebey,#47 Leonid Komarov,#77 Nico Gross,#66 Valentin Nussbaumer,#96 Chris Egli,#2 Gavin McCartthy,#25 Abram Wiebe,#30 Adam Gajan,#22 Cole Knuble,#11 Danny Nelson,,Away,Away,Away,Away,Away,Away,Home,Home,Home,Home,Home,,"24.9,0.4","-11.1,14.4","-21,0.5","-8.1,-3.5","-7.5,3","-22.5,14.1","-20.8,8.9","-22.6,0.3","-25.5,0.2","-14,3","-16.7,10",,,,,,,,,,,,,,,,,,,,,,,,,,AwayPowerplay,True,False,4.0
3,1172,1767187970380,Pass,AwayPowerplay,4v5,True,True,HomeTeamZone,"-23.7,14.4","-9.4,14.3",154648.0,#96 Chris Egli,Away,310806.0,#12 Enzo Guebey,Away,,,,,,,,Successful,19.3,,,,,,,,,,,,,,,,"154648,310806",150983.0,310806.0,888057861.0,308175.0,309618.0,154648.0,888057604.0,888057605.0,888057597.0,888057607.0,888057608.0,,#29 Sandro Aeschlimann,#12 Enzo Guebey,#47 Leonid Komarov,#77 Nico Gross,#66 Valentin Nussbaumer,#96 Chris Egli,#2 Gavin McCartthy,#25 Abram Wiebe,#30 Adam Gajan,#22 Cole Knuble,#11 Danny Nelson,,Away,Away,Away,Away,Away,Away,Home,Home,Home,Home,Home,,"24.6,0.5","-9.7,14.1","-23.7,2.4","-11.2,-5.1","-6.5,0.7","-23.4,13.9","-22.5,8.9","-24.4,1.6","-26.1,0.2","-16,2.2","-17.1,8.9",,0.635,2.466,1.923,4.332,2.907,0.773,0.718,1.64,0.279,2.549,1.534,,"-0.805,0.593","0.808,-0.59","-0.796,0.605","-0.957,-0.289","-0.188,-0.982","0.956,-0.293","-0.838,-0.545","-0.559,0.829","-0.836,-0.549","-0.735,-0.678","0.574,-0.819",,AwayPowerplay,True,False,4.0
3,1172,1767187970400,PuckControl,AwayPowerplay,4v5,True,True,HomeTeamZone,"-23.7,14.5","-9.4,14.3",,,,,,,,,,,,,,,,,,,,,,,,,AwayControl,AwayTeamZone,AwayTeamZone,,,,,150983.0,310806.0,888057861.0,308175.0,309618.0,154648.0,888057604.0,888057605.0,888057597.0,888057607.0,888057608.0,,#29 Sandro Aeschlimann,#12 Enzo Guebey,#47 Leonid Komarov,#77 Nico Gross,#66 Valentin Nussbaumer,#96 Chris Egli,#2 Gavin McCartthy,#25 Abram Wiebe,#30 Adam Gajan,#22 Cole Knuble,#11 Danny Nelson,,Away,Away,Away,Away,Away,Away,Home,Home,Home,Home,Home,,"24.6,0.5","-9.7,14","-23.7,2.4","-11.3,-5.1","-6.5,0.6","-23.4,13.9","-22.5,8.9","-24.4,1.6","-26.1,0.2","-16.1,2.2","-17,8.9",,,,,,,,,,,,,,,,,,,,,,,,,,AwayPowerplay,True,False,4.0
3,1173,1767187971300,PuckControl,AwayPowerplay,4v5,True,True,HomeTeamZone,"-9.4,14.3","-8.7,13",310806.0,#12 Enzo Guebey,Away,,,,,,,,,,,,,,,,,,,,,,AwayControl,AwayTeamZone,AwayTeamZone,,,,310806,150983.0,310806.0,888057861.0,308175.0,309618.0,154648.0,888057604.0,888057605.0,888057597.0,888057607.0,888057608.0,,#29 Sandro Aeschlimann,#12 Enzo Guebey,#47 Leonid Komarov,#77 Nico Gross,#66 Valentin Nussbaumer,#96 Chris Egli,#2 Gavin McCartthy,#25 Abram Wiebe,#30 Adam Gajan,#22 Cole Knuble,#11 Danny Nelson,,Away,Away,Away,Away,Away,Away,Home,Home,Home,Home,Home,,"24.5,0.4","-8.3,13","-23.1,2.8","-15.3,-5.8","-7.4,-1.1","-21.8,14","-22,8.4","-24.3,2.3","-25.8,-0.2","-17.1,1","-15.2,8.8",,,,,,,,,,,,,,,,,,,,,,,,,,AwayPowerplay,True,False,4.0
3,1173,1767187971760,Pass,AwayPowerplay,4v5,True,True,HomeTeamZone,"-8.7,13.1","-10,-5.9",310806.0,#12 Enzo Guebey,Away,309618.0,#66 Valentin Nussbaumer,Away,,,,,,,,Successful,22.4,,,,,,,,,,,,,,,,"310806,309618",150983.0,310806.0,888057861.0,308175.0,309618.0,154648.0,888057604.0,888057605.0,888057597.0,888057607.0,888057608.0,,#29 Sandro Aeschlimann,#12 Enzo Guebey,#47 Leonid Komarov,#77 Nico Gross,#66 Valentin Nussbaumer,#96 Chris Egli,#2 Gavin McCartthy,#25 Abram Wiebe,#30 Adam Gajan,#22 Cole Knuble,#11 Danny Nelson,,Away,Away,Away,Away,Away,Away,Home,Home,Home,Home,Home,,"24.6,0.3","-8,12.4","-22,2.7","-17.3,-5.6","-8.1,-2.3","-20.7,14.1","-21.3,8","-24,1.8","-25.7,-0.1","-16.7,0.5","-13.8,9.2",,0.204,1.952,2.046,3.922,3.248,2.47,2.124,1.313,0.588,2.158,2.768,,"0.528,-0.849","0.241,-0.97","0.951,-0.309","-0.992,0.122","-0.499,-0.867","1,-0.013","0.863,-0.505","0.77,-0.638","0.103,0.995","0.703,-0.711","0.978,0.21",,AwayPowerplay,True,False,4.0
3,1173,1767187971780,PuckControl,AwayPowerplay,4v5,True,True,HomeTeamZone,"-8.7,13","-10,-5.9",,,,,,,,,,,,,,,,,,,,,,,,,AwayControl,AwayTeamZone,AwayTeamZone,,,,,150983.0,310806.0,888057861.0,308175.0,309618.0,154648.0,888057604.0,888057605.0,888057597.0,888057607.0,888057608.0,,#29 Sandro Aeschlimann,#12 Enzo Guebey,#47 Leonid Komarov,#77 Nico Gross,#66 Valentin Nussbaumer,#96 Chris Egli,#2 Gavin McCartthy,#25 Abram Wiebe,#30 Adam Gajan,#22 Cole Knuble,#11 Danny Nelson,,Away,Away,Away,Away,Away,Away,Home,Home,Home,Home,Home,,"24.6,0.3","-8,12.4","-22,2.7","-17.3,-5.6","-8.2,-2.3","-20.7,14.1","-21.3,7.9","-24,1.8","-25.7,0","-16.7,0.5","-13.8,9.2",,,,,,,,,,,,,,,,,,,,,,,,,,AwayPowerplay,True,False,4.0
3,1174,1767187972860,PuckControl,AwayPowerplay,4v5,True,True,HomeTeamZone,"-10,-5.9","-9.7,-11.3",309618.0,#66 Valentin Nussbaumer,Away,,,,,,,,,,,,,,,,,,,,,,AwayControl,AwayTeamZone,AwayTeamZone,,,,309618,150983.0,310806.0,888057861.0,308175.0,309618.0,154648.0,888057604.0,888057605.0,888057597.0,888057607.0,888057608.0,,#29 Sandro Aeschlimann,#12 Enzo Guebey,#47 Leonid Komarov,#77 Nico Gross,#66 Valentin Nussbaumer,#96 Chris Egli,#2 Gavin McCartthy,#25 Abram Wiebe,#30 Adam Gajan,#22 Cole Knuble,#11 Danny Nelson,,Away,Away,Away,Away,Away,Away,Home,Home,Home,Home,Home,,"24.6,0.2","-7.5,8.9","-20.6,-0.1","-20.4,-6.6","-9.3,-6.4","-18.5,12.6","-19.8,6.2","-22.2,0.3","-25.5,-0.2","-14.4,-2.2","-12.5,7.8",,,,,,,,,,,,,,,,,,,,,,,,,,AwayPowerplay,True,False,4.0
3,1175,1767187974020,Pass,AwayPowerplay,4v5,True,True,HomeTeamZone,"-9.6,-11.2","-20.6,-12.2",309618.0,#66 Valentin Nussbaumer,Away,308175.0,#77 Nico Gross,Away,,,,,,,,Successful,19.9,,,,,,,,,,,,,,,,"309618,308175",150983.0,310806.0,888057861.0,308175.0,309618.0,154648.0,888057604.0,888057605.0,888057597.0,888057607.0,888057608.0,,#29 Sandro Aeschlimann,#12 Enzo Guebey,#47 Leonid Komarov,#77 Nico Gross,#66 Valentin Nussbaumer,#96 Chris Egli,#2 Gavin McCartthy,#25 Abram Wiebe,#30 Adam Gajan,#22 Cole Knuble,#11 Danny Nelson,,Away,Away,Away,Away,Away,Away,Home,Home,Home,Home,Home,,"24.9,0.2","-7.2,2.8","-19.7,-3.2","-21.3,-10.8","-9.3,-10.7","-17.3,9.8","-19.6,3.5","-21.7,-3.7","-25.3,-0.7","-12.1,-7.3","-13.5,4.4",,0.296,5.509,2.919,4.03,3.066,2.509,2.083,4.466,0.622,4.676,3.858,,"0.837,-0.547","0.057,-0.998","0.144,-0.99","-0.143,-0.99","-0.034,-0.999","0.397,-0.918","-0.036,-0.999","-0.075,-0.997","-0.932,0.362","0.192,-0.981","0.011,-1",,AwayPowerplay,True,False,4.0
3,1175,1767187974040,PuckControl,AwayPowerplay,4v5,True,True,HomeTeamZone,"-9.7,-11.3","-20.6,-12.2",,,,,,,,,,,,,,,,,,,,,,,,,AwayControl,AwayTeamZone,AwayTeamZone,,,,,150983.0,310806.0,888057861.0,308175.0,309618.0,154648.0,888057604.0,888057605.0,888057597.0,888057607.0,888057608.0,,#29 Sandro Aeschlimann,#12 Enzo Guebey,#47 Leonid Komarov,#77 Nico Gross,#66 Valentin Nussbaumer,#96 Chris Egli,#2 Gavin McCartthy,#25 Abram Wiebe,#30 Adam Gajan,#22 Cole Knuble,#11 Danny Nelson,,Away,Away,Away,Away,Away,Away,Home,Home,Home,Home,Home,,"24.9,0.2","-7.2,2.7","-19.7,-3.3","-21.3,-10.9","-9.3,-10.7","-17.3,9.7","-19.6,3.4","-21.7,-3.8","-25.3,-0.7","-12.1,-7.4","-13.5,4.3",,,,,,,,,,,,,,,,,,,,,,,,,,AwayPowerplay,True,False,4.0
3,1176,1767187974640,PuckControl,AwayPowerplay,4v5,True,True,HomeTeamZone,"-20.6,-12.2","-17.7,-14.9",308175.0,#77 Nico Gross,Away,,,,,,,,,,,,,,,,,,,,,,AwayControl,AwayTeamZone,AwayTeamZone,,,,308175,150983.0,310806.0,888057861.0,308175.0,309618.0,154648.0,888057604.0,888057605.0,888057597.0,888057607.0,888057608.0,,#29 Sandro Aeschlimann,#12 Enzo Guebey,#47 Leonid Komarov,#77 Nico Gross,#66 Valentin Nussbaumer,#96 Chris Egli,#2 Gavin McCartthy,#25 Abram Wiebe,#30 Adam Gajan,#22 Cole Knuble,#11 Danny Nelson,,Away,Away,Away,Away,Away,Away,Home,Home,Home,Home,Home,,"25.2,0","-7.1,-0.3","-20,-5.1","-21.5,-12.9","-9,-12.4","-17.2,8.4","-20,2.1","-21.9,-6.9","-26,-0.7","-12.6,-9.6","-13.5,1.9",,,,,,,,,,,,,,,,,,,,,,,,,,AwayPowerplay,True,False,4.0
3,1178,1767187976420,Pass,AwayPowerplay,4v5,True,True,HomeTeamZone,"-17.7,-14.9","-11.6,-14",308175.0,#77 Nico Gross,Away,309618.0,#66 Valentin Nussbaumer,Away,,,,,,,,Successful,10.0,,,,,,,,,,,,,,,,"308175,309618",150983.0,310806.0,888057861.0,308175.0,309618.0,154648.0,888057604.0,888057605.0,888057597.0,888057607.0,888057608.0,,#29 Sandro Aeschlimann,#12 Enzo Guebey,#47 Leonid Komarov,#77 Nico Gross,#66 Valentin Nussbaumer,#96 Chris Egli,#2 Gavin McCartthy,#25 Abram Wiebe,#30 Adam Gajan,#22 Cole Knuble,#11 Danny Nelson,,Away,Away,Away,Away,Away,Away,Home,Home,Home,Home,Home,,"25.8,0.4","-7.1,1.3","-24.7,-6.6","-19.1,-14","-8.7,-13.9","-18.9,7.1","-21.8,-2.1","-20.9,-9.6","-26.1,-0.5","-16.9,-7.7","-15,-0.8",,0.767,2.835,2.225,0.84,0.622,0.197,0.877,2.165,0.129,1.236,1.072,,"-0.436,-0.9","-0.298,0.955","-0.999,-0.037","0.999,0.044","-0.861,-0.508","-0.7,0.714","0.042,-0.999","0.052,0.999","-0.848,-0.531","0.417,0.909","-0.962,-0.272",,AwayPowerplay,True,False,4.0
3,1178,1767187976440,PuckControl,AwayPowerplay,4v5,True,True,HomeTeamZone,"-17.7,-14.9","-11.6,-14",,,,,,,,,,,,,,,,,,,,,,,,,AwayControl,AwayTeamZone,AwayTeamZone,,,,,150983.0,310806.0,888057861.0,308175.0,309618.0,154648.0,888057604.0,888057605.0,888057597.0,888057607.0,888057608.0,,#29 Sandro Aeschlimann,#12 Enzo Guebey,#47 Leonid Komarov,#77 Nico Gross,#66 Valentin Nussbaumer,#96 Chris Egli,#2 Gavin McCartthy,#25 Abram Wiebe,#30 Adam Gajan,#22 Cole Knuble,#11 Danny Nelson,,Away,Away,Away,Away,Away,Away,Home,Home,Home,Home,Home,,"25.8,0.4","-7.1,1.4","-24.7,-6.6","-19.1,-14","-8.7,-13.9","-18.9,7.1","-21.8,-2.1","-20.9,-9.5","-26.1,-0.5","-16.9,-7.6","-15.1,-0.8",,,,,,,,,,,,,,,,,,,,,,,,,,AwayPowerplay,True,False,4.0
3,1179,1767187977160,PuckControl,AwayPowerplay,4v5,True,True,HomeTeamZone,"-11.6,-14","-8,-6",309618.0,#66 Valentin Nussbaumer,Away,,,,,,,,,,,,,,,,,,,,,,AwayControl,AwayTeamZone,AwayTeamZone,,,,309618,150983.0,310806.0,888057861.0,308175.0,309618.0,154648.0,888057604.0,888057605.0,888057597.0,888057607.0,888057608.0,,#29 Sandro Aeschlimann,#12 Enzo Guebey,#47 Leonid Komarov,#77 Nico Gross,#66 Valentin Nussbaumer,#96 Chris Egli,#2 Gavin McCartthy,#25 Abram Wiebe,#30 Adam Gajan,#22 Cole Knuble,#11 Danny Nelson,,Away,Away,Away,Away,Away,Away,Home,Home,Home,Home,Home,,"25.9,0.4","-7.9,3.1","-25.6,-5.8","-18.8,-14.3","-9.7,-14.4","-19.1,7","-21.6,-2.1","-21.4,-8.2","-25.8,-0.7","-15.6,-7.9","-15.3,-0.7",,,,,,,,,,,,,,,,,,,,,,,,,,AwayPowerplay,True,False,4.0
3,1182,1767187980840,Pass,AwayPowerplay,4v5,True,True,HomeTeamZone,"-8,-6.1","-20.9,10.4",309618.0,#66 Valentin Nussbaumer,Away,154648.0,#96 Chris Egli,Away,,,,,,,,Successful,24.9,,,,,,,,,,,,,,,,"309618,154648",150983.0,310806.0,888057861.0,308175.0,309618.0,154648.0,888057604.0,888057605.0,888057597.0,888057607.0,888057608.0,,#29 Sandro Aeschlimann,#12 Enzo Guebey,#47 Leonid Komarov,#77 Nico Gross,#66 Valentin Nussbaumer,#96 Chris Egli,#2 Gavin McCartthy,#25 Abram Wiebe,#30 Adam Gajan,#22 Cole Knuble,#11 Danny Nelson,,Away,Away,Away,Away,Away,Away,Home,Home,Home,Home,Home,,"26,0.3","-9,8.3","-23.8,0","-8.3,-13.1","-8,-6.7","-18.7,9.9","-20.5,0.6","-19.9,-5.8","-25.4,-0.3","-11,-8.2","-12.3,0.9",,0.368,3.118,1.177,3.755,6.01,2.186,1.102,1.511,0.691,5.968,1.479,,"0.941,-0.34","-0.47,0.883","0.775,0.632","0.968,0.252","-0.24,0.971","-0.858,0.513","-0.136,0.991","0.554,0.832","-0.829,-0.559","0.2,0.98","0.996,0.087",,AwayPowerplay,True,False,4.0
3,1182,1767187980860,PuckControl,AwayPowerplay,4v5,True,True,HomeTeamZone,"-8,-6","-20.9,10.4",,,,,,,,,,,,,,,,,,,,,,,,,AwayControl,AwayTeamZone,AwayTeamZone,,,,,150983.0,310806.0,888057861.0,308175.0,309618.0,154648.0,888057604.0,888057605.0,888057597.0,888057607.0,888057608.0,,#29 Sandro Aeschlimann,#12 Enzo Guebey,#47 Leonid Komarov,#77 Nico Gross,#66 Valentin Nussbaumer,#96 Chris Egli,#2 Gavin McCartthy,#25 Abram Wiebe,#30 Adam Gajan,#22 Cole Knuble,#11 Danny Nelson,,Away,Away,Away,Away,Away,Away,Home,Home,Home,Home,Home,,"26,0.3","-9,8.4","-23.8,0","-8.2,-13.1","-8,-6.6","-18.7,9.9","-20.5,0.6","-19.9,-5.8","-25.4,-0.4","-11,-8.1","-12.2,0.9",,,,,,,,,,,,,,,,,,,,,,,,,,AwayPowerplay,True,False,4.0
3,1183,1767187981860,PuckControl,AwayPowerplay,4v5,True,True,HomeTeamZone,"-20.9,10.4","-17.8,12",154648.0,#96 Chris Egli,Away,,,,,,,,,,,,,,,,,,,,,,AwayControl,AwayTeamZone,AwayTeamZone,,,,154648,150983.0,310806.0,888057861.0,308175.0,309618.0,154648.0,888057604.0,888057605.0,888057597.0,888057607.0,888057608.0,,#29 Sandro Aeschlimann,#12 Enzo Guebey,#47 Leonid Komarov,#77 Nico Gross,#66 Valentin Nussbaumer,#96 Chris Egli,#2 Gavin McCartthy,#25 Abram Wiebe,#30 Adam Gajan,#22 Cole Knuble,#11 Danny Nelson,,Away,Away,Away,Away,Away,Away,Home,Home,Home,Home,Home,,"26.7,0.3","-10.2,10.8","-23.5,0.5","-6.2,-9.9","-8.6,-0.3","-20.8,11.4","-21.5,2.4","-20.3,-3.9","-25.7,-0.2","-11.8,-2.9","-12.4,0.7",,,,,,,,,,,,,,,,,,,,,,,,,,AwayPowerplay,True,False,4.0
3,1187,1767187985280,Pass,AwayPowerplay,4v5,True,True,HomeTeamZone,"-17.8,12.1","-21.1,-2.2",154648.0,#96 Chris Egli,Away,308175.0,#77 Nico Gross,Away,,,,,,,,Successful,29.7,,,,,,,,,,,,,,,,"154648,308175",150983.0,310806.0,888057861.0,308175.0,309618.0,154648.0,888057604.0,888057605.0,888057597.0,888057607.0,888057608.0,,#29 Sandro Aeschlimann,#12 Enzo Guebey,#47 Leonid Komarov,#77 Nico Gross,#66 Valentin Nussbaumer,#96 Chris Egli,#2 Gavin McCartthy,#25 Abram Wiebe,#30 Adam Gajan,#22 Cole Knuble,#11 Danny Nelson,,Away,Away,Away,Away,Away,Away,Home,Home,Home,Home,Home,,"25.9,0.2","-8.4,7.5","-25.1,3.9","-18.8,-4.5","-10,-2.2","-18.1,13.1","-19.8,7.4","-23.7,1","-25.7,0.3","-17.6,-2.1","-14.7,8.3",,0.08,0.671,0.894,4.162,2.231,1.767,1.388,0.624,0.82,0.502,0.828,,"0.917,0.399","0.618,0.786","-0.865,0.502","-0.787,0.617","-0.128,-0.992","-0.566,-0.825","-0.337,0.942","-0.141,0.99","0.29,-0.957","-0.847,-0.532","-0.686,-0.727",,AwayPowerplay,True,False,4.0
3,1187,1767187985300,PuckControl,AwayPowerplay,4v5,True,True,HomeTeamZone,"-17.8,12","-21.1,-2.2",,,,,,,,,,,,,,,,,,,,,,,,,AwayControl,AwayTeamZone,AwayTeamZone,,,,,150983.0,310806.0,888057861.0,308175.0,309618.0,154648.0,888057604.0,888057605.0,888057597.0,888057607.0,888057608.0,,#29 Sandro Aeschlimann,#12 Enzo Guebey,#47 Leonid Komarov,#77 Nico Gross,#66 Valentin Nussbaumer,#96 Chris Egli,#2 Gavin McCartthy,#25 Abram Wiebe,#30 Adam Gajan,#22 Cole Knuble,#11 Danny Nelson,,Away,Away,Away,Away,Away,Away,Home,Home,Home,Home,Home,,"25.9,0.2","-8.4,7.5","-25.1,3.9","-18.9,-4.4","-10,-2.2","-18.1,13.1","-19.8,7.4","-23.7,1","-25.7,0.3","-17.6,-2.1","-14.7,8.2",,,,,,,,,,,,,,,,,,,,,,,,,,AwayPowerplay,True,False,4.0
3,1187,1767187985880,Shot,AwayPowerplay,4v5,True,True,HomeTeamZone,"-21.1,-2.2",,308175.0,#77 Nico Gross,Away,888057597.0,#30 Adam Gajan,Home,,Missed,68.3,,0.235,,,,,,,,,,,,,,,,,,,,"308175,888057597",150983.0,310806.0,888057861.0,308175.0,309618.0,154648.0,888057604.0,888057605.0,888057597.0,888057607.0,888057608.0,,#29 Sandro Aeschlimann,#12 Enzo Guebey,#47 Leonid Komarov,#77 Nico Gross,#66 Valentin Nussbaumer,#96 Chris Egli,#2 Gavin McCartthy,#25 Abram Wiebe,#30 Adam Gajan,#22 Cole Knuble,#11 Danny Nelson,,Away,Away,Away,Away,Away,Away,Home,Home,Home,Home,Home,,"25.8,0.2","-8.4,8.2","-25.2,3.5","-20.7,-3.3","-10.3,-3.6","-18,12","-20.1,7.8","-23.4,1.2","-25.9,-0.1","-18.4,-2","-15.3,7.9",,0.592,1.16,1.405,3.58,2.758,2.401,0.646,1.101,0.623,2.524,1.778,,"-0.969,0.249","-0.096,0.995","0.58,-0.815","-0.941,0.338","-0.181,-0.983","0.561,-0.828","-0.938,-0.346","0.991,0.133","-0.764,-0.645","-0.933,0.359","-0.894,-0.448",,AwayPowerplay,True,False,4.0
3,1187,1767187985880,PuckControl,AwayPowerplay,4v5,True,True,HomeTeamZone,"-21.1,-2.2","-21.3,-2.1",308175.0,#77 Nico Gross,Away,,,,,,,,,,,,,,,,,,,,,,AwayControl,AwayTeamZone,AwayTeamZone,,,,308175,150983.0,310806.0,888057861.0,308175.0,309618.0,154648.0,888057604.0,888057605.0,888057597.0,888057607.0,888057608.0,,#29 Sandro Aeschlimann,#12 Enzo Guebey,#47 Leonid Komarov,#77 Nico Gross,#66 Valentin Nussbaumer,#96 Chris Egli,#2 Gavin McCartthy,#25 Abram Wiebe,#30 Adam Gajan,#22 Cole Knuble,#11 Danny Nelson,,Away,Away,Away,Away,Away,Away,Home,Home,Home,Home,Home,,"25.8,0.2","-8.4,8.2","-25.2,3.5","-20.7,-3.3","-10.3,-3.6","-18,12","-20.1,7.8","-23.4,1.2","-25.9,-0.1","-18.4,-2","-15.3,7.9",,,,,,,,,,,,,,,,,,,,,,,,,,AwayPowerplay,True,False,4.0
3,1187,1767187985900,PuckControl,AwayPowerplay,4v5,True,True,HomeTeamZone,"-21.3,-2.1","-19.8,14.9",,,,,,,,,,,,,,,,,,,,,,,,,Loose,AwayTeamZone,AwayTeamZone,,,,,150983.0,310806.0,888057861.0,308175.0,309618.0,154648.0,888057604.0,888057605.0,888057597.0,888057607.0,888057608.0,,#29 Sandro Aeschlimann,#12 Enzo Guebey,#47 Leonid Komarov,#77 Nico Gross,#66 Valentin Nussbaumer,#96 Chris Egli,#2 Gavin McCartthy,#25 Abram Wiebe,#30 Adam Gajan,#22 Cole Knuble,#11 Danny Nelson,,Away,Away,Away,Away,Away,Away,Home,Home,Home,Home,Home,,"25.8,0.2","-8.4,8.3","-25.2,3.5","-20.8,-3.2","-10.3,-3.7","-18,11.9","-20.2,7.8","-23.4,1.2","-25.9,-0.2","-18.5,-2","-15.4,7.9",,,,,,,,,,,,,,,,,,,,,,,,,,AwayPowerplay,True,False,4.0
